gene_id	primary_log2FC	primary_FDR	primary_I2	scenarios_completed	same_direction_all	passes_primary_rule_all	min_log2FC	max_log2FC	max_FDR	min_I2	max_I2	any_prediction_interval_crosses_zero
"10"	-2.1160428478964	0.0475821076926532	92.4032572752838	6	TRUE	FALSE	-2.52679939236883	-1.90823873426218	0.140582673799686	72.2109661124376	94.8667099109041	TRUE
"10067"	0.722794317452814	0.035357906114152	82.3026486838981	6	TRUE	FALSE	0.659232203137035	0.829593278656208	0.125168489409518	35.0138872172132	88.6103032998511	TRUE
"10130"	0.691979499888907	0.0214610914486807	48.031974673812	6	TRUE	FALSE	0.600561806851059	0.737255979690772	0.0799142723648224	0	58.2329679059793	FALSE
"10144"	-0.954015186631262	0.0158016047388783	54.9857481357503	6	TRUE	FALSE	-1.02452198303656	-0.922044194591132	0.0782033442437191	0	63.017482528352	FALSE
"10171"	-1.12620823977202	0.03284577080165	83.0289872104415	6	TRUE	FALSE	-1.26805705879013	-1.0247752552325	0.114983897019605	64.8475198863544	88.7757564569853	TRUE
"10189"	0.592347798152028	0.0363612455553973	82.3230834345112	6	TRUE	FALSE	0.520553806772607	0.667478595300486	0.110464244440663	65.2404897871225	86.6375554883545	TRUE
"10196"	0.756697587960157	0.0160917557752165	32.8947681676467	6	TRUE	FALSE	0.697147397978754	0.810750036152047	0.0781152423236345	0	44.6915736197352	FALSE
"10212"	0.867147313837141	0.0115802536922153	0	6	TRUE	FALSE	0.831341238272305	0.919766806668481	0.0617172421892558	0	2.3033223928561	FALSE
"10247"	-0.922277551263526	0.0201275389410464	45.8475509045109	6	TRUE	FALSE	-0.972482533494634	-0.816644135030351	0.0873435643524199	0	58.1821754512025	FALSE
"10351"	-1.07464041014092	0.0417358007106564	89.2521313168986	6	TRUE	FALSE	-1.18822567667647	-0.947664577041866	0.132537665985449	40.2228467686066	92.2252341064415	TRUE
"10365"	-0.689139363311842	0.0455525593600339	77.7519117382391	6	TRUE	FALSE	-0.786563882620376	-0.604387568989947	0.133008554721737	62.1275201784217	83.0264533646899	TRUE
"10376"	0.863244245163732	0.0270694017806083	76.0330669434695	6	TRUE	FALSE	0.782946662181788	0.96903457407071	0.106906826061232	45.4901779875824	81.2884614857105	TRUE
"10402"	-1.03513951528262	0.0294523728326812	81.740453047666	6	TRUE	FALSE	-1.16733826501113	-0.923651306101463	0.108193304557885	59.5877866447378	87.2126134096452	TRUE
"10404"	0.587313486987667	0.044161421281225	70.8960992810197	6	TRUE	FALSE	0.497308747607633	0.666528931812135	0.139817554410907	46.0541220321415	77.6042204638854	TRUE
"10430"	0.785625996404182	0.0197605699195567	30.5528629131384	6	TRUE	FALSE	0.75256395097886	0.833205631395185	0.0946376906007375	0.00328030170692965	53.6796846556003	FALSE
"10449"	-0.805660746209632	0.0329225246412599	65.9958256597965	6	TRUE	FALSE	-0.86853963026134	-0.730987724089637	0.125994584362726	6.68863478529258	76.1379542706793	TRUE
"10473"	0.728546551242466	0.0404752593413406	85.4977113815919	6	TRUE	FALSE	0.668287046314674	0.886597624412802	0.132313822375986	0	89.9642661008442	TRUE
"10584"	-1.12091144735805	0.0384589652605361	91.8434002639606	6	TRUE	FALSE	-1.26715970297169	-0.97099594028329	0.124602290565583	88.1944536984366	94.2005566235095	TRUE
"10613"	-0.63997475519628	0.01826882088407	40.0662291868762	6	TRUE	FALSE	-0.709310960009645	-0.594643472763269	0.081392558490453	0	50.3833426333587	FALSE
"1063"	0.920864484743691	0.0193055366359518	57.2642263612098	6	TRUE	FALSE	0.861565629071822	1.00041014958845	0.0860891985252871	8.92880559287832	75.4636121557678	FALSE
"10643"	1.21678999697816	0.0107256483335024	0	6	TRUE	FALSE	1.18385706572824	1.25523709356431	0.0617172421892558	0	0	FALSE
"10653"	-0.590344777288256	0.0394061194875442	0	6	TRUE	FALSE	-0.647064623537261	-0.508913414647549	0.127793945053718	0	6.58221470965766	FALSE
"10747"	-0.945356655392682	0.0285548138391325	36.5532470058568	6	TRUE	FALSE	-1.02173829190607	-0.881075465684447	0.131499306624057	0.00173863131947738	61.1714515011892	TRUE
"10841"	-1.34604611962437	0.0398601464367114	81.9964533593073	6	TRUE	FALSE	-1.45226652872849	-1.24287182689731	0.140582673799686	43.9050168859401	89.2277839567188	TRUE
"10878"	-1.3577497442368	0.0245956291512756	53.4349412120879	6	TRUE	FALSE	-1.47457196874837	-1.2116249464497	0.100006407082852	0	64.3595076008994	TRUE
"10894"	-1.43954182815298	0.0351386340131252	87.330853824199	6	TRUE	FALSE	-1.57736818290982	-1.2665571273268	0.125712297421158	70.3296388606731	90.7023822967512	TRUE
"10923"	0.600168043980239	0.0273291652661832	65.3965693581465	6	TRUE	FALSE	0.520703596265987	0.66402214905544	0.106064010573363	20.8671194011059	75.6452614511508	TRUE
"10963"	0.639640413373651	0.0385018662795669	85.2915393741508	6	TRUE	FALSE	0.562274171077846	0.711071234220424	0.125435048282439	53.5921897284418	88.9148540550275	TRUE
"10974"	-1.67336498909767	0.02933888309067	50.0756653646498	6	TRUE	FALSE	-1.83801894963052	-1.57529750010081	0.116086129605616	0.00232658754956354	63.4499215368235	TRUE
"10979"	-0.688396909037766	0.0115802536922153	0	6	TRUE	FALSE	-0.717089354021223	-0.669422647259434	0.0659667304156743	0	0	FALSE
"10990"	-0.717900718511185	0.0477254595732651	91.9447724520407	6	TRUE	FALSE	-0.835037170062477	-0.632137453676099	0.141422393789866	86.0241027592478	94.0930919191736	TRUE
"11004"	0.753661922004625	0.0123928879613051	0.00926083516612286	6	TRUE	FALSE	0.729821924767665	0.771011531993662	0.0658249026257098	0.00117664428089946	0.0288049949743009	FALSE
"11145"	-0.907363746654007	0.0331119142209867	83.3988449395271	6	TRUE	FALSE	-1.04042559382246	-0.823293831177531	0.113774253737299	64.7548079472692	88.2796238579152	TRUE
"11185"	-1.39564718387129	0.0468120451304627	90.5347466586384	6	TRUE	FALSE	-1.62812041060845	-1.1921621755624	0.132732882034788	82.4789278157139	92.2940900460031	TRUE
"112483"	-0.723303635675324	0.0192060376209246	45.748245603239	6	TRUE	FALSE	-0.796180007394995	-0.633152558970387	0.0682539868792236	0	57.5624408113875	FALSE
"112770"	0.865261310003239	0.0107256483335024	0	6	TRUE	FALSE	0.820822229927531	0.886440362652079	0.0617172421892558	0	0	FALSE
"112817"	-1.42909110909374	0.0243463972657534	73.9423911817381	6	TRUE	FALSE	-1.53438259433851	-1.34286188737146	0.101977886720831	27.7594164172155	82.9156438753353	TRUE
"11311"	0.630212054438996	0.0463054557231985	88.8920296012556	6	TRUE	FALSE	0.501921510289387	0.718387475944016	0.13794143033087	66.9956865805045	91.8935521648714	TRUE
"113130"	1.20905950423708	0.0201881519180196	70.3622705715294	6	TRUE	FALSE	1.12655100183793	1.32407086090586	0.0904412266476103	4.05184991571156	77.9210267443652	FALSE
"113675"	-0.628000474056185	0.0351386340131252	18.6621145756229	6	TRUE	FALSE	-0.724602855832347	-0.59983530812718	0.13208807877508	0	38.0321000751463	TRUE
"114897"	-0.711767025393906	0.0255756165411768	81.247055378173	6	TRUE	FALSE	-0.781148475967299	-0.641600425352891	0.090583910005686	69.1330289288357	86.0745268080175	TRUE
"115353"	0.637937177006998	0.0338071787206911	58.2444214655321	6	TRUE	FALSE	0.5823372937364	0.697219294980857	0.124066002522679	36.1975509623514	72.982004970163	TRUE
"116238"	0.838440119015045	0.0265892017403729	52.3895038898417	6	TRUE	FALSE	0.753221838365131	0.920001760571827	0.096156685672717	22.8222300618234	63.4841971366381	FALSE
"1163"	1.16658624896275	0.0179356699323808	66.45482485411	6	TRUE	FALSE	1.01912054497668	1.24674413656946	0.063507903780061	0	75.0442751959244	FALSE
"116842"	-0.745261173018316	0.03325613161994	42.3055099660864	6	TRUE	FALSE	-0.821015006777478	-0.672811115042364	0.129189967973463	0	63.4165621805356	TRUE
"119467"	-2.22024558298603	0.0302527384288224	76.278033820261	6	TRUE	FALSE	-2.42298230874116	-1.82490536292368	0.102510109857619	0	83.3410976186939	TRUE
"123264"	0.654242979090132	0.0302677397227601	45.1289816418858	6	TRUE	FALSE	0.57947704804103	0.786570776434312	0.107731840297426	0	55.4289217312906	TRUE
"123879"	-0.681661177023691	0.0127759792996141	37.8602598026333	6	TRUE	FALSE	-0.695421358461056	-0.638771332286643	0.0617172421892558	0	49.1632513572782	FALSE
"124"	-1.16139295462948	0.0443988379115687	71.6126079176	6	TRUE	FALSE	-1.3187319798929	-1.00966754437899	0.137195386010241	39.1714745155869	78.0694489125997	TRUE
"124936"	-0.747029587128837	0.0107256483335024	0	6	TRUE	FALSE	-0.785161176587711	-0.729892561839998	0.0617172421892558	0	0	FALSE
"126"	-1.87016915563914	0.0192060376209246	0	6	TRUE	FALSE	-2.02448684679071	-1.75147082503227	0.0971796518837971	0	50.2842766397293	FALSE
"126382"	0.60502833523762	0.0189508407128152	0.0441445871686039	6	TRUE	FALSE	0.59196469511333	0.651822891363195	0.0907510090532284	0	35.1937813533345	FALSE
"126969"	0.727744620306143	0.015234192590746	0	6	TRUE	FALSE	0.674371915080886	0.796248422055736	0.0793370433377544	0	9.51516924977776	FALSE
"128061"	0.618204699939207	0.0107256483335024	0	6	TRUE	FALSE	0.60939155421526	0.632326465589171	0.0622985093653561	0	0	FALSE
"128240"	0.783555410334113	0.0243463972657534	73.4295237125815	6	TRUE	FALSE	0.647996213104703	0.853582624344836	0.0816113405922152	0	80.82028800033	TRUE
"128346"	-1.0024802936337	0.038466853844165	73.5038209061485	6	TRUE	FALSE	-1.10760783911017	-0.879444989973512	0.116648952401391	40.4854117708339	81.2829613968409	TRUE
"129531"	0.595438001816836	0.0226740972051733	50.974407424055	6	TRUE	FALSE	0.525201746431189	0.645904047513302	0.0944745934901456	0	65.273799962478	FALSE
"130"	-1.18143324900199	0.0204871019546206	47.5714066466307	6	TRUE	FALSE	-1.29438284596094	-1.10605908335298	0.10137462680043	0.00223865625808665	69.612019085005	TRUE
"132158"	-0.637961728728784	0.0385018662795669	34.5197895161296	6	TRUE	FALSE	-0.694922518669079	-0.575692981006337	0.140793988837673	0.0170528927910072	54.9972547176742	TRUE
"132671"	-0.756710316031603	0.025622457923278	76.6556884924882	6	TRUE	FALSE	-0.864926279738858	-0.702570855672595	0.104392687174952	0	82.584323649653	TRUE
"133686"	-0.714056252356545	0.0202537951366368	0.0126110609837664	6	TRUE	FALSE	-0.736448209609667	-0.66870511587588	0.105048317174859	0	0.0169354184887433	FALSE
"134526"	-1.1225130085351	0.0192060376209246	0	6	TRUE	FALSE	-1.26167903835464	-1.05532527029833	0.0971796518837971	0	36.4877367506004	FALSE
"134548"	0.786257843673467	0.0231664314071635	0.0164987526018114	6	TRUE	FALSE	0.753490006214896	0.855348813295367	0.102254031353629	0.000171232582396122	18.4519496867273	FALSE
"1369"	-0.642231123835482	0.0284303245428039	31.4160601662401	6	TRUE	FALSE	-0.709149713517726	-0.570692735758194	0.122734422078789	0	49.6138374972167	TRUE
"1373"	-1.07617466464764	0.0378143586112641	34.9806058996058	6	TRUE	FALSE	-1.26302908225952	-1.00214230922115	0.129835489317995	0.00126428556117475	42.8003925436318	TRUE
"140809"	1.1520181734584	0.019055912442021	41.3944428043262	6	TRUE	FALSE	1.06866627530754	1.24878466901703	0.0811120916101908	0	54.3728818775121	FALSE
"140828"	-0.881509426654241	0.0331473260826734	33.1618145990477	6	TRUE	FALSE	-0.940292677006495	-0.8062059052278	0.140809629130594	0.000212500510921188	68.8440450495658	TRUE
"142"	0.606548317645185	0.0359856582262706	80.0970956195768	6	TRUE	FALSE	0.5462508196967	0.70538787601594	0.120185824088649	37.8761623749743	86.1524981591384	TRUE
"143941"	-2.32571088864602	0.0385049319461766	95.7028090640233	6	TRUE	FALSE	-2.63708674700669	-2.14273448047499	0.12044967411795	85.78559661533	97.0141982821906	TRUE
"144193"	-1.23683820694359	0.0438556324401874	76.4980644079292	6	TRUE	FALSE	-1.37144268463359	-1.05174553533405	0.139629654065889	0.00490242571067846	81.1981990515159	TRUE
"144363"	-0.627337478422432	0.0226928507758394	42.609882918311	6	TRUE	FALSE	-0.663315573619031	-0.56965427819507	0.102362020157437	0	60.0796540758856	FALSE
"150468"	0.91023848573921	0.0444167791768675	84.1623480501083	6	TRUE	FALSE	0.793548129123179	1.01965028478829	0.133878707943376	77.0668504451956	87.9268702686878	TRUE
"154467"	0.592316425299329	0.0189508407128152	39.9092594213181	6	TRUE	FALSE	0.533416410315201	0.645666463685053	0.0799142723648224	3.27813604710286	49.9082456546234	FALSE
"154661"	-0.952996989696355	0.037290842144754	60.2761719823799	6	TRUE	FALSE	-1.02875585647873	-0.841780416067032	0.135537978797768	0	70.6006003728891	TRUE
"1548"	-2.54231700046073	0.023434351427024	29.2161143903515	6	TRUE	FALSE	-2.62816287392699	-2.32795564314459	0.113718468515087	0	48.7816114721338	FALSE
"1557"	-1.18712073425778	0.0476605195041904	79.1955260030846	6	TRUE	FALSE	-1.29275937097506	-0.950284699003724	0.139649835726302	0.00360739067589607	86.6356131683511	TRUE
"1559"	-1.7035066795717	0.0192060376209246	30.6376567941775	6	TRUE	FALSE	-1.80404212449519	-1.55664605565872	0.118999689499615	0.00901063116560155	78.4317425186236	TRUE
"161247"	-0.76316598378069	0.0328980491115953	80.6768245133286	6	TRUE	FALSE	-0.869686388401028	-0.689238307381507	0.117270497323866	0	85.6242272432314	TRUE
"1634"	-1.48801011651214	0.0250136304978569	60.340047517167	6	TRUE	FALSE	-1.54134885095691	-1.40505217996511	0.125712297421158	0.000917327327038819	89.2450590100198	TRUE
"1647"	-0.884609656029625	0.0209174434440978	29.278903970355	6	TRUE	FALSE	-0.963568266777097	-0.849680440469566	0.0971796518837971	0	54.306645737387	FALSE
"166785"	-0.653835674535683	0.0287343359437929	64.7288807192312	6	TRUE	FALSE	-0.702278997860145	-0.615737105915414	0.106639201117624	34.8405706130174	79.7411127005266	TRUE
"170712"	1.28182303563469	0.0206186098478502	0	6	TRUE	FALSE	1.1609765258143	1.35577518713534	0.0944745934901456	0	18.2380670649546	FALSE
"171425"	-0.694694437270741	0.0115802536922153	0	6	TRUE	FALSE	-0.708755480972882	-0.669221816461342	0.0639313101161539	0	0	FALSE
"1723"	-0.623022601426404	0.0296167478647228	44.110038045949	6	TRUE	FALSE	-0.663210822472002	-0.561850716149713	0.118384218065274	0.0114987911315731	63.4583452254343	TRUE
"1776"	-1.76942530814855	0.0418973475000115	95.2982849539781	6	TRUE	FALSE	-2.10337278990224	-1.59335717162301	0.123814878329939	49.3080770053699	96.5930223678443	TRUE
"1786"	0.710644546958904	0.023434351427024	59.800233449171	6	TRUE	FALSE	0.659802363623335	0.818717385999987	0.0944745934901456	0	69.1902284516458	TRUE
"187"	-0.636186170364772	0.0243463972657534	32.6996134607519	6	TRUE	FALSE	-0.678323679704125	-0.568167908913346	0.0845187365695279	0	45.4512352066606	FALSE
"1893"	-1.48616825369422	0.0416629427462599	95.8287555189496	6	TRUE	FALSE	-1.73472116011941	-1.37207259305096	0.129920062383091	79.6769384805367	96.9844575852578	TRUE
"1958"	-1.60669261813708	0.0435654317396721	90.7166037543061	6	TRUE	FALSE	-1.97871123774235	-1.45670877625455	0.133710362275968	0.00647640467743593	93.2601879369118	TRUE
"1969"	-0.758404783501373	0.0443988379115687	88.3423071259053	6	TRUE	FALSE	-0.846677788519358	-0.66638215479783	0.138462875170081	52.4337132861865	90.7359084158537	TRUE
"197"	-0.602227522429967	0.0167064636610921	0	6	TRUE	FALSE	-0.635317124838074	-0.571829572491162	0.0800992691422058	0	0	FALSE
"199920"	-0.959441527900755	0.026395845439173	50.307837423532	6	TRUE	FALSE	-1.02037513043189	-0.907071133672357	0.120708068300105	0.00258686172315079	69.0629391599776	FALSE
"200845"	0.626438214653774	0.0115802536922153	0	6	TRUE	FALSE	0.603106942403265	0.667017121277397	0.0617172421892558	0	0	FALSE
"201254"	0.585420339567463	0.0110207519530077	0	6	TRUE	FALSE	0.570241715980977	0.603089167545948	0.0622985093653561	0	0	FALSE
"201799"	-0.741373414196669	0.038466853844165	66.4191534341522	6	TRUE	FALSE	-0.823957580674338	-0.657859482466371	0.133435828805521	44.027084561402	75.5775656536593	TRUE
"201895"	-0.696498990351458	0.0375669709214474	68.5361570809724	6	TRUE	FALSE	-0.76648946678222	-0.604910076222199	0.133853023555007	1.11390877943309	75.134228775367	TRUE
"203068"	0.603657663508493	0.0421600846176225	78.9848174612648	6	TRUE	FALSE	0.556289079843967	0.689978708774246	0.134078717817037	0	83.2255340559225	TRUE
"203111"	0.681837083571612	0.0232306369190073	0	6	TRUE	FALSE	0.643559756996757	0.784794181943101	0.102362020157437	0	2.69160500848608	FALSE
"203427"	0.649368960503364	0.0341332626016155	80.6305019868237	6	TRUE	FALSE	0.553628312885923	0.735145367620101	0.126112375614689	47.5660756969613	86.655548984871	TRUE
"2058"	0.757352059865932	0.011985402737884	8.94234223388087	6	TRUE	FALSE	0.737942792303766	0.806983300130656	0.0659667304156743	0	27.2973444604521	FALSE
"2114"	-0.728701388513261	0.032509720331531	68.1964888000085	6	TRUE	FALSE	-0.803712020147004	-0.690014175563997	0.116234200820158	0	75.7845893453042	TRUE
"2147"	-0.723000723313057	0.0215047543954605	0.00701226011792613	6	TRUE	FALSE	-0.750004615651385	-0.637373281030762	0.208151873827714	0	82.1466893132441	TRUE
"2160"	-0.809096291542939	0.0235541760066957	39.6919635162287	6	TRUE	FALSE	-0.864831710789953	-0.761908122721177	0.108647136086506	28.9035921873484	51.6173738989669	FALSE
"217"	-1.194154974892	0.0297111503173376	75.6325823799578	6	TRUE	FALSE	-1.29117903160455	-1.10612128905482	0.121219108019591	52.4023146456358	83.6520142178623	TRUE
"2180"	-1.26682780646855	0.0115802536922153	0.0179480810313843	6	TRUE	FALSE	-1.29227095984463	-1.23749387896065	0.0752583275615324	0	0.0179480810307532	FALSE
"2184"	-0.662421061517516	0.0192928478820556	0.66424822989672	6	TRUE	FALSE	-0.698531437187527	-0.579742972758848	0.137238888474568	0	67.9711660470301	TRUE
"219"	-0.853027291860324	0.0427890648715499	82.2611615759758	6	TRUE	FALSE	-0.95513428562843	-0.779933306241454	0.13673362808155	71.5018371052939	88.123262376811	TRUE
"2195"	0.90486196658154	0.0158964558365635	6.25871030022741	6	TRUE	FALSE	0.878203568394802	1.02687256271496	0.0771495122257659	0	10.5136206281424	FALSE
"221078"	-0.701021678045437	0.0331473260826734	77.7176129887099	6	TRUE	FALSE	-0.769964823783603	-0.615193212998336	0.118860722122893	45.445190760102	82.2948734493727	TRUE
"221504"	0.624715835448298	0.0202537951366368	63.1790804944997	6	TRUE	FALSE	0.555466083919831	0.66461008286091	0.0826171561918641	5.05477192960641	71.3848051510423	FALSE
"2266"	-0.609406612738417	0.022197228255487	25.1968434932024	6	TRUE	FALSE	-0.652160840907246	-0.555645180464308	0.0999935719626585	0.000237190060459212	43.1125648306446	FALSE
"2267"	-0.650285037335959	0.0461819984108666	19.9049258272142	6	TRUE	FALSE	-0.70095975172163	-0.567061376141038	0.150134049939114	0.000641998456709951	39.9808507503013	TRUE
"22822"	-0.749756055180773	0.0418973475000115	74.7785450080505	6	TRUE	FALSE	-0.857593640847383	-0.668527676653301	0.123983037541458	63.6167738698892	80.5796124223605	TRUE
"22849"	-0.860842263401598	0.0348493189287085	81.1205763938445	6	TRUE	FALSE	-0.9747430719268	-0.774583147741715	0.135024648189586	9.57682611679367	90.6309488931765	TRUE
"22889"	0.666462419152729	0.0304834200669758	67.927137817836	6	TRUE	FALSE	0.618581886846502	0.739457691943091	0.122489341697782	0.0190206518635846	74.3828141963525	TRUE
"22977"	-1.37118154693966	0.0270607022391699	68.4030050604358	6	TRUE	FALSE	-1.48103023810806	-1.17493325173669	0.0927328397949656	0	76.3942121277186	TRUE
"23086"	-0.82744199641843	0.0474749587573854	86.7405462628794	6	TRUE	FALSE	-0.951072491999186	-0.652412252529866	0.140530609978456	58.2568522626297	91.0841110131923	TRUE
"23130"	-0.600384825996351	0.0418973475000115	81.5826920507321	6	TRUE	FALSE	-0.64839467093119	-0.488607673688219	0.118860722122893	0	84.7908091702772	TRUE
"23234"	0.62734229448629	0.0245956291512756	63.5048944334364	6	TRUE	FALSE	0.577839421779144	0.715586101572612	0.0976993315678681	0	71.1342753028813	TRUE
"23240"	-0.797294105975216	0.0107256483335024	0	6	TRUE	FALSE	-0.817816624265273	-0.769795352347973	0.0617172421892558	0	0	FALSE
"23316"	-1.04737220622225	0.0179169203624088	1.86729837360708	6	TRUE	FALSE	-1.14706882777388	-0.995054440311555	0.0893405829471933	0	25.4090262154073	FALSE
"2354"	-2.13804846608782	0.0360323115721519	91.215207154528	6	TRUE	FALSE	-2.62200816498297	-1.97538384577787	0.118745446661701	0	93.539274029522	TRUE
"23557"	0.588661478766796	0.0235541760066957	58.5359487105955	6	TRUE	FALSE	0.506355313392698	0.639043511941871	0.0893405829471933	0.000763916880805229	65.324686974769	FALSE
"23645"	-0.632323846607318	0.0313501630485988	61.4264775398427	6	TRUE	FALSE	-0.684469780968363	-0.574211186687226	0.101826146385207	54.5330297098312	69.9802854931845	TRUE
"23710"	-0.927813587553224	0.0491047427774947	86.5532051186274	6	TRUE	FALSE	-1.11505177707002	-0.831706555474653	0.144003009658357	42.6112519528103	90.5438288243942	TRUE
"23729"	-0.691781920754739	0.020133384569272	70.2405893009427	6	TRUE	FALSE	-0.739141307225497	-0.606766279661798	0.0871231334168898	0	78.0534452176336	FALSE
"24137"	1.12941544547845	0.0421600846176225	91.285032455767	6	TRUE	FALSE	0.978538799661605	1.27031160303851	0.119145160051381	88.5041615077248	93.9075839411931	TRUE
"252839"	0.628784984796789	0.0107256483335024	0	6	TRUE	FALSE	0.610220166417948	0.640548914541076	0.0617172421892558	0	0	FALSE
"252995"	-0.877335213949898	0.0370088281983207	50.1567078338452	6	TRUE	FALSE	-0.987718090179451	-0.732964480934839	0.109566025645017	0	58.8332666122903	TRUE
"2542"	-0.737328664952706	0.0469049727783672	72.3974326256285	6	TRUE	FALSE	-0.819402810856284	-0.634730679675727	0.145007035329153	47.0546966629465	78.5575548442317	TRUE
"254295"	-0.907631361380325	0.0322829974321606	69.7907239204106	6	TRUE	FALSE	-0.997447271773097	-0.761978213022403	0.108066884947506	0	77.5423874869737	TRUE
"254863"	-0.744053403345713	0.0115802536922153	0	6	TRUE	FALSE	-0.770276112594426	-0.724788114056097	0.0622985093653561	0	0	FALSE
"255043"	-0.711562087436147	0.0245955112414832	17.7014342727394	6	TRUE	FALSE	-0.764408715324572	-0.640049631956725	0.112482843424513	0	43.0961003251059	FALSE
"255167"	-0.973290486246649	0.0325188200302475	0	6	TRUE	FALSE	-1.31715001603451	-0.926662209890362	0.172325914872318	0	84.8993393587777	TRUE
"256764"	-0.898714393175533	0.0127759792996141	0	6	TRUE	FALSE	-0.940026545716837	-0.856169903374128	0.0629178810209432	0	0	FALSE
"25854"	-0.930829287139302	0.0343633978980987	78.3090013239453	6	TRUE	FALSE	-1.04528113800604	-0.783873676587286	0.10831840435559	53.9225741845695	84.2863919219298	TRUE
"25891"	-0.974651397760365	0.01826882088407	73.2317940176435	6	TRUE	FALSE	-1.04721704018563	-0.920331848947862	0.0885735462506947	32.3531986116466	79.9190749800845	FALSE
"25903"	0.629426057186168	0.0407090452218885	61.7015453444353	6	TRUE	FALSE	0.557967285567619	0.690625471108362	0.133823760192513	38.3770367137731	72.9485291428766	TRUE
"259266"	1.75681571137616	0.0127759792996141	44.2534994593213	6	TRUE	FALSE	1.6816245263155	1.88120826234483	0.0659667304156743	6.43805449560324e-05	57.5096842718274	FALSE
"25987"	-0.761525907555659	0.0442480793245133	58.7471738270105	6	TRUE	FALSE	-0.869864373611119	-0.609689108738583	0.125268381845837	9.78941064194755	67.1543509987406	TRUE
"26007"	-1.39294328152507	0.0450895138919308	86.8790544605163	6	TRUE	FALSE	-1.52593645034886	-1.19657395343077	0.144039604687403	68.0112669823522	89.736385158462	TRUE
"26022"	0.621009792964563	0.0482249769148412	56.7799155516324	6	TRUE	FALSE	0.530290031573104	0.733312202103199	0.156138046921056	0	68.7726121869779	TRUE
"2617"	0.657003125652263	0.0196395017563344	17.3433250367266	6	TRUE	FALSE	0.638564534519267	0.703409478456751	0.100856888789141	0.00791861698500852	46.9440513437222	FALSE
"26256"	0.610066445255803	0.0379695637786571	48.2562707865529	6	TRUE	FALSE	0.547163522713226	0.696652672494011	0.12184464228855	30.7084465028855	57.1414802695181	TRUE
"2639"	-1.02879496587427	0.0483695809801275	90.340996135183	6	TRUE	FALSE	-1.17599943591058	-0.920960995808503	0.144039604687403	29.255306386344	93.0248883019312	TRUE
"2646"	-1.11481309899654	0.0403714061893813	85.1920831374526	6	TRUE	FALSE	-1.24452250769245	-1.00813878644663	0.13509553439986	47.6392817504865	89.5616612255638	TRUE
"26998"	-0.882625793854712	0.0311681642244962	11.5517533611059	6	TRUE	FALSE	-0.952999264117008	-0.822726733877754	0.157995601681741	0.000319409165568376	64.9611655710797	TRUE
"27141"	-1.11397149852274	0.0273291652661832	56.1406433238712	6	TRUE	FALSE	-1.24590594108338	-1.04790846160471	0.114193092808727	0.00871439981794424	71.3546218087666	TRUE
"27163"	-0.707102022513009	0.0115802536922153	7.68438894276342	6	TRUE	FALSE	-0.747670697074577	-0.684336623349162	0.0617172421892558	0	28.3680209305484	FALSE
"27289"	-0.638003132842401	0.0403714061893813	64.31862884743	6	TRUE	FALSE	-0.733789467171832	-0.580359132637593	0.124830176954858	0	71.4407322784601	TRUE
"2806"	-0.946275158759096	0.0299635747926304	70.6401239535663	6	TRUE	FALSE	-1.00694155097187	-0.876518289242228	0.125168489409518	0	85.8966307123452	TRUE
"282969"	-0.747916363366092	0.018117164584208	0.00447808854480389	6	TRUE	FALSE	-0.778018797198288	-0.722450841761761	0.0826171561918641	0	0.00757229061891845	FALSE
"283377"	-0.93828132567924	0.0173036601171592	43.2921420567231	6	TRUE	FALSE	-1.00189327021915	-0.900774519107799	0.0664546634102035	24.3254226358359	51.6164142889588	FALSE
"283537"	-1.37062712997461	0.0363612455553973	73.517142022401	6	TRUE	FALSE	-1.51082453689718	-1.21463627036639	0.109062161648848	61.7631324688926	80.561216295687	TRUE
"283600"	-2.36726558158015	0.0305563824122931	79.7745511209882	6	TRUE	FALSE	-2.55234451578138	-2.03434031954253	0.111243091565336	0.00448059547254588	89.6337733199791	TRUE
"284013"	-0.645958730229953	0.0344372248974622	86.2595730069223	6	TRUE	FALSE	-0.749013600911437	-0.570769222313937	0.111618681988534	55.6016540207778	89.7155395117211	TRUE
"284018"	0.585575810999466	0.037290842144754	72.5141723023829	6	TRUE	FALSE	0.513849550546022	0.632416457807367	0.135586498109566	0.0726087831037753	78.451661530941	TRUE
"284111"	-1.50488058125036	0.0247451903331154	2.29272144579262	6	TRUE	FALSE	-1.66008781076596	-1.43963014801807	0.126841924143491	0.000151617887080959	40.6626114736628	FALSE
"284422"	-1.81283727683259	0.0239592378310418	45.4400412816456	6	TRUE	FALSE	-1.96687564240715	-1.68504810348198	0.0976993315678681	0	75.9223267978476	FALSE
"284904"	-0.654835702087777	0.0427145952601135	32.4809637048337	6	TRUE	FALSE	-0.726741300429028	-0.595113471765308	0.141442416364272	0.00641144592312846	53.1503024330314	TRUE
"285016"	-0.880497748951084	0.0416629427462599	76.0977960589669	6	TRUE	FALSE	-0.994970487797125	-0.782244885003254	0.122734422078789	64.6350181967028	82.1126646868123	TRUE
"286053"	1.01779324498236	0.0115802536922153	0	6	TRUE	FALSE	0.977404535308077	1.06280855412518	0.0617172421892558	0	9.7916339154451	FALSE
"286410"	-0.590052838254415	0.017723721358359	28.8365921528533	6	TRUE	FALSE	-0.657988290051515	-0.565963091462581	0.0839531861087786	0	42.3621260273907	FALSE
"286499"	0.658836124287996	0.0455554636852857	32.4954934654266	6	TRUE	FALSE	0.56615541299909	0.743436030354988	0.151516096276439	0	58.2592405291734	TRUE
"28968"	-0.694519309673792	0.017723721358359	41.4772912531295	6	TRUE	FALSE	-0.754757948696767	-0.64905420351955	0.081392558490453	0	58.0434767575855	FALSE
"28970"	-0.662489101516232	0.0192060376209246	0.00347313769924895	6	TRUE	FALSE	-0.703882079105996	-0.639320148862784	0.0944745934901456	0	21.4932796027187	FALSE
"29081"	0.670838664180426	0.0463054557231985	85.8474188739225	6	TRUE	FALSE	0.557636683788168	0.755897560328343	0.140804126215438	72.7820408278957	89.9446662915076	TRUE
"29085"	0.651247983212087	0.0444008343586313	79.6874192107953	6	TRUE	FALSE	0.549534891571402	0.746663608323885	0.138529745094927	60.8073662716071	84.124331822263	TRUE
"29089"	1.56916673253117	0.020133384569272	80.5053287547882	6	TRUE	FALSE	1.48763858880687	1.74018002630243	0.0937836732195085	0	85.4308083505467	FALSE
"29097"	0.690686283735737	0.0324207728300036	81.4583196028433	6	TRUE	FALSE	0.581900722577102	0.760151888371814	0.114450176564441	45.8250337453454	86.3315341549181	TRUE
"29899"	0.73273734938271	0.019391521939024	65.1298565130063	6	TRUE	FALSE	0.677752219198256	0.805069689755595	0.0834489230373151	22.7885269689058	74.6483842666886	FALSE
"29901"	0.654563768463305	0.0192060376209246	0.0174936812504038	6	TRUE	FALSE	0.623528286913444	0.728947903812992	0.105937323685888	0	70.0872168853782	FALSE
"29902"	0.632799815655993	0.0243061667252363	50.7548974443482	6	TRUE	FALSE	0.544675723530221	0.698722712576631	0.0946376906007375	0	60.3682785625837	FALSE
"2992"	0.599235823873143	0.0161863061638947	0.0425795304471153	6	TRUE	FALSE	0.582022730443864	0.633783080159857	0.0823872329960473	0	0.250210167253816	FALSE
"29950"	-0.721348762366709	0.0492978583006779	82.6235196934944	6	TRUE	FALSE	-0.819193502963038	-0.604798273603698	0.138229185950505	71.7130400436252	86.9799039538487	TRUE
"29958"	-0.894292651948564	0.0427180675803318	62.1341339060055	6	TRUE	FALSE	-0.947074133989116	-0.791479169769562	0.157229573044491	0.0128685572525383	84.8784846817938	TRUE
"29968"	-0.692243644646195	0.0329832488358709	64.481739142509	6	TRUE	FALSE	-0.796719980676677	-0.636355313969252	0.119536449334862	0	71.6302531594034	TRUE
"29974"	-0.588040212186681	0.0115802536922153	0	6	TRUE	FALSE	-0.611992602069899	-0.564958981059127	0.0622985093653561	0	0	FALSE
"3015"	1.07055431874681	0.0179567466726547	45.383493310868	6	TRUE	FALSE	0.993447283032796	1.14948069794237	0.0789575163950624	0	58.4023851229615	FALSE
"302"	0.936268755396114	0.0156838604691839	0.00568718957233933	6	TRUE	FALSE	0.892642661812609	0.96718649365354	0.0782033442437191	0	8.45242159076029	FALSE
"3020"	0.632215894089263	0.037290842144754	70.694601208546	6	TRUE	FALSE	0.54498149566024	0.699798792414116	0.133823760192513	24.3249089930101	76.890360705465	TRUE
"3033"	-0.688243040524525	0.01826882088407	0	6	TRUE	FALSE	-0.726419489040682	-0.639964213517076	0.0879319414471576	0	37.2109044838444	FALSE
"3043"	-1.2078660556363	0.0381589527724517	77.4725673558342	6	TRUE	FALSE	-1.34251827814053	-1.10046065577667	0.132537665985449	47.1022117268964	84.2304868545699	TRUE
"3131"	-0.751313094535617	0.0115802536922153	0	6	TRUE	FALSE	-0.774090378499473	-0.725839812619415	0.0622985093653561	0	0	FALSE
"3155"	-0.865030891195144	0.0450964332061268	84.6946169344057	6	TRUE	FALSE	-1.0311232992823	-0.779433579337696	0.140926400010941	35.9196846370014	88.8890092726081	TRUE
"319"	-2.61108830659584	0.0455525593600339	92.3408854769464	6	TRUE	FALSE	-3.1287467609041	-2.38024327682086	0.139199081610613	42.2555735977647	94.6372023026657	TRUE
"3294"	-1.08881372069727	0.0358204382963748	73.7695474210261	6	TRUE	FALSE	-1.3241994088551	-1.01349226710918	0.120793943915694	0	79.2906768325773	TRUE
"3315"	0.875620019535034	0.0408084414644576	92.2485250764454	6	TRUE	FALSE	0.817286871528925	0.997457173277622	0.122734422078789	26.8712193051693	93.9436372954338	TRUE
"3326"	1.02034167355242	0.0107256483335024	2.7456603753378	6	TRUE	FALSE	0.997457596982184	1.07463835248527	0.0617172421892558	0	21.6971903251614	FALSE
"339324"	0.594755296425619	0.0454102396850823	71.8080406738119	6	TRUE	FALSE	0.518677632021397	0.665352524645234	0.144859554157401	50.1684821574505	79.7694996365142	TRUE
"339390"	-2.95763133143369	0.0127759792996141	71.9283802999865	6	TRUE	FALSE	-3.14809863293367	-2.83584813726322	0.0659667304156743	14.9547137033367	77.9457856879924	FALSE
"3394"	-0.766679693039561	0.0444167791768675	86.5573760043437	6	TRUE	FALSE	-0.972215333867157	-0.705101149788112	0.134580849179762	0	89.8606756765794	TRUE
"3397"	-1.23628067825098	0.036851858112021	86.3532299112178	6	TRUE	FALSE	-1.41536592822997	-1.07155100859614	0.123641261417425	75.2405569669522	89.8903359398363	TRUE
"3426"	-1.08237328846576	0.0166669859421557	1.59543757857712	6	TRUE	FALSE	-1.12791395659602	-1.02843570693533	0.0893405829471933	0	34.7969160705696	FALSE
"3486"	-1.48298412936002	0.0428923787597669	88.3085757802886	6	TRUE	FALSE	-1.82054973288105	-1.35364284710136	0.133853023555007	0	91.8592491887363	TRUE
"3491"	-1.62439476749029	0.0127759792996141	17.7345442766672	6	TRUE	FALSE	-1.66472593996516	-1.489374807662	0.0617172421892558	0	27.3304619837253	FALSE
"3654"	0.698023128913679	0.047092487805484	89.6803806447386	6	TRUE	FALSE	0.601481410163497	0.832378253434476	0.133296926124449	70.3152363055746	92.589881502847	TRUE
"3697"	-0.837234776025658	0.0403853524769091	50.9450925116541	6	TRUE	FALSE	-0.887455234303763	-0.753703104738407	0.160087743214958	0.00989622830655986	76.0825210651217	TRUE
"37"	-0.633278022992717	0.0475135913773924	87.7801444644835	6	TRUE	FALSE	-0.722254534432629	-0.571485713220419	0.138229185950505	40.8173130357829	90.7675845586598	TRUE
"3703"	0.710896517115349	0.0158964558365635	19.7539512720292	6	TRUE	FALSE	0.659907342508236	0.753597462398884	0.0617172421892558	0	38.5629558454724	FALSE
"3712"	-0.749542133934207	0.0476605195041904	86.5244991341285	6	TRUE	FALSE	-0.829464966631796	-0.697880372542808	0.14661913513403	51.9932724973513	89.684598733095	TRUE
"3725"	-0.727570860525899	0.0435614504396545	83.2276872483288	6	TRUE	FALSE	-0.920132443951361	-0.664802172793517	0.130166833370278	0.00316178467190306	87.0770739292341	TRUE
"387103"	1.3861553221052	0.0248923394779784	83.9838490324212	6	TRUE	FALSE	1.28693425803	1.57019509695555	0.102908179812276	0	88.6499759167722	TRUE
"388323"	-0.665519470000123	0.0281790446665833	39.0380184763482	6	TRUE	FALSE	-0.740735606911192	-0.611315960776455	0.11855045286443	0.00433572106676084	47.0897209801829	TRUE
"388753"	0.761109710648098	0.017723721358359	58.8945242910109	6	TRUE	FALSE	0.720712212743786	0.815316826920462	0.0858221229673799	0	69.862733403374	FALSE
"389432"	-0.839367663536335	0.0385018662795669	65.0899240287752	6	TRUE	FALSE	-0.931356723609199	-0.788393751106801	0.138655974613457	0.00451031440990349	75.9575315218154	TRUE
"389434"	-1.0996961499002	0.0144254850712544	0	6	TRUE	FALSE	-1.15178612749165	-1.03878584100833	0.0781152423236345	0	0.0098840944573402	FALSE
"390"	-1.84002679379805	0.0107256483335024	0	6	TRUE	FALSE	-1.89327505540927	-1.82546824852087	0.0617172421892558	0	0	FALSE
"3915"	0.842704856131873	0.0465036340733059	83.8822381899195	6	TRUE	FALSE	0.793489185948794	1.01223402640354	0.140665345307086	0	87.7019906147185	TRUE
"3950"	-1.72700380434014	0.0158964558365635	0.00119393305048188	6	TRUE	FALSE	-1.81962228280739	-1.66562961592	0.072493445647355	0	25.1538104488822	FALSE
"3990"	-1.09559789953326	0.0144254850712544	0.00548959913508562	6	TRUE	FALSE	-1.1373083970383	-1.05335096000255	0.0752583275615324	0	4.45207401414887	FALSE
"401466"	0.687770943977611	0.0127759792996141	0	6	TRUE	FALSE	0.653981149744997	0.703310967853116	0.0708191577865635	0	0.0322781181949796	FALSE
"401546"	0.622433749392112	0.0428123433710504	45.1532751273974	6	TRUE	FALSE	0.524568420375536	0.70147910892009	0.131643147853032	4.82563502505836	54.6859718533984	TRUE
"4060"	-0.72401345968857	0.0398601464367114	53.7062090744084	6	TRUE	FALSE	-0.819365962034906	-0.617583746676277	0.129285381608572	0	63.81510647571	TRUE
"4061"	-1.48197052487203	0.041934629311689	89.3640977111718	6	TRUE	FALSE	-1.76294563758931	-1.29985052254521	0.121908088700828	63.5003148256045	92.2845510627597	TRUE
"4153"	-1.50680659050837	0.03284577080165	67.7654010020356	6	TRUE	FALSE	-1.71458632478891	-1.37745810351413	0.122534100459234	0	76.8934081697312	TRUE
"4171"	1.16819353142687	0.0427623746011218	84.0415005981113	6	TRUE	FALSE	1.07646338864638	1.32154124047008	0.135586498109566	37.7106463784812	87.5987066511568	TRUE
"4172"	0.939850045842014	0.0483778280333531	90.9483042161076	6	TRUE	FALSE	0.837929439214949	1.1024461975069	0.140833185663637	53.6039592485966	93.068971354743	TRUE
"4201"	0.652883221846822	0.0255721745479553	63.7379942868884	6	TRUE	FALSE	0.597084562989831	0.706922772713268	0.0998000301210596	45.1468604051149	74.9740176131835	FALSE
"4255"	-0.762634645975592	0.0464577354369775	86.6316937754467	6	TRUE	FALSE	-0.903838554688625	-0.675740285537937	0.142857982112412	51.8451996232728	90.1697233040787	TRUE
"432"	-0.622313697795153	0.0202639460887176	0.00465383693383589	6	TRUE	FALSE	-0.673393865596981	-0.604577257512524	0.19487037320663	0.00580349436342998	87.5233509631754	TRUE
"435"	-0.734171753409324	0.0478856240792214	83.3728190205085	6	TRUE	FALSE	-0.811849077720632	-0.606481304498999	0.138386732855024	51.82664358059	87.665503396616	TRUE
"445"	-1.31712864693411	0.0328980491115953	85.238230664078	6	TRUE	FALSE	-1.44782184544655	-1.22622729187465	0.102122508370398	78.2269621357915	86.9238343638744	TRUE
"4493"	-1.96433762736185	0.0491047427774947	92.5522645788971	6	TRUE	FALSE	-2.24444615346046	-1.81095002118692	0.144039604687403	69.4521224405741	93.9889075578563	TRUE
"4494"	-3.20439781048559	0.0225884394824362	82.1428112377232	6	TRUE	FALSE	-3.4460795943056	-2.9587443436406	0.094147989575098	65.2778546217665	86.5550765454253	FALSE
"4499"	-3.45840215453283	0.0115802536922153	33.8495656369347	6	TRUE	FALSE	-3.54814037524942	-3.23464300529329	0.0629178810209432	0	45.3215009344743	FALSE
"4501"	-2.62935018532037	0.0256649368834354	82.9272483709722	6	TRUE	FALSE	-2.87532934686439	-2.48322631119007	0.101887661329994	0	87.2633264057144	TRUE
"4547"	-1.19685429835727	0.0189508407128152	33.7181049778432	6	TRUE	FALSE	-1.30346716568338	-1.06078932068929	0.0697459314230042	0	42.7797171206039	FALSE
"4616"	-1.09306222278845	0.0464818596675499	85.6961959535859	6	TRUE	FALSE	-1.27802383734259	-0.939306062965001	0.139235025459141	76.6310893656939	89.4406606032987	TRUE
"4703"	0.706974242623122	0.0158016047388783	0.276873719932216	6	TRUE	FALSE	0.66448501592233	0.768953263632076	0.0651645160379729	0	10.7140107953987	FALSE
"4758"	0.978595181235468	0.0127759792996141	0	6	TRUE	FALSE	0.943451279211774	1.03237575404945	0.0622985093653561	0	24.8156918992973	FALSE
"4783"	-0.610172365931913	0.025622457923278	49.1923964824653	6	TRUE	FALSE	-0.710179527412787	-0.545024463637367	0.103256819264561	0	58.1186539755235	TRUE
"4860"	-0.743831389724769	0.0235541760066957	54.110776584097	6	TRUE	FALSE	-0.78199253012531	-0.656273751032276	0.0963417657254812	0	64.2997700812289	FALSE
"4897"	0.647553948623051	0.0127759792996141	0	6	TRUE	FALSE	0.606107671446416	0.668671059914667	0.0639313101161539	0	0	FALSE
"5050"	0.816991557246348	0.0416629427462599	59.3907341665831	6	TRUE	FALSE	0.756497911505336	0.873309105316002	0.151499098123401	31.5003495587133	78.0432723196813	TRUE
"50808"	-0.592692876044834	0.043171032547501	72.3838581161284	6	TRUE	FALSE	-0.684093627973503	-0.522934341689301	0.132993412058786	46.1450120393958	80.4248332789253	TRUE
"51001"	0.609931400781456	0.0161863061638947	3.02129046013641	6	TRUE	FALSE	0.558657951774059	0.636561665174216	0.0661837836750769	0	17.2323307527525	FALSE
"51018"	0.701964701697754	0.0138847891656687	19.7115824199095	6	TRUE	FALSE	0.652143343443085	0.732677791550873	0.0711465460526496	0	35.5377362798427	FALSE
"51026"	0.736618286908892	0.0115802536922153	0	6	TRUE	FALSE	0.704246126511798	0.758803837569785	0.0622985093653561	0	4.54935115488952	FALSE
"5105"	-1.80518776938388	0.0244309271408705	45.5394622068535	6	TRUE	FALSE	-1.88264647626767	-1.68811594683751	0.121837165163884	31.9796243931808	66.4808655272696	TRUE
"51066"	0.738657692805928	0.0493877979346011	71.4609776489488	6	TRUE	FALSE	0.53195893541555	0.846954273126971	0.125994584362726	0	78.3703273581768	TRUE
"51126"	0.645394781643035	0.0326050821527862	84.158645028548	6	TRUE	FALSE	0.547816850138762	0.70245922711731	0.114816454000732	0.054040654094048	87.2547223173667	TRUE
"51155"	0.790376954442073	0.0107256483335024	0.0233501008054106	6	TRUE	FALSE	0.780625775234888	0.810723947917714	0.0617172421892558	0	0.0233501008041584	FALSE
"51175"	-0.679201927597444	0.0416629427462599	82.7500237898568	6	TRUE	FALSE	-0.743349384419239	-0.624676589796342	0.140582673799686	73.9861610367178	88.726821224245	TRUE
"5118"	-0.972999630717017	0.031543962323982	54.6371747940859	6	TRUE	FALSE	-1.06481939974087	-0.890017650186576	0.112522569961047	20.0805208019014	69.2897891620637	TRUE
"51192"	0.785899215155587	0.0211488790393999	50.8567621532609	6	TRUE	FALSE	0.720718317022811	0.852434663197575	0.0931703119767473	28.348706952334	62.1477621059742	FALSE
"51266"	-3.09195834918372	0.0107256483335024	0	6	TRUE	FALSE	-3.17595124587534	-3.05849664830073	0.0617172421892558	0	0	FALSE
"51302"	-1.46231464165522	0.0453390502007312	91.0677347759437	6	TRUE	FALSE	-1.69679650544166	-1.29921814950311	0.139710909081529	70.217499487012	94.0555241893773	TRUE
"51312"	-0.661389062134244	0.0181252972389415	37.6942739861053	6	TRUE	FALSE	-0.71716903355312	-0.63100624876101	0.081392558490453	0	52.6898633276213	FALSE
"51504"	0.669759646284521	0.0493404530146433	84.4355286525838	6	TRUE	FALSE	0.5695065777224	0.762380651515906	0.148584735112864	71.2910465848447	88.7203662483499	TRUE
"51506"	0.78469618345431	0.0243463972657534	71.0762299364332	6	TRUE	FALSE	0.712427304380182	0.874077458522746	0.0937836732195085	18.7964967833521	79.6707371130104	TRUE
"51520"	0.612226053782501	0.0107256483335024	0	6	TRUE	FALSE	0.603924474349646	0.626942460820939	0.0617172421892558	0	0	FALSE
"51629"	0.687888339264492	0.0107256483335024	0	6	TRUE	FALSE	0.671509451447902	0.696741536944031	0.0617172421892558	0	0.00262702796824483	FALSE
"51660"	-0.930131739390454	0.0107256483335024	0	6	TRUE	FALSE	-0.956703138070846	-0.904533587479898	0.0617172421892558	0	0	FALSE
"51678"	0.635007502060884	0.0463054557231985	78.4360007771312	6	TRUE	FALSE	0.576032118841444	0.719407524000597	0.145826064075197	0.0247073149976451	84.2109731252615	TRUE
"5174"	0.808034263842932	0.0223641102667666	54.106033686745	6	TRUE	FALSE	0.718398498946441	0.898865283410038	0.0858648517217771	0	62.9874248486399	TRUE
"5342"	-0.854252149275789	0.0386378144641048	68.6398026560432	6	TRUE	FALSE	-0.933370997260707	-0.805563902416842	0.151595648017037	0	76.6354171543734	TRUE
"5345"	-1.10609646378763	0.018880247642639	37.4276879571021	6	TRUE	FALSE	-1.17421922971578	-1.0251601292505	0.104640177488468	0	72.4663092472011	TRUE
"5346"	-0.879829110239442	0.0459107749677009	80.0782606199589	6	TRUE	FALSE	-0.991200151255067	-0.704253303496362	0.141838410724045	39.3712377884164	85.7362260226756	TRUE
"54102"	-0.718345305908593	0.0293205572719323	53.000196005671	6	TRUE	FALSE	-0.770101056721759	-0.614978994828852	0.0899611483938634	0	63.3851628766408	TRUE
"54206"	-1.12146140416682	0.0273100173143949	74.0469657162727	6	TRUE	FALSE	-1.22622847735765	-1.04239058669628	0.103698517233887	55.950854629034	79.2007228679691	TRUE
"54463"	-1.08421507028959	0.018706817206495	0.00140748563122227	6	TRUE	FALSE	-1.24469258769572	-1.05544588174567	0.12044967411795	0	77.4130295741193	TRUE
"54499"	0.645041987810784	0.0192060376209246	41.5769479973744	6	TRUE	FALSE	0.592808378886155	0.675181868408133	0.0871231334168898	0.0228389612106366	58.2861459002064	FALSE
"54566"	-0.623040729203138	0.0192060376209246	36.2718672705236	6	TRUE	FALSE	-0.653465392772084	-0.580788146165013	0.0962347351642341	0.00370397250455829	57.4815587297204	FALSE
"5476"	0.70055492538819	0.0205243490286644	38.3763222463742	6	TRUE	FALSE	0.644898896984399	0.784635870505707	0.0822794681309869	0	47.7217591876828	FALSE
"54825"	-2.0016848017123	0.023449081276361	84.8035966039866	6	TRUE	FALSE	-2.18514708922527	-1.82905646559884	0.0971796518837971	77.7413373403035	88.9463930257914	TRUE
"54855"	-0.725037938634136	0.0396847148496947	36.798536804795	6	TRUE	FALSE	-0.789657768624246	-0.632132007043324	0.12189445784188	0.0025434822655275	56.0008032491152	TRUE
"54908"	0.666309622222655	0.0292349644738128	85.1844998385478	6	TRUE	FALSE	0.598484270372308	0.744438422480328	0.106733949668033	69.115247008914	89.8617450199654	TRUE
"54923"	-0.788276754796344	0.0162013228557696	0	6	TRUE	FALSE	-0.833278940605614	-0.732411560164786	0.081392558490453	0	2.56035723521981	FALSE
"54981"	-0.706113457244554	0.0247419494648715	76.644260005393	6	TRUE	FALSE	-0.794859269757194	-0.624830848952413	0.100006407082852	42.1048090724878	83.6663567875138	TRUE
"55093"	0.77601403897194	0.0336226816607828	81.8040810586581	6	TRUE	FALSE	0.654766755238442	0.864327360142496	0.114831682654051	59.6442103026715	87.1442094637733	TRUE
"55107"	-0.986429810976533	0.0158964558365635	0	6	TRUE	FALSE	-1.02265205376283	-0.921483421533975	0.0812254368536005	0	18.0413474703241	FALSE
"55143"	0.685001641633629	0.0456540390504246	79.4351264672163	6	TRUE	FALSE	0.643757755202323	0.757292760729177	0.146495470928375	0.0266194021761416	86.1670141916487	TRUE
"55157"	0.689609587872744	0.0127759792996141	0	6	TRUE	FALSE	0.668247505844254	0.730079591204704	0.0781152423236345	0	23.8275902338035	FALSE
"55165"	0.996357167773312	0.015234192590746	0	6	TRUE	FALSE	0.964027762036299	1.08720020706003	0.0752738526567286	0	36.5440494264225	FALSE
"55166"	0.60438804915192	0.0357497053944241	80.500126653257	6	TRUE	FALSE	0.509177929198809	0.677880450064566	0.126981471369419	51.7520046348712	85.9501972314046	TRUE
"55204"	0.696178197940218	0.0447931034539627	89.6704543550491	6	TRUE	FALSE	0.639355329282199	0.798965876980839	0.138386732855024	77.4394794305294	92.7175417875542	TRUE
"55214"	-0.800037393037997	0.041123919423221	91.072879987693	6	TRUE	FALSE	-0.881176171603828	-0.64648423719314	0.130719328314653	61.7486540772089	93.8056736077659	TRUE
"55215"	0.724559160223221	0.0196395017563344	63.6511057169066	6	TRUE	FALSE	0.654614625131416	0.793724270569577	0.0927328397949656	14.8349864660149	71.9193331962404	FALSE
"55244"	-0.659228076105214	0.0485895324677512	44.559328748953	6	TRUE	FALSE	-0.75047473405917	-0.532556115625923	0.138779723285342	3.85890246360699e-05	57.1975361490406	TRUE
"55246"	-0.594829067747415	0.0189508407128152	16.1255299140829	6	TRUE	FALSE	-0.634364984629535	-0.549431087607068	0.0836516482262498	0	25.6683816967973	FALSE
"55256"	-0.597318446868208	0.0427424242886628	59.7496135766782	6	TRUE	FALSE	-0.676795266852608	-0.531295325416839	0.141790623577251	0	69.2680336533343	TRUE
"55299"	0.587729375364791	0.0107256483335024	0	6	TRUE	FALSE	0.575822901865641	0.598307553883582	0.0617172421892558	0	0	FALSE
"55337"	-0.843427298991881	0.0305679559760907	71.3269271942113	6	TRUE	FALSE	-0.914326460216436	-0.732012607796329	0.105937323685888	0	77.780826107992	TRUE
"55353"	1.39267473645742	0.0211921626739346	54.2742366102113	6	TRUE	FALSE	1.27978593492128	1.51916160224505	0.0944745934901456	3.92511229965415	63.7186389499937	FALSE
"55355"	1.01441989888514	0.0193055366359518	58.5035746861878	6	TRUE	FALSE	0.951135487794989	1.07566920030845	0.0954562007335422	30.3885264581572	69.1439033029491	FALSE
"55502"	0.637139837490428	0.0245956291512756	61.0515688435164	6	TRUE	FALSE	0.582559070843018	0.733564264575788	0.0946376906007375	0	70.4133681037209	TRUE
"55526"	-0.683853366313665	0.0427180675803318	54.0440302827856	6	TRUE	FALSE	-0.76514168447054	-0.570889995551967	0.131345660612722	0.00175661099074512	70.9375071256071	TRUE
"55536"	0.585872498656682	0.0247451903331154	46.7909339263663	6	TRUE	FALSE	0.536149230124865	0.648827478853025	0.100317150324662	22.309089824544	55.3969730594015	FALSE
"55576"	-1.3895747478662	0.0441632097174627	94.9968888574502	6	TRUE	FALSE	-1.53667902077062	-1.28216444978113	0.13784660625247	90.108393347008	96.1851337724847	TRUE
"55638"	-0.699552930707679	0.0363612455553973	41.0755201225037	6	TRUE	FALSE	-0.783775956371939	-0.624653235389792	0.120708068300105	21.6137980423994	51.2720296929283	TRUE
"55651"	0.774181886892765	0.0162013228557696	39.9051479344058	6	TRUE	FALSE	0.718650911338687	0.807154780866315	0.0651511785644395	0.0073701729682873	55.2861529791299	FALSE
"55656"	0.721719036128967	0.0344372248974622	79.2103382837182	6	TRUE	FALSE	0.667457046643151	0.808356146251411	0.1154869017945	20.9633214414096	84.6682852251072	TRUE
"55732"	0.710514150160129	0.0464577354369775	77.8406139351815	6	TRUE	FALSE	0.582657681391998	0.779292954452999	0.141790623577251	0	84.6577301331612	TRUE
"558"	-0.663996336227251	0.0162013228557696	21.6106605835271	6	TRUE	FALSE	-0.689255915972955	-0.627014632752949	0.0708256474632459	0	47.2802530379702	FALSE
"55872"	1.59494432765231	0.0430029439408911	89.6375930923852	6	TRUE	FALSE	1.40836682290707	1.75000518062152	0.132314554827615	84.2397071143581	91.9769682473833	TRUE
"55971"	0.636107911824326	0.0285543725463636	35.3593595560856	6	TRUE	FALSE	0.546580527242156	0.713463364897305	0.107951364090599	0	48.7143393435873	TRUE
"55974"	0.730725258807967	0.0115802536922153	0	6	TRUE	FALSE	0.697439630285478	0.745594715458572	0.0617172421892558	0	0	FALSE
"56521"	-0.977458029504112	0.0196395017563344	59.3649245208688	6	TRUE	FALSE	-1.12371889703132	-0.896317807285697	0.0887615171820374	0	70.3903473674385	FALSE
"56892"	-1.9050010725229	0.0107256483335024	0	6	TRUE	FALSE	-1.94480068751083	-1.85707486457805	0.0617172421892558	0	0	FALSE
"5710"	0.762516971094027	0.0361588269628663	87.1379072433379	6	TRUE	FALSE	0.690832161007737	0.900250027217297	0.117433908761826	40.5966595680261	90.7166110379867	TRUE
"57149"	-0.699371459872506	0.0381589527724517	63.059492726938	6	TRUE	FALSE	-0.757133085542954	-0.628987902511516	0.133631025633884	16.6169592342402	73.5236551523401	TRUE
"57211"	-0.766968385447535	0.0107256483335024	0	6	TRUE	FALSE	-0.794666137747381	-0.747546525333995	0.0617172421892558	0	0	FALSE
"57393"	-2.22703058847909	0.0468643619209187	93.7510776390531	6	TRUE	FALSE	-2.47573280214277	-1.85618497680114	0.127108677411811	87.9279802037217	96.0560999071741	TRUE
"57406"	-0.744159262239815	0.0387552161541325	69.6892787798394	6	TRUE	FALSE	-0.83295549124015	-0.647455289989735	0.127093058703581	41.6672872007873	78.2955737843417	TRUE
"5743"	-0.822569129807872	0.0484164484289692	85.3669958190791	6	TRUE	FALSE	-0.944242002053315	-0.725515498621989	0.141790623577251	68.2752090825343	88.0855500761083	TRUE
"5745"	-1.25856254756091	0.0127759792996141	27.4555677869138	6	TRUE	FALSE	-1.30515118504962	-1.22023417337875	0.0661837836750769	0.0435295427761508	54.124891887469	FALSE
"57510"	0.661320435274325	0.0319850876572599	76.1035603337089	6	TRUE	FALSE	0.605319987223013	0.724498876545964	0.113135103323221	60.2481509648164	82.1637825028566	TRUE
"57600"	-0.69264250154225	0.0385143951760701	59.3593814602423	6	TRUE	FALSE	-0.782764074283716	-0.610708714781138	0.137179766486541	0.00792277304475826	82.2627246402849	TRUE
"57643"	0.61192020480788	0.0336511556390817	78.5919332000106	6	TRUE	FALSE	0.548353399122472	0.693162982583743	0.117958268336055	64.6483214469891	83.1005393922001	TRUE
"57648"	0.587046190386111	0.0127759792996141	0	6	TRUE	FALSE	0.554838688459408	0.62431839325561	0.0622985093653561	0	6.96286175806685	FALSE
"57688"	-0.688546932983465	0.0194456570264658	51.865352624654	6	TRUE	FALSE	-0.761828598524239	-0.581372149016737	0.0677673909012324	0	61.9607842022103	FALSE
"57819"	0.661336903184431	0.023679601394082	79.4765832541784	6	TRUE	FALSE	0.611221717445179	0.731099152216324	0.0928371201910144	42.6981478348862	83.8703789637802	TRUE
"58478"	0.604299239537235	0.0115802536922153	0	6	TRUE	FALSE	0.586778694302952	0.622335387139425	0.0622985093653561	0	0	FALSE
"58528"	0.962006594554004	0.0115185784804488	0	6	TRUE	FALSE	0.946539004154737	0.987782355680986	0.0620454196030051	0	0	FALSE
"5860"	-0.667815668334347	0.0192060376209246	9.08387155002267	6	TRUE	FALSE	-0.7005317415463	-0.627380824614379	0.101826146385207	0	51.3569088404159	FALSE
"5931"	0.586457946810898	0.0443577079863043	81.5824657806159	6	TRUE	FALSE	0.526127441466751	0.667868284102192	0.132393436422991	28.5001525321504	86.6120939918543	TRUE
"59349"	0.621507465947563	0.040507193582482	81.4683512821289	6	TRUE	FALSE	0.56255226920247	0.671054421740753	0.129566934960774	0.00190139203076856	85.8463185294366	TRUE
"5993"	0.636224316933827	0.027263654433374	74.1274837803629	6	TRUE	FALSE	0.585399252154885	0.687962413673681	0.108434773918042	61.0058710639731	82.6381248746593	TRUE
"6132"	0.652959788951495	0.0426826714619783	86.2993768009087	6	TRUE	FALSE	0.608747948225284	0.735864412331512	0.132201489383308	0	88.9123007346588	TRUE
"6156"	0.717638530283282	0.0476676150152322	87.931156590569	6	TRUE	FALSE	0.593002099209209	0.802431085888813	0.143896022790787	70.843107874552	91.3209266357973	TRUE
"6175"	0.641886999703667	0.0274914546197221	82.2652524308447	6	TRUE	FALSE	0.550849856376454	0.697240703419448	0.0940494210614328	54.8139254259436	85.591913263401	TRUE
"6227"	0.858512021526757	0.0115802536922153	0	6	TRUE	FALSE	0.815367021949391	0.886249323145921	0.0617172421892558	0	10.8233785200296	FALSE
"6296"	-1.39935184662258	0.0289092504517092	73.7909174305991	6	TRUE	FALSE	-1.49688707380498	-1.28200172463363	0.10792206870307	61.9172382483521	79.5882287849102	FALSE
"6303"	-0.589452475647762	0.0162013228557696	0	6	TRUE	FALSE	-0.602878900442053	-0.556333262446889	0.0823872329960473	0	0.0379987503560909	FALSE
"6309"	-0.703332375281895	0.0371188005555073	63.1306491148401	6	TRUE	FALSE	-0.796994203689551	-0.608402296191568	0.118384218065274	31.7809034284746	73.2304662887827	TRUE
"6347"	-1.13490660492001	0.0335358574938648	64.4075976356847	6	TRUE	FALSE	-1.26208228599538	-1.02984226834329	0.118999689499615	42.4400539159818	72.6307655367668	TRUE
"6387"	-1.68873938762702	0.036600572588331	88.663666409259	6	TRUE	FALSE	-1.89886731450894	-1.49809480458449	0.122061801556474	76.7412487067918	92.1513247465646	TRUE
"64151"	1.57330440894971	0.024804943569186	68.780679416422	6	TRUE	FALSE	1.49569839337218	1.68015863698639	0.111891520687492	0	80.4069374325927	TRUE
"6425"	-0.587605163798635	0.0488545063281813	82.4406830275778	6	TRUE	FALSE	-0.682715294615558	-0.513062959868168	0.139988298009531	66.170853765875	86.852356189291	TRUE
"642946"	0.753657650113627	0.02933888309067	66.6227743000329	6	TRUE	FALSE	0.6870231702661	0.833729214738763	0.108066884947506	41.9496101642415	75.7936710428042	TRUE
"6447"	-0.703696929747633	0.02933888309067	28.6894730277442	6	TRUE	FALSE	-0.804578890466593	-0.675271663779669	0.121757058733165	0	40.0596287127063	TRUE
"64651"	-1.51764279278949	0.0250186030384493	69.7071930728243	6	TRUE	FALSE	-1.60322834874035	-1.42164333846293	0.103274177216625	57.6422943033742	79.8535235962794	TRUE
"646962"	0.762991524599011	0.0440444050785244	66.2656778852887	6	TRUE	FALSE	0.685787939955179	0.869660911607634	0.145466543245975	0	74.3406252930407	TRUE
"64757"	-0.671208034205752	0.0484164484289692	43.1325505728312	6	TRUE	FALSE	-0.735584915748628	-0.613157907477257	0.15282917853252	2.69946586446771	61.656984037448	TRUE
"64785"	0.608118450406104	0.0229797701361633	53.1274374773929	6	TRUE	FALSE	0.534723275337709	0.669106863979112	0.100719595610685	2.27828844259397	64.1105584142377	FALSE
"64838"	-0.730863721103537	0.0381222320264405	79.3153634537031	6	TRUE	FALSE	-0.843810940248635	-0.641981708035336	0.1154869017945	52.2009698636484	84.1096378883597	TRUE
"6491"	0.769678739400276	0.0361584317261305	82.8315485307023	6	TRUE	FALSE	0.695062458831458	0.818849114092346	0.129687900513872	69.5776736122705	85.1375749825109	TRUE
"65062"	0.748977946075405	0.0235541760066957	60.5205985643628	6	TRUE	FALSE	0.697127605549307	0.816082769781159	0.100658857690405	7.62795894705834	71.213657339553	FALSE
"65265"	0.910760759971173	0.0167986338784165	39.5752386002209	6	TRUE	FALSE	0.851228610917701	0.964679747059575	0.0781152423236345	18.4041831412006	50.2203835771895	FALSE
"6631"	0.598008536718803	0.0204871019546206	61.6993675493755	6	TRUE	FALSE	0.56168220689693	0.650785132696963	0.0936387398995457	0.0405253332811034	77.3312220320153	TRUE
"6694"	-1.71692805258778	0.0463054557231985	68.7791841763828	6	TRUE	FALSE	-1.8981423005811	-1.6111337263744	0.149031149792568	0.000239277705637651	80.8930527614111	TRUE
"6716"	-1.66295981527771	0.0386345738477152	86.4107713724809	6	TRUE	FALSE	-1.8070528516138	-1.55569786126622	0.130962576551882	37.1158793265031	90.8337676085891	TRUE
"6781"	0.590796914280522	0.0428873301537611	72.8869671053078	6	TRUE	FALSE	0.514948067730879	0.67683713733492	0.126451625271748	37.3446377770825	78.591068029883	TRUE
"6790"	1.25889195207095	0.0331473260826734	82.920727834167	6	TRUE	FALSE	1.15320455692988	1.45831316430209	0.118655301595918	18.3372939423104	88.1695393532865	TRUE
"6799"	-0.817484540689917	0.0285465565587813	78.6749158524445	6	TRUE	FALSE	-0.871682837290755	-0.691770983479512	0.0944745934901456	0.0339031181493751	84.5633849165352	TRUE
"6894"	0.724594009570682	0.0349840707460782	82.9819301609937	6	TRUE	FALSE	0.659031002781959	0.847717359894993	0.122534100459234	25.0381610066702	86.4229636588242	TRUE
"6898"	-1.66731446442575	0.0415815036139529	76.32147090231	6	TRUE	FALSE	-1.86618517161473	-1.49899006708308	0.13784660625247	58.0270535125673	83.4091729424482	TRUE
"6905"	0.850644513700247	0.0366921601815725	86.6437024441317	6	TRUE	FALSE	0.784501235154007	0.956435022452102	0.124602290565583	47.1859047759135	90.5952076178601	TRUE
"6913"	-1.02648636651222	0.0329584701409357	60.4517978999938	6	TRUE	FALSE	-1.11785801536842	-0.889974546225005	0.11717248841443	0	72.0293193071155	TRUE
"6921"	0.784950688503773	0.0110207519530077	0	6	TRUE	FALSE	0.766808500043418	0.805797182947047	0.0617172421892558	0	0	FALSE
"6944"	0.826854428790854	0.0265892017403729	76.2961938641536	6	TRUE	FALSE	0.735394761321015	0.901785505233829	0.0961992306866439	53.0373694615554	81.5967569034946	TRUE
"7010"	-0.587537377739463	0.044910438205593	84.5319454066991	6	TRUE	FALSE	-0.686007562098305	-0.52081859891739	0.135493662026496	51.2317539376186	88.4400878463312	TRUE
"7057"	-0.791375180107484	0.0407522433763736	67.2145251892011	6	TRUE	FALSE	-0.887652416654214	-0.695424295082414	0.120185824088649	58.6571680533	70.7527950116599	TRUE
"714"	-0.702156886487835	0.0386690957685092	36.4953744812023	6	TRUE	FALSE	-0.782392186839044	-0.598238490326857	0.114896811138292	0.000537017621868929	46.6457613537274	TRUE
"730"	-2.18664894795179	0.0363612455553973	87.9465470678932	6	TRUE	FALSE	-2.47439508412085	-1.96878146046372	0.122489341697782	73.0363162048288	91.2153709918972	TRUE
"7429"	0.613510247032336	0.0197605699195567	0	6	TRUE	FALSE	0.547909291272576	0.660538197963556	0.0839531861087786	0	3.20992969360834	FALSE
"7443"	0.617139939681817	0.0336603279292309	80.133945135947	6	TRUE	FALSE	0.546708408839222	0.670807993716023	0.117958268336055	54.8389728725353	85.9270603778984	TRUE
"7538"	-0.926962470197331	0.037725974171769	78.9195087099128	6	TRUE	FALSE	-1.12114285741367	-0.850870472229084	0.125168489409518	0	84.1151417183069	TRUE
"7764"	0.603953013036935	0.0342233295263454	67.7413386729725	6	TRUE	FALSE	0.535077190201306	0.706798016282916	0.129339126623205	0.0228724216542867	79.8028652626527	TRUE
"7802"	-0.625590517028958	0.0468145672485796	82.0911061676796	6	TRUE	FALSE	-0.771576539677165	-0.56970966724738	0.138217255410041	0.026627664271229	85.4369993097461	TRUE
"7873"	0.752447696264514	0.0266651810017218	55.4300110961699	6	TRUE	FALSE	0.661022181873552	0.850178813890383	0.108717785329112	20.3631013246736	64.3677534854116	TRUE
"78989"	-1.10998028202925	0.0304834200669758	67.9828390454491	6	TRUE	FALSE	-1.20141842593687	-1.00621951539025	0.112147668856567	53.9977729626959	72.6947832827082	TRUE
"79019"	0.755749297614981	0.0127759792996141	0	6	TRUE	FALSE	0.728172253510862	0.793661993653996	0.0639313101161539	0	19.0956446830553	FALSE
"79022"	0.797697668548606	0.0166669859421557	30.8402973443039	6	TRUE	FALSE	0.759096481399689	0.850588303549953	0.077729329660956	0	42.7956751797947	FALSE
"79023"	0.646616037452751	0.0416629427462599	86.2199205091413	6	TRUE	FALSE	0.587141400951288	0.727348454185881	0.12996434457355	74.3439574966286	90.7892082675125	TRUE
"79035"	0.615502845108216	0.0192060376209246	55.3451211351583	6	TRUE	FALSE	0.551086322885531	0.665028317616065	0.0900079398253509	0.330729792166722	64.4762902262485	FALSE
"79080"	0.604123894517019	0.0305563824122931	63.0955361795364	6	TRUE	FALSE	0.546764056239573	0.649633836633884	0.11252725199866	17.4043590486333	72.0041760344041	TRUE
"79183"	-0.748533909451777	0.0204871019546206	31.2100282153984	6	TRUE	FALSE	-0.800114516296967	-0.699598420588566	0.086329611005009	18.8637714516298	36.2212553993641	FALSE
"79573"	0.595579429496864	0.0385018662795669	86.8276078555937	6	TRUE	FALSE	0.479754600755331	0.649993216971168	0.117687737995799	0.000175610504397294	90.9445885452739	TRUE
"79658"	-0.988179285806172	0.0359820083347659	86.3613223388932	6	TRUE	FALSE	-1.13198432065048	-0.897145741758333	0.119573645350028	70.1421331285151	90.5048182123053	TRUE
"79696"	-0.616737899258808	0.0409158146004522	82.9735150481367	6	TRUE	FALSE	-0.680161684166536	-0.497119495939034	0.115123591212882	30.0288832236255	87.4109127079447	TRUE
"79720"	-0.621133147275241	0.0192060376209246	0.021408631276203	6	TRUE	FALSE	-0.648159903688387	-0.583567780110601	0.106242757768163	0.0151979259100541	31.0472184838551	FALSE
"79974"	-1.16858537980743	0.0427180675803318	92.354833948573	6	TRUE	FALSE	-1.31721444228315	-0.957703783230494	0.134289973152986	76.0054730416038	95.0359845910135	TRUE
"80303"	-0.761076781628179	0.0365893453404837	41.3033263604236	6	TRUE	FALSE	-0.900148877225969	-0.687737981717084	0.12609737257955	0	51.8181061451864	TRUE
"80345"	0.614104282360982	0.0211977861384155	61.1235168311625	6	TRUE	FALSE	0.568715222044021	0.686585528626865	0.092004702915219	0	70.2213700578551	FALSE
"80765"	-0.918527281342802	0.0348493189287085	85.3795397296744	6	TRUE	FALSE	-1.00641097991912	-0.729032709549338	0.110652723626147	0.0159618661321042	90.5273259859906	TRUE
"81609"	0.638703682656331	0.0346319832157106	83.0875797171022	6	TRUE	FALSE	0.603052168912079	0.710280951070817	0.116705120487874	0.00554063589931801	86.9050014217397	TRUE
"81610"	1.58892448083366	0.0239924629733819	76.3993069276866	6	TRUE	FALSE	1.47626865641942	1.6654853534976	0.0971796518837971	66.4699237017673	79.5010290635962	FALSE
"81691"	0.612057028194709	0.0201881519180196	35.1704009549515	6	TRUE	FALSE	0.573595439082657	0.649762936858933	0.0925237430231016	13.4214351943863	50.2929292818947	FALSE
"8317"	0.731432334192959	0.0468120451304627	83.5188474353642	6	TRUE	FALSE	0.612261354629098	0.819309256043451	0.138273401769434	64.7737437193352	88.1979492098409	TRUE
"8318"	1.01356862122313	0.03284577080165	84.3044995483418	6	TRUE	FALSE	0.922374216986657	1.12584765360906	0.113819439701058	78.3171722866564	88.506464695023	TRUE
"8334"	0.787431335269511	0.0319850876572599	44.8414925683676	6	TRUE	FALSE	0.700484179665124	0.838432970466504	0.118377770200819	0	61.1744578983046	TRUE
"83643"	-0.731106855078824	0.0480643462758048	73.3756404558053	6	TRUE	FALSE	-0.793863526326512	-0.655836785417628	0.14951008056255	56.204184116584	78.6613948749066	TRUE
"8365"	0.755961352822337	0.032724962635739	63.1719125102193	6	TRUE	FALSE	0.705788417421877	0.825212299974369	0.124515146534932	0.00160218645805052	75.4935939472668	TRUE
"84134"	0.796195470895499	0.0438971099026453	90.3594824070023	6	TRUE	FALSE	0.634732462323309	0.899110769116723	0.121780098591846	71.1496696936488	93.9214670562951	TRUE
"84141"	-0.778838715146136	0.0158964558365635	0	6	TRUE	FALSE	-0.848861671347042	-0.750516381154965	0.0781152423236345	0	0	FALSE
"84306"	0.84453368300318	0.0219971291252141	55.7477239744662	6	TRUE	FALSE	0.793954496728767	0.893575689193432	0.0955826641563564	0.0110092084570033	73.7083515773465	FALSE
"8443"	0.729416115953798	0.0192060376209246	53.3020079954445	6	TRUE	FALSE	0.678111092910195	0.792486736797008	0.0954562007335422	0	75.1470223713337	TRUE
"84450"	0.611850159972573	0.0226740972051733	56.3453007285424	6	TRUE	FALSE	0.546246989754117	0.64048303771287	0.0919082926367143	0.0291524766738831	64.043750079463	FALSE
"84457"	0.748385886602203	0.0297111503173376	39.9136994956365	6	TRUE	FALSE	0.692311835406754	0.805488706922345	0.127610424159257	0.0111396623256844	58.7767186447305	TRUE
"84619"	-1.62605520107251	0.0287588565772375	88.6862913910732	6	TRUE	FALSE	-1.7554728808291	-1.35151531546827	0.0928965696281202	48.9583558249893	92.3746084100648	TRUE
"84706"	-1.38050050477162	0.0202537951366368	50.4593309483599	6	TRUE	FALSE	-1.47786467286131	-1.22387275435142	0.0893405829471933	0.00361287951412872	64.6878216915262	FALSE
"84790"	0.950372288827705	0.0262373322192413	74.7478253298689	6	TRUE	FALSE	0.865920902579007	1.0961200383862	0.104173908011907	15.1216872978687	80.8831781234349	TRUE
"84803"	-0.965323562307891	0.011581481292176	0	6	TRUE	FALSE	-0.999919089981838	-0.921599909524835	0.0617172421892558	0	0	FALSE
"84836"	-0.736171904354579	0.0162366345970167	29.7995984736449	6	TRUE	FALSE	-0.804664349316205	-0.67605420464539	0.0644529058824602	0	42.3251008451251	FALSE
"84869"	-0.918447706021503	0.0284303245428039	78.5470723778237	6	TRUE	FALSE	-1.02356414860729	-0.827438370074567	0.105105069039644	49.2588061913259	83.2810734761479	TRUE
"84870"	-1.3664615286645	0.0285543725463636	88.8096083228509	6	TRUE	FALSE	-1.52503667745575	-1.18973523424652	0.108756891250628	66.3347996841787	92.5867246568433	TRUE
"84873"	-1.58894256485326	0.0245956291512756	83.8449414707633	6	TRUE	FALSE	-1.72650904110544	-1.37155088400418	0.101797302818392	49.0372029746819	88.4676314805284	TRUE
"84879"	-1.29574681698132	0.0186947600647271	0.0263381975183472	6	TRUE	FALSE	-1.36774248460065	-1.26130544202319	0.104667327034404	0.00393650306815479	36.181280157778	FALSE
"84886"	0.591456392269675	0.0158964558365635	0	6	TRUE	FALSE	0.561961109292478	0.621426220209179	0.0782572430271621	0	0	FALSE
"84928"	0.615073615373159	0.0290835767218815	75.4324503922467	6	TRUE	FALSE	0.558312368205627	0.677544203415204	0.101726993850954	68.4811542862244	81.3366241501062	TRUE
"84933"	0.682594614483162	0.0202537951366368	35.953705297721	6	TRUE	FALSE	0.613752750348647	0.745279688810227	0.0823872329960473	0	44.8416100611826	FALSE
"84988"	0.64241938081857	0.0319850876572599	68.1344894265677	6	TRUE	FALSE	0.547483191764709	0.740758800694033	0.0981033308406325	47.4426304893527	73.9136057154083	TRUE
"85236"	0.758908880639068	0.0250871842165154	21.7573894513935	6	TRUE	FALSE	0.723508128960145	0.805701444805477	0.123251046967333	0	60.1073249468993	FALSE
"8547"	-2.82957207949223	0.0387552161541325	93.8030108275695	6	TRUE	FALSE	-3.52085087390977	-2.61743250602717	0.124602290565583	0.00010784695768906	95.0637702457538	TRUE
"86"	0.649919234729524	0.03284577080165	81.3240497826734	6	TRUE	FALSE	0.595626241258688	0.725929209432037	0.112236458110981	57.8922350892365	86.6577720015812	TRUE
"8608"	-2.07466162682918	0.0160917557752165	31.805581865625	6	TRUE	FALSE	-2.23447209977289	-1.99147907833114	0.080401469689973	0	47.448923603886	FALSE
"8631"	-0.950647591317242	0.0189508407128152	49.3915313532484	6	TRUE	FALSE	-1.02869076601641	-0.872558675073941	0.0882687821957326	14.2761316843387	57.9863524459506	FALSE
"8644"	1.40401742418004	0.0115802536922153	18.8602545700743	6	TRUE	FALSE	1.35803569056095	1.48521968365486	0.0644712674041655	0	33.1314057474689	FALSE
"8655"	0.771267794443017	0.0294523728326812	66.614107167751	6	TRUE	FALSE	0.691483865138413	0.82836920511513	0.114146587278071	22.4696227934101	76.8874706458439	TRUE
"8667"	0.656294807835636	0.0243463972657534	31.673092259172	6	TRUE	FALSE	0.597970096865875	0.707754791909965	0.104392687174952	0.0060563564629085	58.228540191664	FALSE
"8682"	0.848203964055517	0.0417163733974418	83.7846061410276	6	TRUE	FALSE	0.786730274833961	0.965724736392573	0.134289973152986	0.00304823579542449	88.9015763087331	TRUE
"8685"	-1.9149730548817	0.0365036634489246	91.2072720155092	6	TRUE	FALSE	-2.0936395965808	-1.71333974403946	0.125168489409518	15.9671221222156	93.9289527788297	TRUE
"875"	-0.845553526480472	0.0447030833663977	56.6225997754312	6	TRUE	FALSE	-0.925521002912825	-0.760042179629049	0.154488134432422	23.1551344203756	72.2682224297519	TRUE
"8809"	-0.613150884253098	0.0417160698376938	82.1524437586019	6	TRUE	FALSE	-0.675585073560806	-0.560493709556923	0.134186671511123	67.6214248577423	87.7248080931635	TRUE
"8835"	-1.26343006687318	0.0487073581170946	85.9103922502665	6	TRUE	FALSE	-1.51951394871545	-1.15357119815602	0.144003009658357	0	89.3311398087071	TRUE
"8872"	0.721285736831537	0.0115802536922153	0	6	TRUE	FALSE	0.698974710178867	0.765975190915005	0.0618546664578277	0	2.73412374166315	FALSE
"8910"	0.822414031821415	0.0232306369190073	0.369421674852318	6	TRUE	FALSE	0.746052535204148	0.902829271720728	0.110697257768273	0	39.1465199687367	TRUE
"9055"	1.71855036072393	0.0417163733974418	92.3369619385968	6	TRUE	FALSE	1.57587569049252	2.03641881000282	0.13011895172035	38.9431149091552	94.7292658290092	TRUE
"90634"	-0.640803631975571	0.0287627514851275	62.8159876520352	6	TRUE	FALSE	-0.689399415063125	-0.587426422613259	0.120270819542665	46.4494471226037	71.7392507526873	TRUE
"90864"	-0.666512140640604	0.0230194341631006	63.7977553252994	6	TRUE	FALSE	-0.739864541480214	-0.609881606521229	0.0928665274476834	34.2477557353586	72.1800285755141	FALSE
"91057"	0.673769729142434	0.0115802536922153	0	6	TRUE	FALSE	0.653004630102919	0.714188531441817	0.0622985093653561	0	1.69059229115602	FALSE
"91404"	0.749697053968083	0.0209406253762991	64.9730884708962	6	TRUE	FALSE	0.695861415866304	0.860652582860753	0.0893405829471933	0	72.9600151896439	FALSE
"9232"	1.620115360275	0.0162366345970167	56.9328201080576	6	TRUE	FALSE	1.51829116820564	1.69839540823566	0.0823872329960473	0	70.7640438537211	FALSE
"92840"	-0.938662779586642	0.0205180395093244	0.00463815311836524	6	TRUE	FALSE	-1.03747314322047	-0.89493471806195	0.100317150324662	0	32.6077767181834	FALSE
"929"	-1.15236810445799	0.0307657778240864	72.7899417558871	6	TRUE	FALSE	-1.28219031101917	-1.05690571349883	0.115789467735924	0	81.1515138074818	TRUE
"92912"	0.677866563077852	0.0361588269628663	51.9103601848198	6	TRUE	FALSE	0.630501118677864	0.814967009521269	0.124822154588237	0	60.6780163115663	TRUE
"93594"	0.643666831251403	0.0443988379115687	82.4087958659888	6	TRUE	FALSE	0.582425099492758	0.722281609604694	0.138404276261174	69.1919137940471	88.1738932319878	TRUE
"9506"	1.067609529849	0.048970878426227	42.9081272115853	6	TRUE	FALSE	0.933143541682704	1.22982502913119	0.139748134661914	18.401504928805	52.9007790091457	TRUE
"9510"	-0.64355756699782	0.019337320127881	0.00351853521419247	6	TRUE	FALSE	-0.672088616327909	-0.589842870313667	0.125712297421158	0.0013835134852988	32.4794747680694	TRUE
"9719"	-1.37032210959132	0.0270694017806083	71.5046365185106	6	TRUE	FALSE	-1.49032750978764	-1.28021753261645	0.103133228221136	51.8538104598932	78.6744283668664	TRUE
"9761"	0.588682210733195	0.0240086055561741	45.9275624138869	6	TRUE	FALSE	0.51234067594148	0.62239566204705	0.0974894183565417	0	56.2103085672953	FALSE
"9775"	0.597178837759451	0.0164663033173916	32.5182371774029	6	TRUE	FALSE	0.543732055968124	0.649034409614481	0.0622985093653561	0	46.2268613446832	FALSE
"9787"	1.26500438505643	0.0365211576818992	88.2737740441367	6	TRUE	FALSE	1.07816338317401	1.39018771023245	0.120270819542665	71.6418771641528	91.9158174590031	TRUE
"9793"	0.708877065008255	0.0115802536922153	0.0232749697065079	6	TRUE	FALSE	0.68752675373152	0.733538447326441	0.0739459951337099	0.0232749697053221	24.4650784234322	FALSE
"9804"	0.6091920162121	0.0474343362810507	85.8211794782853	6	TRUE	FALSE	0.542442259383438	0.721031899716139	0.138250913937807	59.4642816358569	89.3155109375969	TRUE
"983"	1.13088897007916	0.0450812447705729	91.6678589705553	6	TRUE	FALSE	1.01136321023064	1.29518875299307	0.131499306624057	75.9146212090632	93.8136010743009	TRUE
"9833"	1.11319743215957	0.0438971099026453	94.177244209384	6	TRUE	FALSE	0.990322348903748	1.320012020881	0.132537665985449	74.9033311743426	95.8954362835194	TRUE
"9881"	-0.589169053791105	0.0484184122312727	84.0134693479138	6	TRUE	FALSE	-0.663382855158945	-0.503191926595594	0.144896833876409	69.6534925910321	87.9310603078119	TRUE
"9897"	0.979393177553494	0.0173036601171592	44.3663664795679	6	TRUE	FALSE	0.891154599974558	1.04992071528327	0.0746948116015982	0	54.141540337424	FALSE
"9918"	0.820621369357762	0.0127759792996141	0.00064953366949245	6	TRUE	FALSE	0.772870618294321	0.855606141619417	0.0639313101161539	0	2.23733080635708	FALSE
"9920"	-1.94440749823926	0.0245956291512756	86.2508083755868	6	TRUE	FALSE	-2.18237829940896	-1.77677936143151	0.0988003446503221	44.6987726124763	90.386185057685	TRUE
"9928"	0.839800020287221	0.0374556981731515	88.1452509770575	6	TRUE	FALSE	0.726643530824731	0.946020222477505	0.116430224459811	73.3493573695773	91.766580210699	TRUE
"994"	0.605471944570272	0.0375669709214474	69.1030020384912	6	TRUE	FALSE	0.537676215721804	0.68560004203405	0.125824008937243	48.2516798080482	76.3158873191591	TRUE
"9970"	-0.791795241828076	0.0296054625183219	0.00985628643908374	6	TRUE	FALSE	-0.840704536824036	-0.728008989012908	0.139301756720052	2.74901957542787e-05	31.3613056037335	TRUE
