path	bytes	sha256	section
.zenodo.json	1091	7d5cc9dba46831aad2599daba31bd9032482961aa2ef320df752eaf5ddb5bbfa	.zenodo.json
00_protocol/HCC_CBC_PUBLIC_ANALYSIS_SPEC.md	3419	29d30ff3a0a642de954079cba63a22c5f8346b450890a026dd429c78c14da4fe	00_protocol
00_protocol/README.md	686	238438e4ba5f5ecfa0dade05ec8e64ce06f88c8976b19278b8c8053a389190f1	00_protocol
00_protocol/cbc_external_validation_multiplicity_freeze_v1.0.md	3566	fc1cb6cbeae14418f224a0a644034b8dd14fd1a76e951d17fa9405c70185b1a1	00_protocol
00_protocol/cbc_icgc_historical_symbol_map_v1.tsv	2409	d9147786e331e314c918437f23796125603dde5641ffd85e84f45a8db0645418	00_protocol
00_protocol/cbc_icgc_identifier_harmonization_freeze_v1.0.md	2398	f034296ed2ea798210d96f609e38650e9f70fd30050c5bbc77ee5a8a08291214	00_protocol
00_protocol/change_control.md	637	5a71051f2e90c513745ddd263677c226bc1163685c2cab9c9a8267511cc2d1a1	00_protocol
00_protocol/cohort_manifest_v1.0.tsv	1414	4de408b751b7b055180c74efeb79ddfa05b260edab547dbe4064ef404e2a079f	00_protocol
00_protocol/sample_manifest_v1.0.tsv	103072	38ce6de0a7602da9a2b8e863420b60a2ce370c2263fe7813af1d107a2ab85a40	00_protocol
BUILD_NOTES.md	1501	1facbac0aedb49b0ea8126e8ee776a92d977ddef7201f796a8add4defdfb5db8	BUILD_NOTES.md
CITATION.cff	1312	6fb0c456128402c9ab76a4ae68f833be9e269b3497203a2c65b6e2461b7cb1d8	CITATION.cff
CONTENT_MAP.tsv	1436	c84a6f75a711017fbb23b12a59dff98dc07b4d30a377166e1f4c08b90977cc9c	CONTENT_MAP.tsv
LICENSE_CODE.txt	968	06df628fd76c4c911217eaeb05b6abff5200625df7a814d913e9c30ce4828d45	LICENSE_CODE.txt
LICENSE_DERIVED_DATA.txt	391	d22b6f6c1682c92344a164fefee5106598f2f4adf8602e8073b6da69c32992db	LICENSE_DERIVED_DATA.txt
MANUSCRIPT_AVAILABILITY_AFTER_DOI.md	1530	1336ee610697ea3abd0e936802bec0b985ebf6c21035d48faaf6fa316351543b	MANUSCRIPT_AVAILABILITY_AFTER_DOI.md
Makefile	1139	088e71785e517313103220f198553d7255a7493d577c290079a1eadd66d964c9	Makefile
PUBLICATION_HANDOFF_zh.md	1469	e3307a943145cabb0ac4a238011923b15125c6301ca1b86e1d355d4b7034a765	PUBLICATION_HANDOFF_zh.md
PUBLIC_RELEASE_AUDIT.md	1817	6f5d0728ba6265094ba3d9091b971a7e758b901360dcd0ee9098856598553852	PUBLIC_RELEASE_AUDIT.md
README.md	3342	b6c706853b9cfd162ca286ab3908f3ad53ca9ed354ed94d4f22c7c654fcfa5f0	README.md
RELEASE_STATUS.md	1653	587f44066f60b75de0bec8c1c2c7fb373c3f3d0f10365c66a99e9d2718ff2f5c	RELEASE_STATUS.md
VERIFICATION_REPORT.txt	774	508ca869cc1c35b6a3c4a038a5d29d55bcafc991b528f6d45e1d485bc21f84d6	VERIFICATION_REPORT.txt
ZENODO_METADATA_TEMPLATE.yaml	1710	fc16cdc89bc5f658339150288038ce9569cc3762f231895b4ec15e8596482bc1	ZENODO_METADATA_TEMPLATE.yaml
manuscript/README_CBC_zh.md	3362	28423f73381c845b1f1e3c6e2a7b9dd164bcf0137989d64f7aa1fafd033fe0e2	manuscript
manuscript/endpoint_disposition_table.tsv	1204	c449c1893ed3c278ef390608cbb24b71003d9500c43fb3297e48cae452e2affd	manuscript
manuscript/figure_contracts.md	995	0ef569a1b09df5c1450cf646f712af2161de09710f9ba2d39d7dc86d2cf2bb94	manuscript
manuscript/figure_panel_audit.tsv	1190	5baba3f85a1578788386bdd7201f1bfb092f1dabaff83c115240a5a75c8f0774	manuscript
manuscript/figure_qa/Fig1_discovery_robustness_CBC.alignment.json	71	3725f8d23813f92b575f4a0a5781f2c7d662b3e1ea32e9fd10d9658063cd7502	manuscript
manuscript/figure_qa/Fig1_discovery_robustness_CBC.alignment.svg	1157	54b00e4b70f25fbde5fd964a7df572114c06e277271fbc071956e98cf925a489	manuscript
manuscript/figure_qa/Fig1_discovery_robustness_CBC.collisions.json	2247	3f4fda64b5ee6723d51c5d3a6dc0eca21f74023b4e88185cfdb7e38d70212cf3	manuscript
manuscript/figure_qa/Fig2_dual_fdr_validation_CBC.alignment.json	71	3725f8d23813f92b575f4a0a5781f2c7d662b3e1ea32e9fd10d9658063cd7502	manuscript
manuscript/figure_qa/Fig2_dual_fdr_validation_CBC.alignment.svg	1157	67573ad089c8639b80bb55cff1a703ea028dad8ce8c9dca982cc76d423eda83e	manuscript
manuscript/figure_qa/Fig2_dual_fdr_validation_CBC.collisions.json	2839	2cecab982a1ef1544eac354fe1a3dc6ecc5b7d1d4ab4938a89ad6771fa9e0e72	manuscript
manuscript/figure_qa/FigS1_single_cell_localization_CBC.alignment.json	71	3725f8d23813f92b575f4a0a5781f2c7d662b3e1ea32e9fd10d9658063cd7502	manuscript
manuscript/figure_qa/FigS1_single_cell_localization_CBC.alignment.svg	946	9c21901ffbeb4ec18afdf3ac66ed1dfc5f6e5b4d059ff7ceb367b7136898af07	manuscript
manuscript/figure_qa/FigS1_single_cell_localization_CBC.collisions.json	564	63134d691b1a6119cbb5aa043ada0cfe20c9abdc5d169765bd14751a5e725181	manuscript
manuscript/figure_qa/graphical_abstract_CBC.collisions.json	1144	89df9ea01e05addae3534b1c37a5f0b30909af5bd7b9a9c8c72ecd0c84308af6	manuscript
manuscript/figure_qa_notes.md	352	76b82bfd9ff90fff8c2bcc4f78c78aca70e07ac7b6e2b076469fa880d733b7ed	manuscript
manuscript/figures/Fig1_discovery_robustness_CBC.collision.json	561	2ff388fa0b949fe94135ac9104f6bed6e62a13a43f393639eb80633f5340b183	manuscript
manuscript/figures/Fig1_discovery_robustness_CBC.pdf	63202	01cfdc8be30b8eb05eb83c7c3c94e9500cecab65ba44c99cda71ed66be9cbb88	manuscript
manuscript/figures/Fig1_discovery_robustness_CBC.pdf.collision-audit.json	2247	3f4fda64b5ee6723d51c5d3a6dc0eca21f74023b4e88185cfdb7e38d70212cf3	manuscript
manuscript/figures/Fig1_discovery_robustness_CBC.png	1184985	9d19decb03ac47b75a088cc611b7eb77ae5855a6479bd376efe94d18b1d41199	manuscript
manuscript/figures/Fig1_discovery_robustness_CBC.svg	93501	7c6e4700eee4cef69c2288fa0e692f1fe5ce91e976657f72472e486529eeb231	manuscript
manuscript/figures/Fig1_discovery_robustness_CBC.tiff	2020038	be83c2f0a4ea92a6a50fb9d494ead558c3e009445e569b6a27dd702ee10633a3	manuscript
manuscript/figures/Fig2_dual_fdr_validation_CBC.collision.json	562	48bb5d1169ac19781b945377786e4fb63c72b64a667cda32785fcbcd88e9fe47	manuscript
manuscript/figures/Fig2_dual_fdr_validation_CBC.pdf	36153	67200bb389ba617f12ffa4d188694725863a37f65013158193e3906c7f195770	manuscript
manuscript/figures/Fig2_dual_fdr_validation_CBC.pdf.collision-audit.json	2268	9d70efe19a83f98145b729d5cb94a6199dff814a474dbcdc408f34288bd0c794	manuscript
manuscript/figures/Fig2_dual_fdr_validation_CBC.png	653121	d635c479ec89bc40dbb2d0910938da88a39ca87f50d539958e2e04fa92344e14	manuscript
manuscript/figures/Fig2_dual_fdr_validation_CBC.svg	53656	8f69497ca16ca856e27c8f00ce5677b145ab8959b234237541afb5b1f8518b46	manuscript
manuscript/figures/Fig2_dual_fdr_validation_CBC.tiff	1270644	ebc44088ecf9ec610dd2bf8f10b74569ab0d6271088f255a81735f279ed35245	manuscript
manuscript/figures/FigS1_single_cell_localization_CBC.collision.json	564	63134d691b1a6119cbb5aa043ada0cfe20c9abdc5d169765bd14751a5e725181	manuscript
manuscript/figures/FigS1_single_cell_localization_CBC.pdf	57027	f970db1a74c8f9b567eaea2123d32b6d05932fce3054e6ba37d11db6afec872e	manuscript
manuscript/figures/FigS1_single_cell_localization_CBC.pdf.collision-audit.json	6002	c4348c1d5ccaa728af4ad77d3be32b116f4f38d88d4a967b2db1c4ac9c0c6b72	manuscript
manuscript/figures/FigS1_single_cell_localization_CBC.png	1993982	e3b47d4141e103dc51b9670045278cead3812e1d87519803d4579fc68890301c	manuscript
manuscript/figures/FigS1_single_cell_localization_CBC.svg	87925	eb666c3eff9e51cac6de5dea0dab7b17d031d59b746c02f5d25af4fe9cfb83a9	manuscript
manuscript/figures/FigS1_single_cell_localization_CBC.tiff	3064902	0cb5b3a9872a8d26265f1bf5c41841a195c15bcb332e19d2a4ce6e7dc517b96d	manuscript
manuscript/figures/graphical_abstract_CBC.pdf	23005	50329fd057cd524e903bf08d984a958c8175153756afa6afe34e6614078dd05d	manuscript
manuscript/figures/graphical_abstract_CBC.png	153603	e6358fd1ceb3a1430200432b1d334f69ebf140e8094617f21353af3860b0dd52	manuscript
manuscript/figures/graphical_abstract_CBC.svg	7109	2e6833d7d62133d40f791ce4db859675e4efdd1fecf3d2b3c3d60980efe400a9	manuscript
manuscript/highlights_CBC.txt	337	76c3f22f38b0c84db0a260d7149ef60a4980c4246113035143661d9315d663f5	manuscript
manuscript/manuscript_CBC_en.md	37435	12f0acb37e9d6799fa614e4fef1a6bb8e4c81dc99221dcb92adb56ffb6b169f5	manuscript
manuscript/qa/nature_figure_backend.json	26	7a050fee710b1e9965f9a12c3323f0b88bc0be8758a8045a4ad5378f0c2e2c2c	manuscript
manuscript/source_data/allain2016_overlap_gene_level.tsv	6409	579a4607fbbf05e10c6b00fca116e8d522f4150b5745f3bf34a43ad7e4989201	manuscript
manuscript/source_data/allain2016_overlap_summary.tsv	470	53eb98d91b35243e03f08e89a9318da750e6598aa876ae9dcce958781d9c31fe	manuscript
manuscript/source_data/candidate_celltype_localization.tsv	249806	f0bb7c95111bda985fa749851bca17aeef1f05ec4a1a983fe15440344c8e70fe	manuscript
manuscript/source_data/candidate_dominant_celltype.tsv	25548	1aec838edc225d231d0c80457e91b068c2adf55ed8ad4eaa2e9c8b40290b7c74	manuscript
manuscript/source_data/candidate_downgrade_audit.tsv	271359	52033824c856994c832fbe449755bc37cd784ddc1d9de5df2ee8feacd1ad49ed	manuscript
manuscript/source_data/cbc_icgc_historical_symbol_map_v1.tsv	2409	d9147786e331e314c918437f23796125603dde5641ffd85e84f45a8db0645418	manuscript
manuscript/source_data/cell_metadata.tsv.gz	4164200	3f38006c7551f5d7cc410eb8de709620d1e6986c2481d613cdd4adb8a54f8fd6	manuscript
manuscript/source_data/cohort_differential_summary.tsv	237	481355d99df4c7f586dfc398d0a69dddddf19b443bb444b1ef446907c2548ad2	manuscript
manuscript/source_data/discovery_external_sample_identifier_overlap_audit.tsv	528	98b965df9fd3d2b1128c9e89996f7c6d758b5f605108c2de36e2f682c48f8067	manuscript
manuscript/source_data/external_concordance_direction.tsv	3173	460f1fa7e72f4b58e0e3078bda9a08b42cd5cd97ff922a9eeaf6d1dd78305f65	manuscript
manuscript/source_data/external_effect_size_concordance.tsv	2171	4ff936b1e86a66f8a857caf942d45c42598ebaf8c9870645fc79222a1973aa85	manuscript
manuscript/source_data/icgc_locked_candidate_identifier_harmonized_sensitivity.tsv	104574	c2d904b62b7952dd4e020cf91f5c21a592db334d36a840c226191ce6290b9481	manuscript
manuscript/source_data/identifier_harmonization_counts.tsv	795	95463dc8298c1b127907aa48922160c95707bdd00003f7c9ca96785abfbc97d9	manuscript
manuscript/source_data/meta_all_genes.tsv.gz	2018411	6a17fbd60e2611cbe2c4e9835ed7551bc925ec54ae354bb122be48f0d6658994	manuscript
manuscript/source_data/multiplicity_counts_with_denominators.tsv	3548	79cf731beee5875ea2e77a01e2bdfb53f50e1d8e151c42dabb68bbf930db87a0	manuscript
manuscript/source_data/tcga_filtered_discovery_robust_candidates_audit.tsv	1084	e14a7255694add040ff923e0b88fcc953b8e24a0656d9b20dc36fcc02b253fe1	manuscript
manuscript/source_data/tcga_icgc_identifier_harmonized_sensitivity.tsv	51998	e9c8aa745e91c940e3ede3ad00c3da6d2f491bab62be027a2ac4897e3b5e7da8	manuscript
manuscript/source_data/tcga_locked_candidate_multiplicity.tsv	97667	76665fbf1ad03852e689684fefb18702b1ea954784d56d2e83ccffe3bc27e71c	manuscript
manuscript/source_data_manifest_CBC.tsv	3749	46ae0b0c76df761b99f60122885d2794eec3c2c44e977a62b7ca763046a53396	manuscript
manuscript/supplementary_information_CBC_en.md	10747	fe928489ca3c85b1a8d0f9b98837f11aa0ec3bc19d03d2008cd5af1cfb06c447	manuscript
results/analysis/analysis_summary.tsv	320	f8ec45b5afa9b2e98e39b97ba01a000527bccdafa1dafaf1c92c45dd9bddc8cb	results
results/analysis/annotation/GPL10558_probe_annotation.tsv.gz	480227	7d7438c6f5bf33ad9b4ee6b860fb0eff6395ecdf6be3b810725659f6bfdcdfce	results
results/analysis/annotation/GPL16699_probe_annotation.tsv.gz	675853	e7729d0d04bf316fe9bf3f14800ea482e7706a324e71514cd24ca40150c7bdc2	results
results/analysis/annotation/GPL570_probe_annotation.tsv.gz	560253	f8662573348d02c0622b0dd4cd2b08d691075116380912013deffacabf1d5b16	results
results/analysis/annotation/GPL5918_probe_annotation.tsv.gz	218597	cbffb70d376ca9655c949fb2f31542f81dda71cc69d7220826432bcb9c1c4512	results
results/analysis/annotation/annotation_summary.tsv	257	ec7ed28d7c247a02104bd231b4d9b2d620c39a8eb09bc777976312f8ff2a5d2e	results
results/analysis/candidate_lock/candidate_set_v1.0.tsv	121342	67c37d32b4764b5a5e5201711909fa173c13075929326c9f57b362e9860eac8e	results
results/analysis/candidate_lock/candidate_set_v1.0.txt	283	bff9f062cb90819d330b2260e6f981552352dc8a4203c85f309ca38af9c77715	results
results/analysis/candidate_lock/candidate_set_v2_high_confidence.tsv	45874	55110e282bf9d26619de70d6e8c1e5972d050766b034a6fa06009021ae9fd3cd	results
results/analysis/candidate_lock/candidate_set_v2_intermediate.tsv	32669	23812a47c8df31301aca8a9061ecd7da56dd41afa5f214a3fc6e4a585494aa59	results
results/analysis/candidate_lock/candidate_set_v2_metadata.txt	979	de0a514ac65e5ca498262a02ced28b2358c42dbe752aa5e34b45a9eaa6d4fd82	results
results/analysis/differential/GSE121248_paired_limma.tsv.gz	1288926	c3d9dd09834fcf1bed2a5c632ae0d139e3e6c851c4ea241f68160fe0c29925c2	results
results/analysis/differential/GSE121248_primary_samples.tsv	19019	028a228108ec6499865387e3d57b15e26922811e606a9bf9dabd517a38b64eb1	results
results/analysis/differential/GSE45114_paired_limma.tsv.gz	540709	da3e9cd904e344b867570e15092a5330c76c242523cbe6a5b722a7b7acc1efde	results
results/analysis/differential/GSE45114_primary_samples.tsv	11065	a43df4fde9f12d44c7452a178c6a52a5420a325e091fd518192300271b6af5ff	results
results/analysis/differential/GSE57555_paired_limma.tsv.gz	1253375	66bf7ef92a90dddc043f2e8c5245ce852f1557d3db2181604d7a9340a55b600b	results
results/analysis/differential/GSE57555_primary_samples.tsv	2417	d24959f97ba7c16cf45bcae5b9a4ebd968826779e6dabaf7bb7405b92addd060	results
results/analysis/differential/GSE57957_paired_limma.tsv.gz	1279854	d2d2ea9b506fb5aeef2b8e497e53da15ef8d9a7636688e4eba192c84b7f6eda5	results
results/analysis/differential/GSE57957_primary_samples.tsv	13945	1bbb5c526151f3b757757eea5f88c3a17ce2b81869f6e965664b0a4e1991626a	results
results/analysis/differential/GSE76427_paired_limma.tsv.gz	1287704	154c6c91e538312929199f1503ee0470fe72011bc80422c8cb38020bad5c4dea	results
results/analysis/differential/GSE76427_primary_samples.tsv	24955	0b4434814904ad2301612cde65a426cb4f87a517a58c52129abfd1be81c8f262	results
results/analysis/differential/GSE84402_paired_limma.tsv.gz	1253591	59614c036ac46b51d76fb2656c4f6e7d2ab6184cae3ecaa96986e5a0c0e42cca	results
results/analysis/differential/GSE84402_primary_samples.tsv	8621	fa33a86faabdb8d75c3a08e4e7b7e35792b4af847efb04186fa438200f44463e	results
results/analysis/differential/cohort_differential_summary.tsv	237	481355d99df4c7f586dfc398d0a69dddddf19b443bb444b1ef446907c2548ad2	results
results/analysis/figures/meta_volcano.png	655084	4869c07e3160cf287b0219e382b9fc916147226ba7bda7041f06b5c97d1b7f8a	results
results/analysis/figures/top12_forest_plot.png	289571	d14a4a6eb1b2955eba705db22b59a8387cd50d72fd4d2e2fdee51af6ea33ffa1	results
results/analysis/figures/top50_cohort_effect_heatmap.png	231886	9cb77f84bf3cdd2d4c774fe10824c00588d41066b26005ea107b11cf6c0606dc	results
results/analysis/meta/cohort_log2FC_wide.tsv.gz	1225897	a06c5d495b57ef0f1f5e95cca6322727594b6c833a54a8be19b5308230a6ad80	results
results/analysis/meta/meta_all_genes.tsv.gz	2018411	6a17fbd60e2611cbe2c4e9835ed7551bc925ec54ae354bb122be48f0d6658994	results
results/analysis/meta/meta_analysis_failures.tsv	16	cea917f8336b7d42ab31fe096d1c42a4b7dcda6fd9fddebb3a2d3c68085f794a	results
results/analysis/meta/meta_analysis_retries.tsv	12494	92ce8840263df6335dfa458b8832b04de3274f93d52803848dcb64bea6190b25	results
results/analysis/meta/meta_analysis_warnings.tsv	6267	ea91713acd538dac70a4f34f27b0035e218230006a58773b93766dad01c21c21	results
results/analysis/meta/meta_input_long.tsv.gz	3068578	3927802766e5a73d9b932a5d1cf88ffaf6fabf25c9505fec40f91d4224115546	results
results/analysis/meta/meta_primary_hits.tsv	121342	67c37d32b4764b5a5e5201711909fa173c13075929326c9f57b362e9860eac8e	results
results/analysis/meta/meta_top20_primary_hits.tsv	5083	384ed3459e8e6b3a6154a043235fcc8dcfe3bafb8fcc05a613fae74249efe83a	results
results/analysis/run_summary.md	618	6393006462b44dfe4a17880bbfe043f48ca3f0e7c5269e982970999a6e48fbd3	results
results/analysis/sensitivity/all_samples/GSE121248_all_samples_blocked_limma.tsv.gz	1314649	1f9359c7f067db917fef8ff799542239bc4c27396c748d5c3939fa9ad716dcc5	results
results/analysis/sensitivity/all_samples/GSE45114_all_samples_blocked_limma.tsv.gz	547111	e946a98c23df8e38d3b67b655059e05968062820bc732e30bb025080b67458d5	results
results/analysis/sensitivity/all_samples/GSE57555_all_samples_blocked_limma.tsv.gz	1276845	c98ed465a7334744ec7294063109ab17d39d88c645cc12fb6105abed1ad56c39	results
results/analysis/sensitivity/all_samples/GSE57957_all_samples_blocked_limma.tsv.gz	1295799	bb954340d77f9b61332d17db3806d3748c7d832d79bbd49d878b92f8e139737f	results
results/analysis/sensitivity/all_samples/GSE76427_all_samples_blocked_limma.tsv.gz	1309580	971d7adc662b0eb648907a70ece52ca96eef64a20f04435dd71a808fb6ce75f9	results
results/analysis/sensitivity/all_samples/GSE84402_all_samples_blocked_limma.tsv.gz	1269975	5ba8910b8273a058122353248062cd4dcc8fab376766ec8d7000d82a0b0a85ce	results
results/analysis/sensitivity/all_samples/all_samples_candidate_comparison.tsv	74630	30e3b794f263baef4dc35c3e9c511318d51ab2288417fb09731771ecf34ca4bd	results
results/analysis/sensitivity/all_samples/all_samples_cohort_summary.tsv	489	39b1a31e18ff626760c8f72825c8b4bd8c869eae3798c9640bf0afa74d41898a	results
results/analysis/sensitivity/all_samples/all_samples_meta_all_genes.tsv.gz	2041535	af89954f3ff923360a5bcb6d4e5a125aa67e8801dd33338865a11dc879b25644	results
results/analysis/sensitivity/all_samples/all_samples_meta_failures.tsv	105	d7d75e125bf836d8e51c311d31c0240800ccead519aa20065b185b4b252dbe27	results
results/analysis/sensitivity/all_samples/all_samples_meta_input.tsv.gz	3073815	0d7dfde27bc99fe0d6e6b0d510005185e16843632dda474dfa7a568e859f03f6	results
results/analysis/sensitivity/candidate_downgrade_audit.tsv	271359	52033824c856994c832fbe449755bc37cd784ddc1d9de5df2ee8feacd1ad49ed	results
results/analysis/sensitivity/confidence_stratum_counts.tsv	329	ab0627df399070d83049eef79d4fb5269a7d03d7164246f5cbb1cd81631408e2	results
results/analysis/sensitivity/exploratory/candidate_set_v2_exploratory_only.tsv	43281	d94eccf6e5a1d1420ca972695f7e2741a8debd9de6fe4802b1c3dd5edaa49879	results
results/analysis/sensitivity/figures/candidate_effect_concordance.png	222289	f097c4db1c326478ff203f302bd9a1d33e252e90b7bbe06dca4f94029461586f	results
results/analysis/sensitivity/figures/leave_one_out_candidate_stability.png	99945	cf6e6c75f1653a9a7c26183a10eb8090148371bae9b8fc76ecd30669f3623f45	results
results/analysis/sensitivity/figures/leave_one_out_pass_distribution.png	58129	dfe2646f6b735c19c09fe521bc352e8ef80996803a3c611ea09b63330cb24bba	results
results/analysis/sensitivity/fixed_effect_all_genes.tsv.gz	1624881	8726c3eadeff08ade59db2492d8ec7a9c80b674f1541fe5d7ab18f19d64e062e	results
results/analysis/sensitivity/fixed_effect_candidate_comparison.tsv	75244	cedaca1b308095486dee8395cefb266233bb1fe586dfb15254f2fe140ff241e8	results
results/analysis/sensitivity/leave_one_cohort_out/candidate_leave_one_out_long.tsv.gz	316380	afa5b8d24e028fa1e514410ccdcc5cf121588be9bbdcfe17a4bdb06b690e338f	results
results/analysis/sensitivity/leave_one_cohort_out/candidate_leave_one_out_summary.tsv	71550	8d3e65188a65d0270c1d80abe39dfa8a1b6e0d47bd60c8aa647ad3f9f9e3c746	results
results/analysis/sensitivity/leave_one_cohort_out/candidate_pass_count_distribution.tsv	53	6edbdf4dc2f9657545ff3af215a6b649f5713ebe4d3302959ef410a024cfc608	results
results/analysis/sensitivity/leave_one_cohort_out/leave_one_cohort_out_all_genes.tsv.gz	11988787	fcb7660c90d580dfb80814b55cc79350bb874323921e4ce6903a5323cf1ba958	results
results/analysis/sensitivity/leave_one_cohort_out/leave_one_cohort_out_failures.tsv	29	18319621367aaeb6a313c13ce7e68924da521b6c15ae4c3c9be50f8e41e55b8c	results
results/analysis/sensitivity/prespecified_subsets/adjacent_non_tumour_only_all_genes.tsv.gz	1639772	d17b9e291946784ffc78b4b363551cc3cfeebdbb2dac9a203ff8fe5f4eb59473	results
results/analysis/sensitivity/prespecified_subsets/adjacent_non_tumour_only_candidate_comparison.tsv	66141	8cf6a82f7bbd3c24173070b970e1d4884da39836705f2a954247afa2832a5527	results
results/analysis/sensitivity/prespecified_subsets/affymetrix_only_all_genes.tsv.gz	1640364	5641cb1dc8e5207f9833f53d207d29fc42a44d6f88786e326238cfc197ef7805	results
results/analysis/sensitivity/prespecified_subsets/affymetrix_only_candidate_comparison.tsv	64340	af5217c606d3c8d02003fdb9708e1da3d864961a1a4961496c824695a85be186	results
results/analysis/sensitivity/prespecified_subsets/cohort_exclusion_summary.tsv	306	200caf5ec7e50f279a0f228a2fab4b2d0585c076dbbc4800fb82a76b28396e13	results
results/analysis/sensitivity/prespecified_subsets/illumina_only_all_genes.tsv.gz	1705639	568b066274ab6e704839532f0ae95a5d6f36a3c52ecbf144b092d3d92b082559	results
results/analysis/sensitivity/prespecified_subsets/illumina_only_candidate_comparison.tsv	64616	b05db7768be606d6cb06b6e5310c173663730521feca7862cd88f4e5372eae48	results
results/analysis/sensitivity/prespecified_subsets/subset_sensitivity_review.md	1111	cb0a1f06e5d8fddccef8140605ca9b616c81c5b0713adf06c1b675b58015df05	results
results/analysis/sensitivity/prespecified_subsets/subset_sensitivity_summary.tsv	651	da520fc66233cbd36ef751994c11036486f86c1071ec9312e5400b1fc5217f90	results
results/analysis/sensitivity/run_summary.md	289	728c0bfe4d841bdaf7e15bfa0d2f5861df8864998ad5c0731423ec1466b0633b	results
results/analysis/sensitivity/sensitivity_review_zh.md	6030	e872de023327aeaeffcd03c83b921254d8a4c4d28bfd4e83d97aeca69f31dd50	results
results/analysis/sensitivity/sensitivity_summary.tsv	471	b6314761e59b6a67df80ca735b5de9ac5f1b0f9e2afd2069792f79817e939dcc	results
results/provenance/R-sessionInfo.txt	779	588bc3935307773cabb0c7315e27f35a0791a978de098a9d5350f184a275dcf8	results
results/provenance/conda-packages.json	98866	29557139c2913220281d275c9bd138e4f030f12e1ca606eb7724f1c3e1cc19b1	results
results/provenance/download_manifest.tsv	3017	bf642fba07af4eecdf948c56f8e18f36952916689a1758641dbb742f504270e0	results
results/provenance/implementation_audit.md	1995	3cb9783ba33dad8f5746d86ff693ece4c98753b2113c285432f8a218f1ac6c33	results
results/provenance/raw_file_manifest.tsv	28948	2dcb357b9adbae1111ec698941b80cb08ec6b9dd5d0f45844230b3f6cbf15fe8	results
results/qc/all_sample_qc_metrics.tsv	106387	818447921574a9a797cbef2aad652ab6862a360f93639ecf2e6de10233a6936a	results
results/qc/input_validation.tsv	22082	d6682e345aed03013426023b8d17f1a4b85223f2086745f8d613290e6f328087	results
results/qc/input_validation_summary.tsv	267	717e75541ad8d4d019b25ef511317fdf54862bce62da7185eddfad8595c518c6	results
results/qc/qc_decisions.tsv	6110	f53d6073b3199caac6edadeceb6fa03d235d6b59f896691aa6028d37477374fa	results
results/qc/qc_exclusions.tsv	357	7b2d7e0e45a05c0b406cf3e431904ab430073afddf71d67ec509589c1850f0b8	results
results/qc/qc_result_review_zh.md	3213	191dc34ee895e2744866791718705604c73b6e0e9c31bfc2113866f39c6d2848	results
results/qc/qc_review.md	932	1cdb8534527e2f10dc4ce2c440ad26f548152f137ce33c30536ec6114bbb57da	results
results/qc/qc_summary.tsv	830	09159ae52e7fd2945715a3c4155d2ef1ef37d0d9fd29b716dc53f65e693bb916	results
results/validation/cbc_external_validation_v1/external_concordance_direction.tsv	3173	460f1fa7e72f4b58e0e3078bda9a08b42cd5cd97ff922a9eeaf6d1dd78305f65	results
results/validation/cbc_external_validation_v1/external_concordance_review_zh.md	4742	c54d4cc3b5d356cc92e4ea66b93ca9edfe4dde1317eaa57ae5a8654e29825cec	results
results/validation/cbc_external_validation_v1/external_effect_size_concordance.tsv	2171	4ff936b1e86a66f8a857caf942d45c42598ebaf8c9870645fc79222a1973aa85	results
results/validation/cbc_external_validation_v1/icgc_complete_filtered_transcriptome.tsv.gz	1393161	543cee99cac36bbb94e1bec7961c1b54a8a77aaf2e933c3c07b80eef20a31406	results
results/validation/cbc_external_validation_v1/icgc_locked_candidate_identifier_harmonized_sensitivity.tsv	104574	c2d904b62b7952dd4e020cf91f5c21a592db334d36a840c226191ce6290b9481	results
results/validation/cbc_external_validation_v1/icgc_locked_candidate_multiplicity.tsv	94429	f188a6767a378f0ea89df7795957eacb1c9756de7b0621130fde14fb3216332c	results
results/validation/cbc_external_validation_v1/identifier_harmonization_counts.tsv	795	95463dc8298c1b127907aa48922160c95707bdd00003f7c9ca96785abfbc97d9	results
results/validation/cbc_external_validation_v1/identifier_harmonization_review.md	688	1f349f2ede7e1af49dd2d660caf2af56592d66364eab24dc1876e7987d77bb47	results
results/validation/cbc_external_validation_v1/locked_input_manifest.tsv	627	47b52711fdf958a683a370f8434628deb9880a5f2fa13d294ad4e52bfa17890a	results
results/validation/cbc_external_validation_v1/multiplicity_counts_with_denominators.tsv	3548	79cf731beee5875ea2e77a01e2bdfb53f50e1d8e151c42dabb68bbf930db87a0	results
results/validation/cbc_external_validation_v1/multiplicity_reconstruction_review_zh.md	1202	b089081a76bbcbac89c6818729f473eb806a1ccf405b26b7374cc2951d4ed227	results
results/validation/cbc_external_validation_v1/normalization_and_multiplicity_audit.tsv	763	86f20d80ebbeeec257da0ee08301ee01d0562099dcdbe7b39ee614b1470484e7	results
results/validation/cbc_external_validation_v1/tcga_complete_filtered_transcriptome.tsv.gz	1155792	1d7d65a4217921dd1d0f6a4ebee75608c218bf1814e10c0d983137113e89f285	results
results/validation/cbc_external_validation_v1/tcga_filtered_candidates_review_zh.md	529	786adce8628a8b2e6c017a224160df82b7b874cac5da26be5ebda80cbac9d5eb	results
results/validation/cbc_external_validation_v1/tcga_filtered_discovery_robust_candidates_audit.tsv	1084	e14a7255694add040ff923e0b88fcc953b8e24a0656d9b20dc36fcc02b253fe1	results
results/validation/cbc_external_validation_v1/tcga_icgc_identifier_harmonized_sensitivity.tsv	51998	e9c8aa745e91c940e3ede3ad00c3da6d2f491bab62be027a2ac4897e3b5e7da8	results
results/validation/cbc_external_validation_v1/tcga_icgc_locked_candidate_cross_validation.tsv	87115	36cd16d071d72d0793618813aa410e4e64e6f22e17c18b0b83d98ae400727d9c	results
results/validation/cbc_external_validation_v1/tcga_locked_candidate_multiplicity.tsv	97667	76665fbf1ad03852e689684fefb18702b1ea954784d56d2e83ccffe3bc27e71c	results
results/validation/cbc_targeted_revision_audits_v1/allain2016_overlap_gene_level.tsv	6409	579a4607fbbf05e10c6b00fca116e8d522f4150b5745f3bf34a43ad7e4989201	results
results/validation/cbc_targeted_revision_audits_v1/allain2016_overlap_summary.tsv	470	53eb98d91b35243e03f08e89a9318da750e6598aa876ae9dcce958781d9c31fe	results
results/validation/cbc_targeted_revision_audits_v1/allain2016_signature_935.tsv	15946	03aaad68c058600da0d0f56c74653058d87edef957d404b3f7747fbac04fa73f	results
results/validation/cbc_targeted_revision_audits_v1/checksums.sha256	593	98144c85d1cb1df1b7b41a0ada368700c6a0927befae7851b9e2e2f4fed790dc	results
results/validation/cbc_targeted_revision_audits_v1/data_manifest.tsv	338	62d78c31e5e298b5a6401f754f2062c56637e175b98c5e42b84b66ce2e310134	results
results/validation/cbc_targeted_revision_audits_v1/discovery_external_sample_identifier_overlap_audit.tsv	528	98b965df9fd3d2b1128c9e89996f7c6d758b5f605108c2de36e2f682c48f8067	results
results/validation/cbc_targeted_revision_audits_v1/targeted_revision_audit_zh.md	925	0e54f8158137cffd3f726f3ba0092a0235268ecb958ea3037d04462d1dd7d27e	results
results/validation/gse202642/candidate_celltype_localization.tsv	249806	f0bb7c95111bda985fa749851bca17aeef1f05ec4a1a983fe15440344c8e70fe	results
results/validation/gse202642/candidate_celltype_tumor_adjacent_pseudobulk.tsv	394782	cfd21da652dcf566ac728b6a7a93e6cbbcd39b8b2b688a11c122dba39878f91f	results
results/validation/gse202642/candidate_dominant_celltype.tsv	25548	1aec838edc225d231d0c80457e91b068c2adf55ed8ad4eaa2e9c8b40290b7c74	results
results/validation/gse202642/candidate_patient_pseudobulk.tsv.gz	505202	96f7d003ef24799dae8ed712543425b294621d42beed3fb8bb02a0f7033eeb58	results
results/validation/gse202642/cell_metadata.tsv.gz	4164200	3f38006c7551f5d7cc410eb8de709620d1e6986c2481d613cdd4adb8a54f8fd6	results
results/validation/gse202642/cell_type_marker_table.tsv	24942	8111305c012240716dc16839beb5590abd9b68cbf8fb6ab6db95a9f8b9567421	results
results/validation/gse202642/cluster_to_celltype.tsv	868	ce4f656538252922cd9a241cb5bfae0ba5d65d6ed6e9891d459d94cfa8b5ebb8	results
results/validation/gse202642/data_manifest.tsv	1249	d377688b9852d7aa1bbc4e16882f2a6b63e0ddcd8fcc896e7041119aa9131695	results
results/validation/gse202642/download_checksums.tsv	385	15a91d1e84570b3be00a6f70cd2241610db0919bdad0968b597e1e5e055f3cc4	results
results/validation/gse202642/figures/feature_ACSL1.png	136793	e38f3ebed1b236760f90dd5b3792704744d60b21a19949a0f47df08621f682ea	results
results/validation/gse202642/figures/feature_C1QC.png	139522	51caa4d7d2b0ac463e02f6b8b07674211f6ef77ceec61decffbaa9edf83b1234	results
results/validation/gse202642/figures/feature_HSP90AB1.png	205833	56e7bcdbdd3d2d3be76c20774458f7fc23b80cbd8dfc663596a570be932aa6dc	results
results/validation/gse202642/figures/feature_RPS21.png	202123	4004aa76dccb37601f7c163823cdbd20783860f29388f356db48abf481ace7cc	results
results/validation/gse202642/figures/feature_SAT1.png	206360	d8267b6e00fb84d65903cef97141690c0cada0ecf2c4438af50f0f23ec97ed23	results
results/validation/gse202642/figures/feature_SLC25A37.png	138467	713881669ef261a62147f5c5bcdc4fc979267178448cd6ea2af16cce9578c25c	results
results/validation/gse202642/figures/high_confidence_dominant_celltype.png	19461	622c977f91dfec04cf1322d678739f55276fb91be906365ccffd88085852d753	results
results/validation/gse202642/figures/high_confidence_dominant_celltype_source.tsv	156	301bf5594622ef61f633c295fc2f5752174d44557f4fb67d3ac917b1511e74e9	results
results/validation/gse202642/figures/umap_celltype.png	379795	5f5552f7fec732887033c589995fb121ef0cb0581733708149fb386f2de95265	results
results/validation/gse202642/figures/umap_tissue_class.png	397256	aabe87ca82cece76c10f03db9d372abe29cc8a7d6b505cc92b7b836e3e3e2e53	results
results/validation/gse202642/gse202642_review_zh.md	2919	95c4e97ced7993c8da6e2c8e0f659a381b8f6448861b02a0ee83682fcb8632b8	results
results/validation/gse202642/run.log	1412	eb7170f9b220261be240b247a13e99e7db06639213ea5a79dc1750d3917c7aa4	results
results/validation/gse202642/sample_manifest.tsv	1400	ebb55a1e130d818a93b0f402c3c85f931f80d35fff8791e9cc4b994fabf688e8	results
results/validation/gse202642/validation_counts.tsv	250	714b37a7517629867d88dbc22c75bdfa4d02db90d9fd5db1cb1bae9e49c4f456	results
results/validation/icgc_liri_jp/assemble.log	160	8f49ff99168a7e9b5048aea2a9f7a831ef9a48af397fc51c9354493a6f7f26a5	results
results/validation/icgc_liri_jp/assembly_summary.tsv	266	1f1cf3aec0982045b084010b695baf931180a92e88d20bbe6fdf18f627a78968	results
results/validation/icgc_liri_jp/candidate_expression_matrix.tsv.gz	352228	11440083b0af3c97aba699e312729f2b966421ded94807836aac90233396f184	results
results/validation/icgc_liri_jp/candidate_validation_summary.tsv	87591	18f31c345cade657d2eae2a27726838de3dd462a51ef53338e9f02f1e8d48222	results
results/validation/icgc_liri_jp/data_manifest.tsv	947	c9e8522cf94c5e363b0e3e3f8829fd446b6211e16a6dad47ecfae52b69f86041	results
results/validation/icgc_liri_jp/download_file_manifest.tsv	190270	e9752fb96e0ab0f7849f2da53d82ee45bf686e442ff78905de80fba75a452f7c	results
results/validation/icgc_liri_jp/excluded_samples.tsv	2348	4153b2f31b61ce23020715306b8c214450366a6cbc8b15f9ddfc3f2962df60a4	results
results/validation/icgc_liri_jp/paired_donors.tsv	20704	5c784f3ed33f8336525afe7685f6cf0bd1038d5ab2ee635fe5316cdc83b0a61f	results
results/validation/icgc_liri_jp/paired_or_unpaired_model_results.tsv	87591	18f31c345cade657d2eae2a27726838de3dd462a51ef53338e9f02f1e8d48222	results
results/validation/icgc_liri_jp/paired_validation.tsv	50685	d5b6e1cf3cdaa1574f162436bcab869090dfe6e9388cac9c88151467cd26a035	results
results/validation/icgc_liri_jp/run.log	103	0f6b9b5207540e915fd9798784f2086f654a02ceeeb375d353381b3260662f65	results
results/validation/icgc_liri_jp/sample_manifest.tsv	48653	24c714818b1450756929a02827d50e2803ae6352d1e1408014f170d4c7a6cb1d	results
results/validation/icgc_liri_jp/unpaired_secondary.tsv	60535	5dd7724264fedd5a63abed71cfb606221e82f7dbc7548616839df8acce3f59be	results
results/validation/icgc_liri_jp/validation_counts.tsv	286	ee98faa83a4c3a291b686e804f34d75b2ad78fe470b525e78c46770b88cc0efe	results
results/validation/icgc_liri_jp/validation_figures/discovery_vs_icgc_effect_concordance.png	179619	ea96ee70e0e7154d3480e02b9979fd0176b15c53687ebb792eac074278f86ccd	results
results/validation/icgc_liri_jp/validation_figures/high_confidence_direction_concordance.png	55315	7c573dde67f29663bba28809d152622e5cd2cf0be4839613ed1220f097006b02	results
results/validation/icgc_liri_jp/validation_figures/icgc_candidate_validation_forest.png	132673	cca395d2e804278b4e27a20862272f51e9b42f825aa21387d1e68ba6554c9d38	results
results/validation/icgc_liri_jp/validation_figures/icgc_missing_not_estimable_audit.png	46566	ab69a5c84a9edf2f9b52a87da393dadc60ad934c1eecae797692fc0674ac0352	results
results/validation/icgc_liri_jp/validation_review_zh.md	840	bd93ada6c1b645a3af0e1463d15c689c9db68d5901ebbfd9b79c76affb360726	results
results/validation/tcga_lihc/candidate_expression_matrix.tsv.gz	625491	71005e8586f6199c747f1c57a90d2f8f0e468aeed480c8853ad34e97e613af39	results
results/validation/tcga_lihc/candidate_validation_summary.tsv	75655	ab0180a5fd4cac814b464bfda03d3acc42d01a826ff2f6a8379ccbc93b95501d	results
results/validation/tcga_lihc/clinical_association_secondary.tsv	17905	6c397728da030c5e94a1d9af9cbee567abf6080a62e4a81af22c0507bc02f43d	results
results/validation/tcga_lihc/data_manifest.tsv	1599	8338f1da728214ee0cdd03fd6aec6c5a69f6104fbb1fd18c7febea628bbf0996	results
results/validation/tcga_lihc/download_checksums.tsv	513	df7231b17646c9639c80517f153aaa2f675af360969993cf206c90f0b72114af	results
results/validation/tcga_lihc/excluded_samples.tsv	360	48c675647db387335b172e2e4cd2ff52e924711213d845f1481799d2db6bd970	results
results/validation/tcga_lihc/gdc_api_status.json	221	a8b1c69f9cfc678486e1c897aee6d878f47fab9cb4c60eb6818598bbe30a7139	results
results/validation/tcga_lihc/paired_or_unpaired_model_results.tsv	75655	ab0180a5fd4cac814b464bfda03d3acc42d01a826ff2f6a8379ccbc93b95501d	results
results/validation/tcga_lihc/paired_patients.tsv	4611	c4568eceb6d18970232c6baebfb43300ee68f11f086c1c941370e52c85bbcd3e	results
results/validation/tcga_lihc/paired_validation.tsv	44031	181f7f85e8a9336bdb67b09f2f6d2100b24eb2778540d0e82d2cf1b988faac29	results
results/validation/tcga_lihc/run.log	667	e94719d809124b7288a0ca696f3769dbc39df7b265a600c8e9d3c88804a00ba4	results
results/validation/tcga_lihc/sample_manifest.tsv	35649	69cd590ff7d565453ba3bf9443775bd721212fa0a264b50957972b9daf6f44aa	results
results/validation/tcga_lihc/unpaired_secondary.tsv	67183	dd4dc8f4b46e37673d954832408186a1e7f490d76ebf80e5cf661fc1c46a9a7a	results
results/validation/tcga_lihc/validation_counts.tsv	322	5fc588111b0b2f55f4e24c2088fd77e6930102d1f5da67922168c4fc8d3039b3	results
results/validation/tcga_lihc/validation_figures/discovery_vs_tcga_effect_concordance.png	190030	5388b14c66e477e1df602d3b1184673bf64ad237642a7aeb02dd03e5b35e9f67	results
results/validation/tcga_lihc/validation_figures/high_confidence_direction_concordance.png	54662	edb57458c16235bb810dd253be9c73a8d97fa48a373b1708a299ef915977fd04	results
results/validation/tcga_lihc/validation_figures/tcga_candidate_validation_forest.png	127816	b0be7455c710cae5d8f25d5d2a01576426388f149b7454046f05c7de57f33bcf	results
results/validation/tcga_lihc/validation_figures/tcga_missing_not_estimable_audit.png	44134	372e9c41d5faa4142d77fb7bbbeb336bdbb10e17dc6c08b25a23f3981a54ca5e	results
results/validation/tcga_lihc/validation_review_zh.md	921	660b29fc4b24576b7456a2c2b2cbf062fd368bb4d90d7570f18ac6c69afa02df	results
workflow/config/downloads.tsv	1618	00bc20ddc28e0ad6ca3835c85d85db5cfb1c7fa5670691e08e6807da871e0173	workflow
workflow/environment-linux-64.lock	29690	fc6f0678fbe0f398418edba7a796879367b934bc2db3b1a8192499deb4fc38f0	workflow
workflow/environment.yml	524	b6bbe000f7e461d495a274fb9f26bd2a681d6e7382e1a2ae5dc90979279db78b	workflow
workflow/scripts/assemble_icgc_liri_jp.py	10220	c5519661292eb8cadb33bbefe9c7ced56030252235b4be0f8636f5bccdb384d2	workflow
workflow/scripts/audit_cbc_tcga_filtered_candidates_v1.R	3887	c778b7141dbfcfcf9e0e1c6feda50fdd7999300c91b432204d71254ea1fc5393	workflow
workflow/scripts/build_cbc_manuscript_figures.py	25650	b3e6a75fa7c4f34bfea675dc712632da098ed4c090f73d1bab7e814f48da4c14	workflow
workflow/scripts/build_public_release_manifest.py	1699	1b410b57d0c31e613d79abb1d3bd291588c4eb1ac1ae81c0dcb74bbf0b1f7cd2	workflow
workflow/scripts/compute_cbc_external_concordance_v1.py	18000	89848b698c08d1ccb447d4563ef463052c9640d19f2ed319bb23372ed9f970b5	workflow
workflow/scripts/download_data.sh	1872	d5ec066a29c67f8cc0bb1f9c3b590eb3024bee127978b5799e321d4c3a530641	workflow
workflow/scripts/extract_data.sh	1150	9af1bed0c78d8ddaf775fe3535e3cbb26fcfbeed2f3ae7797602cd4e439376ec	workflow
workflow/scripts/lock_candidate_downgrade.R	10341	1bb996ab1355b244be0d2026653e36b5779f1296248a8758f5c045738b9d4ffd	workflow
workflow/scripts/lock_candidate_set.sh	1168	de39815c66042e29fecc0972c8de45f17ffc2a5559cc1f56d70845c977c14a3c	workflow
workflow/scripts/plot_sensitivity.R	4519	7705d171a905b2f2797a3df8c87964a6e81486f5f42024171e96d0a4a5847c11	workflow
workflow/scripts/run_cbc_external_validation_v1.R	17679	0f17a4c0fa581486d0ddb77318e29be6f0f4009af8ef63de9262b908270f6b1f	workflow
workflow/scripts/run_cbc_icgc_identifier_harmonization_v1.R	9491	a736208371f064ce9c755920910a36fbd26ec363ba7fa803cc9c1a387c3df504	workflow
workflow/scripts/run_cbc_targeted_revision_audits.py	8278	e03450e254aecb0e722d873db5a78844f71a4649959a5fd45f356ccc0a61e655	workflow
workflow/scripts/run_differential_meta.R	20815	7b87689b133fbd5b78d3aaaed82f2139bd952af90451cc7896d2085db8908f49	workflow
workflow/scripts/run_gse202642_validation.R	16157	9388a14a19f8a4f154cbd3d69b6a5d7ec40b83ca0bcc9f323237f52e1eb77f8e	workflow
workflow/scripts/run_icgc_validation.R	12753	3b38626fc96b85e01fda7f071a58aaceedd40f73476c59d6bb79de8ea2d19e8d	workflow
workflow/scripts/run_prespecified_subset_sensitivity.R	7968	2a1f1e509d502dcc0ede840f457b54be44ebbda1ea4e86cd733b54fecbf5c89b	workflow
workflow/scripts/run_qc.R	16358	b74a233e55fd6587244aa1659fd3ed71f0a30281e1c95e50f00c6811da6ba375	workflow
workflow/scripts/run_sensitivity.R	16611	3c69e80859881d13e109754a1f260d59c3f490c16acc9ae0189dc1fd14954fd0	workflow
workflow/scripts/run_tcga_validation.R	19898	ae424a1b1c8ac03eebc0bc77ee4e08210726287e627de19e7d44f20aa999cab1	workflow
workflow/scripts/summarize_tcga_icgc_validation.R	11736	1a28f91a96913d6265e168aa741010b452bc2bfd7777b03618d1411897dd1dd0	workflow
workflow/scripts/validate_inputs.py	6785	add2bae4f22e5a1edef85a67209cebe4e890b9629d52d139c0404d03cbf3e3ce	workflow
workflow/scripts/verify_analysis.sh	1560	1d2f1739e0d803cc8de0375a5922911ec6f288a14063ff0e3b4ff81d83f968ec	workflow
workflow/scripts/verify_cbc_external_validation_v1.py	6201	c449567d933259871e4255e7f76295598d70d336dc0dc6899c741b3b9e1931e6	workflow
workflow/scripts/verify_cbc_icgc_identifier_harmonization_v1.py	1622	36ecf2902e1cb6889e7e2e2a5a5a9c1c30fe8478c5194db22801f8fbf8bf0f96	workflow
workflow/scripts/verify_run.sh	1335	c75d5f9c49a93140e2673d5754812babadd200aea9fb559a20fc7affcbc69e8b	workflow
workflow/scripts/verify_sensitivity.sh	3648	10628eef102d38cfd8e7ec989128ff8f678438931d0d12591b62a74ddee34c18	workflow
workflow/vendor/preprocessCore_1.68.0.tar.gz	127397	50d9b6c2c1e4758dd19cc11470951d7e0d60f5ba315701835bc13dc9cbf3fb62	workflow
