gse	gsm	platform	assay	title	source_name	group	patient_id	pair_id_source	pairing_confidence	paired_candidate	complete_pair	status	exclusion_reason	metadata_source
"GSE45114"	"GSM1097016"	"GPL5918"	"expression_array"	"Liver_Pericancer_HK009_P_N3vsP5"	"Liver tissue, Pericancer"	"control"	"HK009"	"GEO characteristic: case_id"	"high"	"yes"	"yes"	"include"	NA	"NCBI GEO GSE45114 full SOFT export"
"GSE45114"	"GSM1097015"	"GPL5918"	"expression_array"	"Liver_Cancer-HCC_HK009_C_N3vsC5"	"Liver tissue, Hepatocellular carcinoma"	"tumor"	"HK009"	"GEO characteristic: case_id"	"high"	"yes"	"yes"	"include"	NA	"NCBI GEO GSE45114 full SOFT export"
"GSE45114"	"GSM1097018"	"GPL5918"	"expression_array"	"Liver_Pericancer_HK014_P_N3vsP5"	"Liver tissue, Pericancer"	"control"	"HK014"	"GEO characteristic: case_id"	"high"	"yes"	"yes"	"include"	NA	"NCBI GEO GSE45114 full SOFT export"
"GSE45114"	"GSM1097017"	"GPL5918"	"expression_array"	"Liver_Cancer-HCC_HK014_C_N3vsC5"	"Liver tissue, Hepatocellular carcinoma"	"tumor"	"HK014"	"GEO characteristic: case_id"	"high"	"yes"	"yes"	"include"	NA	"NCBI GEO GSE45114 full SOFT export"
"GSE45114"	"GSM1097020"	"GPL5918"	"expression_array"	"Liver_Pericancer_HK017_P_N3vsP5"	"Liver tissue, Pericancer"	"control"	"HK017"	"GEO characteristic: case_id"	"high"	"yes"	"yes"	"include"	NA	"NCBI GEO GSE45114 full SOFT export"
"GSE45114"	"GSM1097019"	"GPL5918"	"expression_array"	"Liver_Cancer-HCC_HK017_C_N3vsC5"	"Liver tissue, Hepatocellular carcinoma"	"tumor"	"HK017"	"GEO characteristic: case_id"	"high"	"yes"	"yes"	"include"	NA	"NCBI GEO GSE45114 full SOFT export"
"GSE45114"	"GSM1097022"	"GPL5918"	"expression_array"	"Liver_Pericancer_HK032_P_N3vsP5"	"Liver tissue, Pericancer"	"control"	"HK032"	"GEO characteristic: case_id"	"high"	"yes"	"yes"	"include"	NA	"NCBI GEO GSE45114 full SOFT export"
"GSE45114"	"GSM1097021"	"GPL5918"	"expression_array"	"Liver_Cancer-HCC_HK032_C_N3vsC5"	"Liver tissue, Hepatocellular carcinoma"	"tumor"	"HK032"	"GEO characteristic: case_id"	"high"	"yes"	"yes"	"include"	NA	"NCBI GEO GSE45114 full SOFT export"
"GSE45114"	"GSM1097024"	"GPL5918"	"expression_array"	"Liver_Pericancer_HK035_P_N3vsP5"	"Liver tissue, Pericancer"	"control"	"HK035"	"GEO characteristic: case_id"	"high"	"yes"	"yes"	"include"	NA	"NCBI GEO GSE45114 full SOFT export"
"GSE45114"	"GSM1097023"	"GPL5918"	"expression_array"	"Liver_Cancer-HCC_HK035_C_N3vsC5"	"Liver tissue, Hepatocellular carcinoma"	"tumor"	"HK035"	"GEO characteristic: case_id"	"high"	"yes"	"yes"	"include"	NA	"NCBI GEO GSE45114 full SOFT export"
"GSE45114"	"GSM1097026"	"GPL5918"	"expression_array"	"Liver_Pericancer_HK039_P_N3vsP5"	"Liver tissue, Pericancer"	"control"	"HK039"	"GEO characteristic: case_id"	"high"	"yes"	"yes"	"include"	NA	"NCBI GEO GSE45114 full SOFT export"
"GSE45114"	"GSM1097025"	"GPL5918"	"expression_array"	"Liver_Cancer-HCC_HK039_C_N3vsC5"	"Liver tissue, Hepatocellular carcinoma"	"tumor"	"HK039"	"GEO characteristic: case_id"	"high"	"yes"	"yes"	"include"	NA	"NCBI GEO GSE45114 full SOFT export"
"GSE45114"	"GSM1097028"	"GPL5918"	"expression_array"	"Liver_Pericancer_HK041_P_N3vsP5"	"Liver tissue, Pericancer"	"control"	"HK041"	"GEO characteristic: case_id"	"high"	"yes"	"yes"	"include"	NA	"NCBI GEO GSE45114 full SOFT export"
"GSE45114"	"GSM1097027"	"GPL5918"	"expression_array"	"Liver_Cancer-HCC_HK041_C_N3vsC5"	"Liver tissue, Hepatocellular carcinoma"	"tumor"	"HK041"	"GEO characteristic: case_id"	"high"	"yes"	"yes"	"include"	NA	"NCBI GEO GSE45114 full SOFT export"
"GSE45114"	"GSM1097030"	"GPL5918"	"expression_array"	"Liver_Pericancer_HK042_P_N3vsP5"	"Liver tissue, Pericancer"	"control"	"HK042"	"GEO characteristic: case_id"	"high"	"yes"	"yes"	"include"	NA	"NCBI GEO GSE45114 full SOFT export"
"GSE45114"	"GSM1097029"	"GPL5918"	"expression_array"	"Liver_Cancer-HCC_HK042_C_N3vsC5"	"Liver tissue, Hepatocellular carcinoma"	"tumor"	"HK042"	"GEO characteristic: case_id"	"high"	"yes"	"yes"	"include"	NA	"NCBI GEO GSE45114 full SOFT export"
"GSE45114"	"GSM1097034"	"GPL5918"	"expression_array"	"Liver_Pericancer_QD128_P_N3vsP5"	"Liver tissue, Pericancer"	"control"	"QD128"	"GEO characteristic: case_id"	"high"	"yes"	"yes"	"include"	NA	"NCBI GEO GSE45114 full SOFT export"
"GSE45114"	"GSM1097033"	"GPL5918"	"expression_array"	"Liver_Cancer-HCC_QD128_C_N3vsC5"	"Liver tissue, Hepatocellular carcinoma"	"tumor"	"QD128"	"GEO characteristic: case_id"	"high"	"yes"	"yes"	"include"	NA	"NCBI GEO GSE45114 full SOFT export"
"GSE45114"	"GSM1097036"	"GPL5918"	"expression_array"	"Liver_Pericancer_QD130_P_N3vsP5"	"Liver tissue, Pericancer"	"control"	"QD130"	"GEO characteristic: case_id"	"high"	"yes"	"yes"	"include"	NA	"NCBI GEO GSE45114 full SOFT export"
"GSE45114"	"GSM1097035"	"GPL5918"	"expression_array"	"Liver_Cancer-HCC_QD130_C_N3vsC5"	"Liver tissue, Hepatocellular carcinoma"	"tumor"	"QD130"	"GEO characteristic: case_id"	"high"	"yes"	"yes"	"include"	NA	"NCBI GEO GSE45114 full SOFT export"
"GSE45114"	"GSM1097038"	"GPL5918"	"expression_array"	"Liver_Pericancer_QD131_P_N3vsP5"	"Liver tissue, Pericancer"	"control"	"QD131"	"GEO characteristic: case_id"	"high"	"yes"	"yes"	"include"	NA	"NCBI GEO GSE45114 full SOFT export"
"GSE45114"	"GSM1097037"	"GPL5918"	"expression_array"	"Liver_Cancer-HCC_QD131_C_N3vsC5"	"Liver tissue, Hepatocellular carcinoma"	"tumor"	"QD131"	"GEO characteristic: case_id"	"high"	"yes"	"yes"	"include"	NA	"NCBI GEO GSE45114 full SOFT export"
"GSE45114"	"GSM1097041"	"GPL5918"	"expression_array"	"Liver_Pericancer_QD133_P_N3vsP5"	"Liver tissue, Pericancer"	"control"	"QD133"	"GEO characteristic: case_id"	"high"	"yes"	"yes"	"include"	NA	"NCBI GEO GSE45114 full SOFT export"
"GSE45114"	"GSM1097040"	"GPL5918"	"expression_array"	"Liver_Cancer-HCC_QD133_C_N3vsC5"	"Liver tissue, Hepatocellular carcinoma"	"tumor"	"QD133"	"GEO characteristic: case_id"	"high"	"yes"	"yes"	"include"	NA	"NCBI GEO GSE45114 full SOFT export"
"GSE45114"	"GSM1097043"	"GPL5918"	"expression_array"	"Liver_Pericancer_QD313_P_P3vsN5"	"Liver tissue, Pericancer"	"control"	"QD313"	"GEO characteristic: case_id"	"high"	"yes"	"yes"	"include"	NA	"NCBI GEO GSE45114 full SOFT export"
"GSE45114"	"GSM1097042"	"GPL5918"	"expression_array"	"Liver_Cancer-HCC_QD313_C_C3vsN5"	"Liver tissue, Hepatocellular carcinoma"	"tumor"	"QD313"	"GEO characteristic: case_id"	"high"	"yes"	"yes"	"include"	NA	"NCBI GEO GSE45114 full SOFT export"
"GSE45114"	"GSM1097045"	"GPL5918"	"expression_array"	"Liver_Pericancer_QD314_P_P3vsN5"	"Liver tissue, Pericancer"	"control"	"QD314"	"GEO characteristic: case_id"	"high"	"yes"	"yes"	"include"	NA	"NCBI GEO GSE45114 full SOFT export"
"GSE45114"	"GSM1097044"	"GPL5918"	"expression_array"	"Liver_Cancer-HCC_QD314_C_C3vsN5"	"Liver tissue, Hepatocellular carcinoma"	"tumor"	"QD314"	"GEO characteristic: case_id"	"high"	"yes"	"yes"	"include"	NA	"NCBI GEO GSE45114 full SOFT export"
"GSE45114"	"GSM1097047"	"GPL5918"	"expression_array"	"Liver_Pericancer_QD315_P_P3vsN5"	"Liver tissue, Pericancer"	"control"	"QD315"	"GEO characteristic: case_id"	"high"	"yes"	"yes"	"include"	NA	"NCBI GEO GSE45114 full SOFT export"
"GSE45114"	"GSM1097046"	"GPL5918"	"expression_array"	"Liver_Cancer-HCC_QD315_C_C3vsN5"	"Liver tissue, Hepatocellular carcinoma"	"tumor"	"QD315"	"GEO characteristic: case_id"	"high"	"yes"	"yes"	"include"	NA	"NCBI GEO GSE45114 full SOFT export"
"GSE45114"	"GSM1097049"	"GPL5918"	"expression_array"	"Liver_Pericancer_QD316_P_N3vsP5"	"Liver tissue, Pericancer"	"control"	"QD316"	"GEO characteristic: case_id"	"high"	"yes"	"yes"	"include"	NA	"NCBI GEO GSE45114 full SOFT export"
"GSE45114"	"GSM1097048"	"GPL5918"	"expression_array"	"Liver_Cancer-HCC_QD316_C_C3vsN5"	"Liver tissue, Hepatocellular carcinoma"	"tumor"	"QD316"	"GEO characteristic: case_id"	"high"	"yes"	"yes"	"include"	NA	"NCBI GEO GSE45114 full SOFT export"
"GSE45114"	"GSM1097051"	"GPL5918"	"expression_array"	"Liver_Pericancer_QD317_P_P3vsN5"	"Liver tissue, Pericancer"	"control"	"QD317"	"GEO characteristic: case_id"	"high"	"yes"	"yes"	"include"	NA	"NCBI GEO GSE45114 full SOFT export"
"GSE45114"	"GSM1097050"	"GPL5918"	"expression_array"	"Liver_Cancer-HCC_QD317_C_C3vsN5"	"Liver tissue, Hepatocellular carcinoma"	"tumor"	"QD317"	"GEO characteristic: case_id"	"high"	"yes"	"yes"	"include"	NA	"NCBI GEO GSE45114 full SOFT export"
"GSE45114"	"GSM1097054"	"GPL5918"	"expression_array"	"Liver_Pericancer_QD318_P_P3vsN5"	"Liver tissue, Pericancer"	"control"	"QD318"	"GEO characteristic: case_id"	"high"	"yes"	"yes"	"include"	NA	"NCBI GEO GSE45114 full SOFT export"
"GSE45114"	"GSM1097052"	"GPL5918"	"expression_array"	"Liver_Cancer-HCC_QD318_C_C3vsN5"	"Liver tissue, Hepatocellular carcinoma"	"tumor"	"QD318"	"GEO characteristic: case_id"	"high"	"yes"	"yes"	"include"	NA	"NCBI GEO GSE45114 full SOFT export"
"GSE45114"	"GSM1097056"	"GPL5918"	"expression_array"	"Liver_Pericancer_QD321_P_P3vsN5"	"Liver tissue, Pericancer"	"control"	"QD321"	"GEO characteristic: case_id"	"high"	"yes"	"yes"	"include"	NA	"NCBI GEO GSE45114 full SOFT export"
"GSE45114"	"GSM1097055"	"GPL5918"	"expression_array"	"Liver_Cancer-HCC_QD321_C_C3vsN5"	"Liver tissue, Hepatocellular carcinoma"	"tumor"	"QD321"	"GEO characteristic: case_id"	"high"	"yes"	"yes"	"include"	NA	"NCBI GEO GSE45114 full SOFT export"
"GSE45114"	"GSM1097058"	"GPL5918"	"expression_array"	"Liver_Pericancer_QD323_P_P3vsN5"	"Liver tissue, Pericancer"	"control"	"QD323"	"GEO characteristic: case_id"	"high"	"yes"	"yes"	"include"	NA	"NCBI GEO GSE45114 full SOFT export"
"GSE45114"	"GSM1097057"	"GPL5918"	"expression_array"	"Liver_Cancer-HCC_QD323_C_C3vsN5"	"Liver tissue, Hepatocellular carcinoma"	"tumor"	"QD323"	"GEO characteristic: case_id"	"high"	"yes"	"yes"	"include"	NA	"NCBI GEO GSE45114 full SOFT export"
"GSE45114"	"GSM1097060"	"GPL5918"	"expression_array"	"Liver_Pericancer_QD338_P_P3vsN5"	"Liver tissue, Pericancer"	"control"	"QD338"	"GEO characteristic: case_id"	"high"	"yes"	"yes"	"include"	NA	"NCBI GEO GSE45114 full SOFT export"
"GSE45114"	"GSM1097059"	"GPL5918"	"expression_array"	"Liver_Cancer-HCC_QD338_C_C3vsN5"	"Liver tissue, Hepatocellular carcinoma"	"tumor"	"QD338"	"GEO characteristic: case_id"	"high"	"yes"	"yes"	"include"	NA	"NCBI GEO GSE45114 full SOFT export"
"GSE45114"	"GSM1097062"	"GPL5918"	"expression_array"	"Liver_Pericancer_QD341_P_P3vsN5"	"Liver tissue, Pericancer"	"control"	"QD341"	"GEO characteristic: case_id"	"high"	"yes"	"yes"	"include"	NA	"NCBI GEO GSE45114 full SOFT export"
"GSE45114"	"GSM1097061"	"GPL5918"	"expression_array"	"Liver_Cancer-HCC_QD341_C_C3vsN5"	"Liver tissue, Hepatocellular carcinoma"	"tumor"	"QD341"	"GEO characteristic: case_id"	"high"	"yes"	"yes"	"include"	NA	"NCBI GEO GSE45114 full SOFT export"
"GSE45114"	"GSM1097064"	"GPL5918"	"expression_array"	"Liver_Pericancer_QD344_P_P3vsN5"	"Liver tissue, Pericancer"	"control"	"QD344"	"GEO characteristic: case_id"	"high"	"yes"	"yes"	"include"	NA	"NCBI GEO GSE45114 full SOFT export"
"GSE45114"	"GSM1097063"	"GPL5918"	"expression_array"	"Liver_Cancer-HCC_QD344_C_C3vsN5"	"Liver tissue, Hepatocellular carcinoma"	"tumor"	"QD344"	"GEO characteristic: case_id"	"high"	"yes"	"yes"	"include"	NA	"NCBI GEO GSE45114 full SOFT export"
