file	sha256	figure_or_use	upstream_source
source_data/cohort_differential_summary.tsv	481355d99df4c7f586dfc398d0a69dddddf19b443bb444b1ef446907c2548ad2	Fig1a	results/analysis/differential/cohort_differential_summary.tsv
source_data/meta_all_genes.tsv.gz	6a17fbd60e2611cbe2c4e9835ed7551bc925ec54ae354bb122be48f0d6658994	Fig1b	results/analysis/meta/meta_all_genes.tsv.gz
source_data/candidate_downgrade_audit.tsv	52033824c856994c832fbe449755bc37cd784ddc1d9de5df2ee8feacd1ad49ed	Fig1c-d; Table S1	results/analysis/sensitivity/candidate_downgrade_audit.tsv
source_data/tcga_locked_candidate_multiplicity.tsv	76665fbf1ad03852e689684fefb18702b1ea954784d56d2e83ccffe3bc27e71c	Fig2a; Table 1; Table S1-S2	results/validation/cbc_external_validation_v1/tcga_locked_candidate_multiplicity.tsv
source_data/icgc_locked_candidate_identifier_harmonized_sensitivity.tsv	c2d904b62b7952dd4e020cf91f5c21a592db334d36a840c226191ce6290b9481	Fig2b; Table 1; Table S1-S2	results/validation/cbc_external_validation_v1/icgc_locked_candidate_identifier_harmonized_sensitivity.tsv
source_data/tcga_icgc_identifier_harmonized_sensitivity.tsv	e9c8aa745e91c940e3ede3ad00c3da6d2f491bab62be027a2ac4897e3b5e7da8	Fig2a-d; Table 1; Table S1	results/validation/cbc_external_validation_v1/tcga_icgc_identifier_harmonized_sensitivity.tsv
source_data/external_concordance_direction.tsv	460f1fa7e72f4b58e0e3078bda9a08b42cd5cd97ff922a9eeaf6d1dd78305f65	Table S3	results/validation/cbc_external_validation_v1/external_concordance_direction.tsv
source_data/external_effect_size_concordance.tsv	4ff936b1e86a66f8a857caf942d45c42598ebaf8c9870645fc79222a1973aa85	Fig2a-b; Table S3	results/validation/cbc_external_validation_v1/external_effect_size_concordance.tsv
source_data/tcga_filtered_discovery_robust_candidates_audit.tsv	e14a7255694add040ff923e0b88fcc953b8e24a0656d9b20dc36fcc02b253fe1	Table S2	results/validation/cbc_external_validation_v1/tcga_filtered_discovery_robust_candidates_audit.tsv
source_data/identifier_harmonization_counts.tsv	95463dc8298c1b127907aa48922160c95707bdd00003f7c9ca96785abfbc97d9	Table 1; Table S2	results/validation/cbc_external_validation_v1/identifier_harmonization_counts.tsv
source_data/multiplicity_counts_with_denominators.tsv	79cf731beee5875ea2e77a01e2bdfb53f50e1d8e151c42dabb68bbf930db87a0	Table 1 (original-symbol rows)	results/validation/cbc_external_validation_v1/multiplicity_counts_with_denominators.tsv
source_data/allain2016_overlap_summary.tsv	53eb98d91b35243e03f08e89a9318da750e6598aa876ae9dcce958781d9c31fe	Table S4	results/validation/cbc_targeted_revision_audits_v1/allain2016_overlap_summary.tsv
source_data/allain2016_overlap_gene_level.tsv	579a4607fbbf05e10c6b00fca116e8d522f4150b5745f3bf34a43ad7e4989201	Table S4 source data	results/validation/cbc_targeted_revision_audits_v1/allain2016_overlap_gene_level.tsv
source_data/discovery_external_sample_identifier_overlap_audit.tsv	98b965df9fd3d2b1128c9e89996f7c6d758b5f605108c2de36e2f682c48f8067	Methods sample-overlap audit	results/validation/cbc_targeted_revision_audits_v1/discovery_external_sample_identifier_overlap_audit.tsv
source_data/cbc_icgc_historical_symbol_map_v1.tsv	d9147786e331e314c918437f23796125603dde5641ffd85e84f45a8db0645418	Table S2 identifier mapping	00_protocol/cbc_icgc_historical_symbol_map_v1.tsv
source_data/candidate_dominant_celltype.tsv	1aec838edc225d231d0c80457e91b068c2adf55ed8ad4eaa2e9c8b40290b7c74	FigS1b	results/validation/gse202642/candidate_dominant_celltype.tsv
source_data/candidate_celltype_localization.tsv	f0bb7c95111bda985fa749851bca17aeef1f05ec4a1a983fe15440344c8e70fe	FigS1c	results/validation/gse202642/candidate_celltype_localization.tsv
source_data/cell_metadata.tsv.gz	3f38006c7551f5d7cc410eb8de709620d1e6986c2481d613cdd4adb8a54f8fd6	FigS1a	results/validation/gse202642/cell_metadata.tsv.gz
