gene_id	gene_symbol	primary_log2FC	primary_FDR	subset_log2FC	subset_CI_low	subset_CI_high	subset_FDR	subset_I2	subset_direction_consistency	subset_warning	same_direction
"10"	"NAT2"	-2.1160428478964	0.0475821076926532	-2.45257806149071	-3.66133775513229	-1.24381836784912	0.144605752576314	79.3508926969798	1	NA	TRUE
"10067"	"SCAMP3"	0.722794317452814	0.035357906114152	0.855782155569464	0.542826556778714	1.16873775436021	0.128460921086354	53.3078651281481	1	NA	TRUE
"10130"	"PDIA6"	0.691979499888907	0.0214610914486807	0.710156811023934	0.235070563350071	1.1852430586978	0.160956735700343	69.1908723715442	1	NA	TRUE
"10144"	"FAM13A"	-0.954015186631262	0.0158016047388783	-0.906261988903719	-1.23811493562564	-0.574409042181794	0.128460921086354	62.7043156878128	1	NA	TRUE
"10171"	"RCL1"	-1.12620823977202	0.03284577080165	-1.36755318552551	-2.09123511791545	-0.643871253135567	0.148465079838846	72.8416423273587	1	NA	TRUE
"10189"	"ALYREF"	0.592347798152028	0.0363612455553973	0.504515669765121	0.0791212984248566	0.929910041105385	0.177145241671978	82.0737223783469	1	NA	TRUE
"10196"	"PRMT3"	0.756697587960157	0.0160917557752165	0.745765833500962	0.363210394886418	1.1283212721155	0.146652623458672	57.1373839551337	1	NA	TRUE
"10212"	"DDX39A"	0.867147313837141	0.0115802536922153	0.847203878225039	0.633879585262573	1.06052817118751	0.11673172306331	0	1	NA	TRUE
"10247"	"RIDA"	-0.922277551263526	0.0201275389410464	-0.806454395059433	-0.844969832734015	-0.767938957384852	0.102972420439312	0	1	NA	TRUE
"10351"	"ABCA8"	-1.07464041014092	0.0417358007106564	-0.922849842334111	-1.20526305784264	-0.640436626825585	0.123553380360168	14.5111587477014	1	NA	TRUE
"10365"	"KLF2"	-0.689139363311842	0.0455525593600339	-0.774319959558634	-1.45032848620605	-0.0983114329112215	0.180786757333282	78.6148667501473	1	NA	TRUE
"10376"	"TUBA1B"	0.863244245163732	0.0270694017806083	0.892945124531162	0.243859260661675	1.54203098840065	0.165167995558114	87.0323362383149	1	NA	TRUE
"10402"	"ST3GAL6"	-1.03513951528262	0.0294523728326812	-1.08520334872749	-2.10153862419845	-0.0688680732565321	0.188718996929599	91.5916008899924	1	NA	TRUE
"10404"	"CPQ"	0.587313486987667	0.044161421281225	0.651845938840469	0.167227099833323	1.13646477784762	0.166855508112826	68.7429205334656	1	NA	TRUE
"10430"	"TMEM147"	0.785625996404182	0.0197605699195567	0.735122929364638	0.410838755682772	1.0594071030465	0.137222325077633	29.6489287635421	1	NA	TRUE
"10449"	"ACAA2"	-0.805660746209632	0.0329225246412599	-0.92224960423222	-1.45020659179708	-0.394292616667357	0.152432555252687	56.7946141716328	1	NA	TRUE
"10473"	"HMGN4"	0.728546551242466	0.0404752593413406	0.90224889408795	0.780417647957934	1.02408014021797	0.111846669826944	0	1	NA	TRUE
"10584"	"COLEC10"	-1.12091144735805	0.0384589652605361	-1.09537607212184	-1.85797502076238	-0.3327771234813	0.163159621856473	88.1930294460751	1	NA	TRUE
"10613"	"ERLIN1"	-0.63997475519628	0.01826882088407	-0.667399438062342	-0.990763940396542	-0.344034935728141	0.143312680443054	58.1635159764702	1	NA	TRUE
"1063"	"CENPF"	0.920864484743691	0.0193055366359518	0.921915989749171	0.46477600450237	1.37905597499597	0.144743812572931	71.3599843861323	1	NA	TRUE
"10643"	"IGF2BP3"	1.21678999697816	0.0107256483335024	1.18337148000609	0.952911465445995	1.41383149456618	0.111846669826944	0	1	NA	TRUE
"10653"	"SPINT2"	-0.590344777288256	0.0394061194875442	-0.695023198907021	-1.32429530470086	-0.0657510931131805	0.185293913806854	0	1	NA	TRUE
"10747"	"MASP2"	-0.945356655392682	0.0285548138391325	-0.892313401222762	-1.3144034571157	-0.470223345329828	0.141435443909601	17.0176879696379	1	NA	TRUE
"10841"	"FTCD"	-1.34604611962437	0.0398601464367114	-1.40455172205829	-2.10748486506465	-0.70161857905194	0.145435667179308	61.499313406794	1	NA	TRUE
"10878"	"CFHR3"	-1.3577497442368	0.0245956291512756	-1.20330064577386	-1.67129756441733	-0.735303727130383	0.129839122454642	0	1	NA	TRUE
"10894"	"LYVE1"	-1.43954182815298	0.0351386340131252	-1.2997213887763	-2.00963101235624	-0.589811765196357	0.149372436617942	79.4977701772293	1	NA	TRUE
"10923"	"SUB1"	0.600168043980239	0.0273291652661832	0.614994944176231	0.104118969321429	1.12587091903103	0.175600386257917	83.7546369028143	1	NA	TRUE
"10963"	"STIP1"	0.639640413373651	0.0385018662795669	0.632358413687868	0.516708603499426	0.748008223876309	0.111846669826944	0	1	NA	TRUE
"10974"	"ADIRF"	-1.67336498909767	0.02933888309067	-1.63639414707513	-2.74267238359781	-0.530115910552446	0.16178859253489	65.3288380255356	1	NA	TRUE
"10979"	"FERMT2"	-0.688396909037766	0.0115802536922153	-0.667956254774951	-0.851516298402036	-0.484396211147867	0.120701994445126	0	1	NA	TRUE
"10990"	"LILRB5"	-0.717900718511185	0.0477254595732651	-0.75134666081194	-1.37980071646536	-0.122892605158519	0.176202416719689	90.3688119523053	1	NA	TRUE
"11004"	"KIF2C"	0.753661922004625	0.0123928879613051	0.742342953881595	0.710418478153902	0.774267429609288	0.102972420439312	0	1	NA	TRUE
"11145"	"PLAAT3"	-0.907363746654007	0.0331119142209867	-0.96232857379075	-1.89384325132784	-0.0308138962536653	0.192369581185842	92.3203057596422	1	NA	TRUE
"11185"	"INMT"	-1.39564718387129	0.0468120451304627	-1.80257489467638	-3.10442885078841	-0.500720938564361	0.164896421939327	83.9060183896208	1	NA	TRUE
"112483"	"SAT2"	-0.723303635675324	0.0192060376209246	-0.72624854191625	-1.21545735699604	-0.237039726836455	0.161479254407158	68.7266564484769	1	NA	TRUE
"112770"	"GLMP"	0.865261310003239	0.0107256483335024	0.874616735849771	0.68495853833611	1.06427493336343	0.11197443395087	0	1	NA	TRUE
"112817"	"HOGA1"	-1.42909110909374	0.0243463972657534	-1.56977249905492	-2.11140416054552	-1.02814083756433	0.127063905497536	49.0436926159907	1	NA	TRUE
"11311"	"VPS45"	0.630212054438996	0.0463054557231985	0.630342469143773	-0.137520063259365	1.39820500154691	0.222244495328214	95.0529458590098	1	NA	TRUE
"113130"	"CDCA5"	1.20905950423708	0.0201881519180196	1.24265556124845	0.443790539814104	2.04152058268281	0.15940255763963	83.7986214629532	1	NA	TRUE
"113675"	"SDSL"	-0.628000474056185	0.0351386340131252	-0.704402518690141	-0.848368630826841	-0.560436406553441	0.111846669826944	0	1	NA	TRUE
"114897"	"C1QTNF1"	-0.711767025393906	0.0255756165411768	-0.686028367984576	-1.22388069722248	-0.148176038746673	0.17047036605373	89.9985916276942	1	NA	TRUE
"115353"	"LRRC42"	0.637937177006998	0.0338071787206911	0.710554643046128	0.351634728353516	1.06947455773874	0.145624711259258	51.9740129908143	1	NA	TRUE
"116238"	"TLCD1"	0.838440119015045	0.0265892017403729	0.777272759548624	0.32510466578581	1.22944085331144	0.153102360734301	63.2650117415879	1	NA	TRUE
"1163"	"CKS1B"	1.16658624896275	0.0179356699323808	1.16000365257143	0.404844811360471	1.91516249378238	0.159547084616832	84.6095607082135	1	NA	TRUE
"116842"	"LEAP2"	-0.745261173018316	0.03325613161994	-0.675206063546878	-0.995784665122816	-0.354627461970939	0.141698326711453	0.00130378175109112	1	NA	TRUE
"119467"	"CLRN3"	-2.22024558298603	0.0302527384288224	-2.25365936697212	-4.44288282450734	-0.0644359094369058	0.192784382354795	89.8449728224818	1	NA	TRUE
"123264"	"SLC51B"	0.654242979090132	0.0302677397227601	0.664556295337764	0.0404127521435368	1.28869983853199	0.188980898545283	67.5707578655631	1	NA	TRUE
"123879"	"DCUN1D3"	-0.681661177023691	0.0127759792996141	-0.702720649277159	-0.952048416522592	-0.453392882031726	0.128328098830021	58.3072045268264	1	NA	TRUE
"124"	"ADH1A"	-1.16139295462948	0.0443988379115687	-0.976250017917679	-1.81672237758026	-0.135777658255101	0.179434961566336	67.3520733891737	1	NA	TRUE
"124936"	"CYB5D2"	-0.747029587128837	0.0107256483335024	-0.745088132957374	-0.891876293116426	-0.598299972798322	0.111846669826944	0	1	NA	TRUE
"126"	"ADH1C"	-1.87016915563914	0.0192060376209246	-1.73398279104977	-2.05529858509748	-1.41266699700206	0.111846669826944	0	1	NA	TRUE
"126382"	"NR2C2AP"	0.60502833523762	0.0189508407128152	0.577015429739723	0.445242547129091	0.708788312350355	0.112515986103433	0	1	NA	TRUE
"126969"	"SLC44A3"	0.727744620306143	0.015234192590746	0.721088913947831	0.399781048182474	1.04239677971319	0.137746840750934	6.32611239837999	1	NA	TRUE
"128061"	"C1orf131"	0.618204699939207	0.0107256483335024	0.612638118448813	0.530183846809746	0.695092390087881	0.111846669826944	0	1	NA	TRUE
"128240"	"NAXE"	0.783555410334113	0.0243463972657534	0.772628294616863	0.104428772254146	1.44082781697958	0.179844736226601	88.434404420393	1	NA	TRUE
"128346"	"C1orf162"	-1.0024802936337	0.038466853844165	-1.06226050095967	-1.95279395836155	-0.171727043557787	0.176496154414573	83.5498949529427	1	NA	TRUE
"129531"	"MITD1"	0.595438001816836	0.0226740972051733	0.610250409079744	0.13369871636743	1.08680210179206	0.170321470796381	78.5616005543567	1	NA	TRUE
"130"	"ADH6"	-1.18143324900199	0.0204871019546206	-1.20170387491661	-1.71118813850041	-0.692219611332808	0.134405984722432	44.859219595326	1	NA	TRUE
"132158"	"GLYCTK"	-0.637961728728784	0.0385018662795669	-0.591860609305835	-1.06013698311302	-0.123584235498652	0.170962213001225	51.2460265862142	1	NA	TRUE
"132671"	"SPATA18"	-0.756710316031603	0.025622457923278	-0.866964011131792	-1.01850194411878	-0.715426078144802	0.111846669826944	0	1	NA	TRUE
"133686"	"NADK2"	-0.714056252356545	0.0202537951366368	-0.711820086386126	-0.885726657322718	-0.537913515449535	0.115201303418135	0	1	NA	TRUE
"134526"	"ACOT12"	-1.1225130085351	0.0192060376209246	-1.13001422567652	-1.88856286670513	-0.371465584647905	0.16099158843796	31.026864065965	1	NA	TRUE
"134548"	"SOWAHA"	0.786257843673467	0.0231664314071635	0.780953695380312	0.510210322189566	1.05169706857106	0.12709106088974	0	1	NA	TRUE
"1369"	"CPN1"	-0.642231123835482	0.0284303245428039	-0.698851556325797	-1.10628787906495	-0.291415233586644	0.153228686308329	18.0428544791775	1	NA	TRUE
"1373"	"CPS1"	-1.07617466464764	0.0378143586112641	-1.06980707590892	-2.03077882156627	-0.108835330251567	0.184165171040735	50.9931554712155	1	NA	TRUE
"140809"	"SRXN1"	1.1520181734584	0.019055912442021	1.23595947925432	0.833064983945165	1.63885397456348	0.1243964324572	0	1	NA	TRUE
"140828"	"LINC00261"	-0.881509426654241	0.0331473260826734	-0.912724703718647	-1.21705232811108	-0.608397079326214	0.125833237644081	0	1	NA	TRUE
"142"	"PARP1"	0.606548317645185	0.0359856582262706	0.702912400295472	0.348031052806449	1.0577937477845	0.145624711259258	62.1575137125837	1	NA	TRUE
"143941"	"TTC36"	-2.32571088864602	0.0385049319461766	-1.99639501460919	-4.29431146088702	0.301521431668643	0.214352633276881	97.195524062303	1	NA	TRUE
"144193"	"AMDHD1"	-1.23683820694359	0.0438556324401874	-1.03743263262713	-1.37818509705406	-0.696680168200206	0.125019470885337	0	1	NA	TRUE
"144363"	"ETFRF1"	-0.627337478422432	0.0226928507758394	-0.575196830849598	-0.702751212934469	-0.447642448764727	0.112515986103433	0	1	NA	TRUE
"150468"	"CKAP2L"	0.91023848573921	0.0444167791768675	1.03243126100895	-0.00778983199506689	2.07265235401296	0.19670554058106	90.8304465258489	1	NA	TRUE
"154467"	"CCDC167"	0.592316425299329	0.0189508407128152	0.575172848841997	0.219259354847588	0.931086342836406	0.157284923375844	61.6169252479664	1	NA	TRUE
"154661"	"RUNDC3B"	-0.952996989696355	0.037290842144754	-0.846923999753728	-1.17733642868619	-0.516511570821264	0.129839122454642	0.0060696331160638	1	NA	TRUE
"1548"	"CYP2A6"	-2.54231700046073	0.023434351427024	-2.32795564314459	-2.64990301550256	-2.00600827078662	0.111846669826944	0	1	NA	TRUE
"1557"	"CYP2C19"	-1.18712073425778	0.0476605195041904	-1.15720373648463	-2.3079382997678	-0.00646917320147233	0.195399747643818	87.4123077988808	1	NA	TRUE
"1559"	"CYP2C9"	-1.7035066795717	0.0192060376209246	-1.75508165933909	-2.28508028638138	-1.22508303229679	0.123553380360168	0	1	NA	TRUE
"161247"	"FITM1"	-0.76316598378069	0.0328980491115953	-0.872183128312651	-1.14182654535536	-0.602539711269947	0.123553380360168	3.3975837936136	1	NA	TRUE
"1634"	"DCN"	-1.48801011651214	0.0250136304978569	-1.42701717123233	-1.83449563919193	-1.01953870327273	0.121897200528203	0.00479505445834473	1	NA	TRUE
"1647"	"GADD45A"	-0.884609656029625	0.0209174434440978	-0.929494294138833	-1.1505154810484	-0.708473107229268	0.113771204841851	0	1	NA	TRUE
"166785"	"MMAA"	-0.653835674535683	0.0287343359437929	-0.60109064868882	-0.941832888854727	-0.260348408522912	0.151784940177424	67.7829687580758	1	NA	TRUE
"170712"	"COX7B2"	1.28182303563469	0.0206186098478502	1.31797495352463	0.461950568920336	2.17399933812892	0.159415505146219	9.55125065390786	1	NA	TRUE
"171425"	"CLYBL"	-0.694694437270741	0.0115802536922153	-0.704688512294738	-0.849486498149729	-0.559890526439746	0.111846669826944	0	1	NA	TRUE
"1723"	"DHODH"	-0.623022601426404	0.0296167478647228	-0.580915732304934	-0.688848654503155	-0.472982810106713	0.111846669826944	0	1	NA	TRUE
"1776"	"DNASE1L3"	-1.76942530814855	0.0418973475000115	-2.08717934475015	-3.11535335562491	-1.05900533387539	0.144605752576314	72.2781087193356	1	NA	TRUE
"1786"	"DNMT1"	0.710644546958904	0.023434351427024	0.841058739671409	0.754716858508585	0.927400620834232	0.111846669826944	0	1	NA	TRUE
"187"	"APLNR"	-0.636186170364772	0.0243463972657534	-0.619007110582051	-1.16154668723469	-0.0764675339294091	0.181295821429793	60.830225230948	1	NA	TRUE
"1893"	"ECM1"	-1.48616825369422	0.0416629427462599	-1.63291238696423	-2.3098203612785	-0.956004412649966	0.132616954892422	82.9809761742006	1	NA	TRUE
"1958"	"EGR1"	-1.60669261813708	0.0435654317396721	-1.93424260984212	-2.06246921940731	-1.80601600027692	0.108415569742804	0	1	NA	TRUE
"1969"	"EPHA2"	-0.758404783501373	0.0443988379115687	-0.968039494048354	-1.94853302314079	0.0124540350440842	0.197274753063854	92.9805528294824	1	NA	TRUE
"197"	"AHSG"	-0.602227522429967	0.0167064636610921	-0.645418261571139	-0.798355849982668	-0.492480673159611	0.113708202227375	0	1	NA	TRUE
"199920"	"FYB2"	-0.959441527900755	0.026395845439173	-0.911440768423309	-1.41299207306778	-0.409889463778833	0.149372436617942	61.8480903671937	1	NA	TRUE
"200845"	"KCTD6"	0.626438214653774	0.0115802536922153	0.628357461936984	0.434967812939282	0.821747110934685	0.123553380360168	0	1	NA	TRUE
"201254"	"CENPX"	0.585420339567463	0.0110207519530077	0.569143846708283	0.475617307952314	0.662670385464252	0.111846669826944	0	1	NA	TRUE
"201799"	"TMEM154"	-0.741373414196669	0.038466853844165	-0.87504285470594	-1.45372977531375	-0.296355934098128	0.16026095645978	56.579151490774	1	NA	TRUE
"201895"	"SMIM14"	-0.696498990351458	0.0375669709214474	-0.595730090796464	-0.885006699788908	-0.30645348180402	0.143624556556577	5.46184416855081	1	NA	TRUE
"203068"	"TUBB"	0.603657663508493	0.0421600846176225	0.66030973573695	0.427033688416581	0.893585783057318	0.128328098830021	0	1	NA	TRUE
"203111"	"ERICH5"	0.681837083571612	0.0232306369190073	0.646387348524271	0.372155728607427	0.920618968441115	0.134476026499623	0	1	NA	TRUE
"203427"	"SLC25A43"	0.649368960503364	0.0341332626016155	0.659366130734788	0.028018823724835	1.29071343774474	0.190736905008364	91.9625989339457	1	NA	TRUE
"2058"	"EPRS1"	0.757352059865932	0.011985402737884	0.740878126177127	0.523021546848374	0.95873470550588	0.122883355204238	19.713086932741	1	NA	TRUE
"2114"	"ETS2"	-0.728701388513261	0.032509720331531	-0.772932554609398	-0.991057135870597	-0.5548079733482	0.121882881197731	0	1	NA	TRUE
"2147"	"F2"	-0.723000723313057	0.0215047543954605	-0.710951623181229	-0.849036390110996	-0.572866856251461	0.111846669826944	0	1	NA	TRUE
"2160"	"F11"	-0.809096291542939	0.0235541760066957	-0.768089184724833	-1.11333323132876	-0.422845138120902	0.138726689295766	40.7631602228802	1	NA	TRUE
"217"	"ALDH2"	-1.194154974892	0.0297111503173376	-1.19086984940395	-1.75735157740033	-0.624388121407577	0.142034832468988	53.812801599034	1	NA	TRUE
"2180"	"ACSL1"	-1.26682780646855	0.0115802536922153	-1.22463234247859	-1.29509896463787	-1.15416572031932	0.108415569742804	0	1	NA	TRUE
"2184"	"FAH"	-0.662421061517516	0.0192928478820556	-0.697191629368558	-0.94964561884576	-0.444737639891356	0.128460921086354	0	1	NA	TRUE
"219"	"ALDH1B1"	-0.853027291860324	0.0427890648715499	-0.942064413046097	-1.67212888762179	-0.211999938470399	0.169223135645171	84.5563871232224	1	NA	TRUE
"2195"	"FAT1"	0.90486196658154	0.0158964558365635	0.881767311715997	0.504780758928117	1.25875386450388	0.135197491725726	11.4116229555124	1	NA	TRUE
"221078"	"NSUN6"	-0.701021678045437	0.0331473260826734	-0.690861385519589	-1.34896839242415	-0.0327543786150255	0.190475733114277	87.2634019219318	1	NA	TRUE
"221504"	"ZBTB9"	0.624715835448298	0.0202537951366368	0.611340692429607	0.189005480062707	1.03367590479651	0.163159621856473	79.4283886331199	1	NA	TRUE
"2266"	"FGG"	-0.609406612738417	0.022197228255487	-0.5687105420598	-0.849027314564079	-0.288393769555521	0.144605752576314	0	1	NA	TRUE
"2267"	"FGL1"	-0.650285037335959	0.0461819984108666	-0.586444070970718	-0.914087373724602	-0.258800768216834	0.151059091650378	0	1	NA	TRUE
"22822"	"PHLDA1"	-0.749756055180773	0.0418973475000115	-1.04267756973741	-1.23650767149388	-0.848847467980937	0.111846669826944	0	1	NA	TRUE
"22849"	"CPEB3"	-0.860842263401598	0.0348493189287085	-0.999908549627113	-1.31465798638768	-0.685159112866545	0.124353902828273	32.0452348208374	1	NA	TRUE
"22889"	"KHDC4"	0.666462419152729	0.0304834200669758	0.643308169796342	0.227613248516146	1.05900309107654	0.159410444269306	74.6578203117425	1	NA	TRUE
"22977"	"AKR7A3"	-1.37118154693966	0.0270607022391699	-1.16683765478539	-1.63588235928129	-0.697792950289494	0.130994316341349	0.0212029189329345	1	NA	TRUE
"23086"	"EXPH5"	-0.82744199641843	0.0474749587573854	-0.635855660854277	-1.11964732670273	-0.152063995005828	0.16764283543692	66.8749919316913	1	NA	TRUE
"23130"	"ATG2A"	-0.600384825996351	0.0418973475000115	-0.575404581833184	-1.04442243993779	-0.106386723728578	0.174207221942232	83.2626072449902	1	NA	TRUE
"23234"	"DNAJC9"	0.62734229448629	0.0245956291512756	0.609137505974327	0.0903092160589243	1.12796579588973	0.178625524633062	80.1945687085207	1	NA	TRUE
"23240"	"TMEM131L"	-0.797294105975216	0.0107256483335024	-0.799793631070202	-0.949054434428597	-0.650532827711807	0.111846669826944	0	1	NA	TRUE
"23316"	"CUX2"	-1.04737220622225	0.0179169203624088	-0.982819955660946	-1.3968152621639	-0.568824649157992	0.133683532101719	0	1	NA	TRUE
"2354"	"FOSB"	-2.13804846608782	0.0360323115721519	-2.7097569632151	-3.21719559726567	-2.20231832916454	0.111846669826944	0	1	NA	TRUE
"23557"	"SNAPIN"	0.588661478766796	0.0235541760066957	0.549778400940689	0.22517978414047	0.874377017740908	0.154273641298536	70.7256617606726	1	NA	TRUE
"23645"	"PPP1R15A"	-0.632323846607318	0.0313501630485988	-0.785315074647912	-1.19888374705972	-0.371746402236106	0.148465079838846	48.0129759861633	1	NA	TRUE
"23710"	"GABARAPL1"	-0.927813587553224	0.0491047427774947	-1.14931985070661	-1.76708922891837	-0.531550472494841	0.149037977544309	66.0092317771383	1	NA	TRUE
"23729"	"SHPK"	-0.691781920754739	0.020133384569272	-0.728639173435587	-1.14596942244761	-0.311308924423565	0.152432555252687	75.9461537033452	1	NA	TRUE
"24137"	"KIF4A"	1.12941544547845	0.0421600846176225	1.12695744890335	-0.0807208243892079	2.3346357221959	0.203416593126931	92.796334014656	1	NA	TRUE
"252839"	"TMEM9"	0.628784984796789	0.0107256483335024	0.634838335465201	0.523438622244192	0.74623804868621	0.111846669826944	0	1	NA	TRUE
"252995"	"FNDC5"	-0.877335213949898	0.0370088281983207	-0.992475769425665	-1.89435707700294	-0.0905944618483863	0.185487530613893	62.3471294438102	1	NA	TRUE
"2542"	"SLC37A4"	-0.737328664952706	0.0469049727783672	-0.588938689982554	-1.05518979278073	-0.122687587184382	0.170962213001225	54.0053441433196	1	NA	TRUE
"254295"	"PHYHD1"	-0.907631361380325	0.0322829974321606	-0.895557325875551	-1.84042129019264	0.0493066384415413	0.201384261457507	86.1481535064967	1	NA	TRUE
"254863"	"TMEM256"	-0.744053403345713	0.0115802536922153	-0.775932964283265	-0.84569291613016	-0.70617301243637	0.111846669826944	0	1	NA	TRUE
"255043"	"TMEM86B"	-0.711562087436147	0.0245955112414832	-0.760025431624815	-1.00229372632744	-0.517757136922194	0.124353902828273	0	1	NA	TRUE
"255167"	"LINC01018"	-0.973290486246649	0.0325188200302475	-0.90602991878696	-1.09645051629142	-0.715609321282502	0.111846669826944	0	1	NA	TRUE
"256764"	"WDR72"	-0.898714393175533	0.0127759792996141	-0.913782467565221	-1.18251387051736	-0.645051064613081	0.122883355204238	0	1	NA	TRUE
"25854"	"FAM149A"	-0.930829287139302	0.0343633978980987	-0.869513683463737	-1.776188257719	0.0371608907915264	0.200461858644288	89.2132972276059	1	NA	TRUE
"25891"	"PAMR1"	-0.974651397760365	0.01826882088407	-0.924882889254765	-1.40300198279329	-0.446763795716242	0.147029126038759	81.0554998249538	1	NA	TRUE
"25903"	"OLFML2B"	0.629426057186168	0.0407090452218885	0.707091353928666	0.0325451802524426	1.38163752760489	0.190475733114277	77.6897144015914	1	NA	TRUE
"259266"	"ASPM"	1.75681571137616	0.0127759792996141	1.79770292019967	1.20696468057935	2.38844115981999	0.125019470885337	51.8720991320126	1	NA	TRUE
"25987"	"TSKU"	-0.761525907555659	0.0442480793245133	-0.715361000396953	-1.65113701192122	0.220415011127311	0.233650099129592	77.3109409290613	1	NA	TRUE
"26007"	"TKFC"	-1.39294328152507	0.0450895138919308	-1.22986821895893	-2.17268057943463	-0.287055858483238	0.16845456828625	78.0196767664787	1	NA	TRUE
"26022"	"TMEM98"	0.621009792964563	0.0482249769148412	0.533619699114654	-0.015738500710416	1.08297789893972	0.198963667586713	56.0469895654653	1	NA	TRUE
"2617"	"GARS1"	0.657003125652263	0.0196395017563344	0.626347005623773	0.365142505186044	0.887551506061502	0.133132654849624	27.6431560641041	1	NA	TRUE
"26256"	"CABYR"	0.610066445255803	0.0379695637786571	0.52788780975635	0.14997045173578	0.905805167776921	0.164507922407759	30.2190200327053	1	NA	TRUE
"2639"	"GCDH"	-1.02879496587427	0.0483695809801275	-1.10269341716134	-1.1558287944311	-1.04955803989158	0.102972420439312	0	1	NA	TRUE
"2646"	"GCKR"	-1.11481309899654	0.0403714061893813	-1.14407693236312	-1.45477738560913	-0.8333764791171	0.119750428207759	5.14476875158219	1	NA	TRUE
"26998"	"FETUB"	-0.882625793854712	0.0311681642244962	-0.941268215955276	-1.56113191544974	-0.321404516460812	0.160112486212733	32.2308395773266	1	NA	TRUE
"27141"	"CIDEB"	-1.11397149852274	0.0273291652661832	-1.10210456568341	-1.70401790894958	-0.500191222417247	0.149372436617942	60.5939731157561	1	NA	TRUE
"27163"	"NAAA"	-0.707102022513009	0.0115802536922153	-0.685176021873834	-0.864068242905536	-0.506283800842131	0.117458173133089	1.92984041590442	1	NA	TRUE
"27289"	"RND1"	-0.638003132842401	0.0403714061893813	-0.737855328627756	-1.17483536392274	-0.300875293332767	0.154491184866071	16.8710153258442	1	NA	TRUE
"2806"	"GOT2"	-0.946275158759096	0.0299635747926304	-0.977060958737564	-1.2578001599306	-0.696321757544526	0.121897200528203	0.00499741227473038	1	NA	TRUE
"282969"	"FUOM"	-0.747916363366092	0.018117164584208	-0.711871703354039	-0.805848665284086	-0.617894741423991	0.111846669826944	0	1	NA	TRUE
"283377"	"SPRYD4"	-0.93828132567924	0.0173036601171592	-0.866309528483697	-1.24315132449305	-0.489467732474344	0.136499349427695	39.7651369575741	1	NA	TRUE
"283537"	"SLC46A3"	-1.37062712997461	0.0363612455553973	-1.05390906378831	-1.73423213635093	-0.373585991225687	0.15940255763963	18.4567625326539	1	NA	TRUE
"283600"	"SLC25A47"	-2.36726558158015	0.0305563824122931	-2.3931239711988	-3.55128704318728	-1.23496089921033	0.143312680443054	76.9393373964931	1	NA	TRUE
"284013"	"VMO1"	-0.645958730229953	0.0344372248974622	-0.639999782099501	-1.29630456667554	0.0163050024765404	0.198555641790729	92.5429749666639	1	NA	TRUE
"284018"	"C17orf58"	0.585575810999466	0.037290842144754	0.614736262934424	0.125480056731661	1.10399246913719	0.17148565927828	84.2853986885619	1	NA	TRUE
"284111"	"SLC13A5"	-1.50488058125036	0.0247451903331154	-1.40667446364873	-1.80962608491234	-1.00372284238512	0.121897200528203	0	1	NA	TRUE
"284422"	"SMIM24"	-1.81283727683259	0.0239592378310418	-1.63919719916926	-2.22281591727946	-1.05557848105907	0.128328098830021	0.000390963334368063	1	NA	TRUE
"284904"	"SEC14L4"	-0.654835702087777	0.0427145952601135	-0.594288284470523	-1.13372171183015	-0.0548548571108947	0.185435413351213	50.4217733130724	1	NA	TRUE
"285016"	"ALKAL2"	-0.880497748951084	0.0416629427462599	-0.805544510203151	-1.75327312202745	0.142184101621149	0.217362236860164	82.5015767891819	1	NA	TRUE
"286053"	"NSMCE2"	1.01779324498236	0.0115802536922153	1.00612154596323	0.76745992671048	1.24478316521598	0.113708202227375	0	1	NA	TRUE
"286410"	"ATP11C"	-0.590052838254415	0.017723721358359	-0.552256338603553	-0.774320344929749	-0.330192332277356	0.130994316341349	27.3398570410562	1	NA	TRUE
"286499"	"FAM133A"	0.658836124287996	0.0455554636852857	0.742929788931531	-0.153526665656319	1.63938624351938	0.22097824072246	73.6121022504644	1	NA	TRUE
"28968"	"SLC6A16"	-0.694519309673792	0.017723721358359	-0.733515712049776	-1.12562334661778	-0.341408077481776	0.148587165622986	41.5741058825344	1	NA	TRUE
"28970"	"C11orf54"	-0.662489101516232	0.0192060376209246	-0.631047521313567	-0.85389371937584	-0.408201323251294	0.128328098830021	0	1	NA	TRUE
"29081"	"METTL5"	0.670838664180426	0.0463054557231985	0.721455337291452	-0.0640579373828174	1.50696861196572	0.206157377780916	91.4242583928365	1	NA	TRUE
"29085"	"PHPT1"	0.651247983212087	0.0444008343586313	0.660661005747213	-0.0826025357373593	1.40392454723179	0.210723259884437	89.2778282413866	1	NA	TRUE
"29089"	"UBE2T"	1.56916673253117	0.020133384569272	1.45525401316989	0.530124973133645	2.38038305320615	0.158420790658055	86.0193810927299	1	NA	TRUE
"29097"	"CNIH4"	0.690686283735737	0.0324207728300036	0.720544853609372	0.0672840962323623	1.37380561098638	0.185392927374972	89.7877478132372	1	NA	TRUE
"29899"	"GPSM2"	0.73273734938271	0.019391521939024	0.759050381287115	0.277179927144855	1.24092083542938	0.158197780347122	80.2721091293416	1	NA	TRUE
"29901"	"SAC3D1"	0.654563768463305	0.0192060376209246	0.628874033096064	0.505869429992344	0.751878636199784	0.111846669826944	0	1	NA	TRUE
"29902"	"FAM216A"	0.632799815655993	0.0243061667252363	0.619758349254948	0.151363721245113	1.08815297726478	0.16753962989763	70.6378296711386	1	NA	TRUE
"2992"	"GYG1"	0.599235823873143	0.0161863061638947	0.583130083236635	0.384834863999678	0.781425302473593	0.126413754581097	0	1	NA	TRUE
"29950"	"SERTAD1"	-0.721348762366709	0.0492978583006779	-0.97075719127318	-1.5737072614704	-0.367807121075962	0.157438379593991	68.6224019458862	1	NA	TRUE
"29958"	"DMGDH"	-0.894292651948564	0.0427180675803318	-0.795673375933847	-1.00586706759148	-0.585479684276218	0.117979280529917	0	1	NA	TRUE
"29968"	"PSAT1"	-0.692243644646195	0.0329832488358709	-0.657312574577684	-1.25021722127069	-0.064407927884679	0.184894354209163	79.4614535729638	1	NA	TRUE
"29974"	"A1CF"	-0.588040212186681	0.0115802536922153	-0.5825139524839	-0.734248380399304	-0.430779524568497	0.117458173133089	0	1	NA	TRUE
"3015"	"H2AZ1"	1.07055431874681	0.0179567466726547	1.0849872440254	0.440264125660546	1.72971036239026	0.154671497813423	69.7723039410247	1	NA	TRUE
"302"	"ANXA2"	0.936268755396114	0.0156838604691839	0.955052768781659	0.752716715635082	1.15738882192824	0.111846669826944	0	1	NA	TRUE
"3020"	"H3-3A"	0.632215894089263	0.037290842144754	0.629671127252288	0.178827991997498	1.08051426250708	0.164507922407759	81.5044687920415	1	NA	TRUE
"3033"	"HADH"	-0.688243040524525	0.01826882088407	-0.640049312897143	-0.795100860858479	-0.484997764935807	0.11495631409065	0	1	NA	TRUE
"3043"	"HBB"	-1.2078660556363	0.0381589527724517	-1.29532077499457	-2.0773660915041	-0.513275458485049	0.156111380960725	65.1912302389467	1	NA	TRUE
"3131"	"HLF"	-0.751313094535617	0.0115802536922153	-0.77130985391514	-0.944261180997871	-0.598358526832409	0.112515986103433	0	1	NA	TRUE
"3155"	"HMGCL"	-0.865030891195144	0.0450964332061268	-1.02075818924845	-1.4545616027653	-0.586954775731601	0.134823761405261	56.0308424208092	1	NA	TRUE
"319"	"APOF"	-2.61108830659584	0.0455525593600339	-2.94290623298317	-3.63129093343612	-2.25452153253022	0.112515986103433	0	1	NA	TRUE
"3294"	"HSD17B2"	-1.08881372069727	0.0358204382963748	-1.32437661904635	-1.50781614598749	-1.14093709210522	0.111846669826944	0	1	NA	TRUE
"3315"	"HSPB1"	0.875620019535034	0.0408084414644576	0.961828820099424	0.646175677515052	1.2774819626838	0.125019470885337	32.4256034282241	1	NA	TRUE
"3326"	"HSP90AB1"	1.02034167355242	0.0107256483335024	0.994091043063212	0.744959362432081	1.24322272369434	0.116581091676263	6.53763900341224	1	NA	TRUE
"339324"	"ZNF260"	0.594755296425619	0.0454102396850823	0.568136800884064	0.11130678843103	1.0249668133371	0.172456218130208	78.7778551048228	1	NA	TRUE
"339390"	"CLEC4G"	-2.95763133143369	0.0127759792996141	-2.82105749559633	-3.87578868784448	-1.76632630334819	0.128973648332839	75.2976707913416	1	NA	TRUE
"3394"	"IRF8"	-0.766679693039561	0.0444167791768675	-0.996457010064737	-1.10325197201082	-0.889662048118657	0.111846669826944	0	1	NA	TRUE
"3397"	"ID1"	-1.23628067825098	0.036851858112021	-1.40827147457202	-2.60868987896545	-0.207853070178592	0.178642396252426	89.1440021293349	1	NA	TRUE
"3426"	"CFI"	-1.08237328846576	0.0166669859421557	-1.02732042231892	-1.37278878585006	-0.681852058787781	0.125833237644081	0	1	NA	TRUE
"3486"	"IGFBP3"	-1.48298412936002	0.0428923787597669	-1.90214330021591	-2.21833934456991	-1.58594725586192	0.111846669826944	0	1	NA	TRUE
"3491"	"CCN1"	-1.62439476749029	0.0127759792996141	-1.68032184042424	-2.25855875854572	-1.10208492230276	0.126812997949101	28.8703503728732	1	NA	TRUE
"3654"	"IRAK1"	0.698023128913679	0.047092487805484	0.849393858048585	0.268442269247786	1.43034544684938	0.163055091472858	85.9483729592908	1	NA	TRUE
"3697"	"ITIH1"	-0.837234776025658	0.0403853524769091	-0.774459027087586	-0.921159685691819	-0.627758368483353	0.111846669826944	0	1	NA	TRUE
"37"	"ACADVL"	-0.633278022992717	0.0475135913773924	-0.681288643389489	-0.92768140274677	-0.434895884032208	0.128460921086354	42.848423330574	1	NA	TRUE
"3703"	"STT3A"	0.710896517115349	0.0158964558365635	0.730359028416926	0.399958293525174	1.06075976330868	0.139010756111603	41.7300015164035	1	NA	TRUE
"3712"	"IVD"	-0.749542133934207	0.0476605195041904	-0.794967433956865	-1.24174798784047	-0.348186880073263	0.151199955033016	69.3421092151811	1	NA	TRUE
"3725"	"JUN"	-0.727570860525899	0.0435614504396545	-0.998703610812513	-1.06700107998598	-0.930406141639046	0.108415569742804	0	1	NA	TRUE
"387103"	"CENPW"	1.3861553221052	0.0248923394779784	1.33761625316332	0.215130083432376	2.46010242289427	0.176496154414573	92.121644989226	1	NA	TRUE
"388323"	"GLTPD2"	-0.665519470000123	0.0281790446665833	-0.678459618934371	-1.10729664162803	-0.249622596240712	0.15771625985705	56.5523422634179	1	NA	TRUE
"388753"	"COA6"	0.761109710648098	0.017723721358359	0.741866684235268	0.356778627059837	1.1269547414107	0.147086664356716	76.3213836332818	1	NA	TRUE
"389432"	"SAMD5"	-0.839367663536335	0.0385018662795669	-0.731122677847063	-1.34026897861673	-0.121976377077399	0.176074178432905	69.6562762400183	1	NA	TRUE
"389434"	"IYD"	-1.0996961499002	0.0144254850712544	-1.16156135247388	-1.39949573753488	-0.92362696741289	0.111846669826944	0	1	NA	TRUE
"390"	"RND3"	-1.84002679379805	0.0107256483335024	-1.81285938014796	-2.00864674848101	-1.61707201181492	0.111846669826944	0	1	NA	TRUE
"3915"	"LAMC1"	0.842704856131873	0.0465036340733059	1.01928945733514	0.95068323218946	1.08789568248082	0.108415569742804	0	1	NA	TRUE
"3950"	"LECT2"	-1.72700380434014	0.0158964558365635	-1.74694780264767	-2.09884231846021	-1.39505328683514	0.111846669826944	0	1	NA	TRUE
"3990"	"LIPC"	-1.09559789953326	0.0144254850712544	-1.16643371549543	-1.24877592924506	-1.0840915017458	0.108415569742804	0	1	NA	TRUE
"401466"	"RBIS"	0.687770943977611	0.0127759792996141	0.714068803081554	0.480668876128303	0.947468730034804	0.124782596196519	0.068398537694724	1	NA	TRUE
"401546"	"C9orf152"	0.622433749392112	0.0428123433710504	0.716905267713758	0.181320651864974	1.25248988356254	0.166999096655438	47.2139843300555	1	NA	TRUE
"4060"	"LUM"	-0.72401345968857	0.0398601464367114	-0.722520302726928	-1.67814215355717	0.233101548103318	0.234944541198065	78.1938896126926	1	NA	TRUE
"4061"	"LY6E"	-1.48197052487203	0.041934629311689	-1.88252626336745	-3.03112282896511	-0.733929697769778	0.156569038428536	77.3813845110074	1	NA	TRUE
"4153"	"MBL2"	-1.50680659050837	0.03284577080165	-1.70814423706271	-2.29203277717839	-1.12425569694702	0.126812997949101	0	1	NA	TRUE
"4171"	"MCM2"	1.16819353142687	0.0427623746011218	1.2676401746667	0.656595395069291	1.87868495426411	0.143106305079787	55.0652710532374	1	NA	TRUE
"4172"	"MCM3"	0.939850045842014	0.0483778280333531	1.00924398289988	0.698972223141065	1.3195157426587	0.123553380360168	18.5714706793968	1	NA	TRUE
"4201"	"MEA1"	0.652883221846822	0.0255721745479553	0.564948337533869	0.323839917634409	0.806056757433328	0.135197491725726	29.524700932047	1	NA	TRUE
"4255"	"MGMT"	-0.762634645975592	0.0464577354369775	-0.957600108792256	-1.28569036170457	-0.629509855879944	0.126812997949101	43.6335095066795	1	NA	TRUE
"432"	"ASGR1"	-0.622313697795153	0.0202639460887176	-0.618405426082489	-0.664841521535776	-0.571969330629201	0.111846669826944	0	1	NA	TRUE
"435"	"ASL"	-0.734171753409324	0.0478856240792214	-0.61758997342945	-1.0665411680387	-0.168638778820197	0.165167995558114	62.9961582048804	1	NA	TRUE
"445"	"ASS1"	-1.31712864693411	0.0328980491115953	-1.13510141829587	-1.96269156609031	-0.307511270501426	0.165215567520833	87.3715913124367	1	NA	TRUE
"4493"	"MT1E"	-1.96433762736185	0.0491047427774947	-2.09070997553167	-3.23397183888249	-0.947448112180852	0.149372436617942	77.7780048890854	1	NA	TRUE
"4494"	"MT1F"	-3.20439781048559	0.0225884394824362	-3.1754930310992	-5.35286620875841	-0.998119853439993	0.163117370799088	88.2373141974565	1	NA	TRUE
"4499"	"MT1M"	-3.45840215453283	0.0115802536922153	-3.21049065913837	-3.63252076851295	-2.78846054976379	0.111846669826944	0	1	NA	TRUE
"4501"	"MT1X"	-2.62935018532037	0.0256649368834354	-2.44391798413306	-4.53230705450896	-0.35552891375716	0.178876402839818	88.9773370068148	1	NA	TRUE
"4547"	"MTTP"	-1.19685429835727	0.0189508407128152	-1.15542249776965	-1.80295268512018	-0.507892310419129	0.151128552869264	50.1543679054318	1	NA	TRUE
"4616"	"GADD45B"	-1.09306222278845	0.0464818596675499	-1.46119994500726	-2.31649297623432	-0.605906913780201	0.153323171112157	71.7783839061775	1	NA	TRUE
"4703"	"NEB"	0.706974242623122	0.0158016047388783	0.739670380516414	0.321364267046484	1.15797649398634	0.151557447153373	24.7024978912524	1	NA	TRUE
"4758"	"NEU1"	0.978595181235468	0.0127759792996141	0.937454069407032	0.78381182396013	1.09109631485393	0.111846669826944	0	1	NA	TRUE
"4783"	"NFIL3"	-0.610172365931913	0.025622457923278	-0.745222826511436	-0.977767333155895	-0.512678319866977	0.123840141481217	0	1	NA	TRUE
"4860"	"PNP"	-0.743831389724769	0.0235541760066957	-0.777608605957468	-1.3015931646387	-0.253624047276239	0.161479254407158	72.6713702319425	1	NA	TRUE
"4897"	"NRCAM"	0.647553948623051	0.0127759792996141	0.654538483015307	0.390853781934578	0.918223184096036	0.130994316341349	0	1	NA	TRUE
"5050"	"PAFAH1B3"	0.816991557246348	0.0416629427462599	0.79601418316094	0.44963115171902	1.14239721460286	0.136499349427695	9.77282326482868	1	NA	TRUE
"50808"	"AK3"	-0.592692876044834	0.043171032547501	-0.665530541547079	-1.1370488887344	-0.19401219435976	0.164267616743451	67.331211030556	1	NA	TRUE
"51001"	"MTERF3"	0.609931400781456	0.0161863061638947	0.616530897682781	0.381715522251655	0.851346273113906	0.129791698981731	10.9997158971906	1	NA	TRUE
"51018"	"RRP15"	0.701964701697754	0.0138847891656687	0.712933421021574	0.403269476805351	1.0225973652378	0.136481341166786	48.4235426804912	1	NA	TRUE
"51026"	"GOLT1B"	0.736618286908892	0.0115802536922153	0.753394583312993	0.582718427853658	0.924070738772328	0.112515986103433	0	1	NA	TRUE
"5105"	"PCK1"	-1.80518776938388	0.0244309271408705	-1.76467265414832	-2.5986307537204	-0.930714554576244	0.141373956420815	48.6401633988256	1	NA	TRUE
"51066"	"SSUH2"	0.738657692805928	0.0493877979346011	0.665183297661923	-0.200133915664793	1.53050051098864	0.23278501514594	84.3006214112804	1	NA	TRUE
"51126"	"NAA20"	0.645394781643035	0.0326050821527862	0.675430430324921	0.145937733726205	1.20492312692364	0.17047036605373	89.2112081932064	1	NA	TRUE
"51155"	"JPT1"	0.790376954442073	0.0107256483335024	0.775677228886456	0.688627581190104	0.862726876582808	0.111846669826944	0	1	NA	TRUE
"51175"	"TUBE1"	-0.679201927597444	0.0416629427462599	-0.67089691996869	-1.12178995855713	-0.220003881380251	0.161166029502927	82.4966498416939	1	NA	TRUE
"5118"	"PCOLCE"	-0.972999630717017	0.031543962323982	-1.00392973857626	-1.62255438546082	-0.385305091691711	0.157200362194143	40.1584661324524	1	NA	TRUE
"51192"	"CKLF"	0.785899215155587	0.0211488790393999	0.823956574898999	0.312408289961973	1.33550485983603	0.157438379593991	68.7060001002094	1	NA	TRUE
"51266"	"CLEC1B"	-3.09195834918372	0.0107256483335024	-3.07399580867768	-3.44082703586073	-2.70716458149462	0.111846669826944	0	1	NA	TRUE
"51302"	"CYP39A1"	-1.46231464165522	0.0453390502007312	-1.5438634014226	-2.1031943051321	-0.984532497713092	0.128460921086354	54.2871367311136	1	NA	TRUE
"51312"	"SLC25A37"	-0.661389062134244	0.0181252972389415	-0.645236527594815	-0.991178917871365	-0.299294137318265	0.148883113624562	59.5744173092447	1	NA	TRUE
"51504"	"TRMT112"	0.669759646284521	0.0493404530146433	0.744674135165322	0.182344473370003	1.30700379696064	0.16753962989763	83.4223981207847	1	NA	TRUE
"51506"	"UFC1"	0.78469618345431	0.0243463972657534	0.765088296496353	0.194252521806838	1.33592407118587	0.166999096655438	85.5064678802357	1	NA	TRUE
"51520"	"LARS1"	0.612226053782501	0.0107256483335024	0.610600557116401	0.5470201235068	0.674180990726002	0.111846669826944	0	1	NA	TRUE
"51629"	"SLC25A39"	0.687888339264492	0.0107256483335024	0.671304137371621	0.667101220514148	0.675507054229093	0.0370808369320713	0	1	NA	TRUE
"51660"	"MPC1"	-0.930131739390454	0.0107256483335024	-0.93533068003656	-1.13257991908098	-0.738081440992145	0.111846669826944	0	1	NA	TRUE
"51678"	"PALS2"	0.635007502060884	0.0463054557231985	0.580731220494791	-0.115657488439762	1.27711992942934	0.220034632777154	86.5323969910214	1	NA	TRUE
"5174"	"PDZK1"	0.808034263842932	0.0223641102667666	0.927229493918437	0.347078167281698	1.50738082055518	0.15750721160626	58.3485125299314	1	NA	TRUE
"5342"	"PLGLB2"	-0.854252149275789	0.0386378144641048	-0.805563902416842	-1.29121036149928	-0.319917443334406	0.156053511409451	71.9403066710642	1	NA	TRUE
"5345"	"SERPINF2"	-1.10609646378763	0.018880247642639	-1.19970055481929	-1.5475227745763	-0.851878335062274	0.121897200528203	0.0172603018489982	1	NA	TRUE
"5346"	"PLIN1"	-0.879829110239442	0.0459107749677009	-0.877532406557789	-1.77538884768442	0.0203240345688457	0.198361836517465	89.6210545655306	1	NA	TRUE
"54102"	"CLIC6"	-0.718345305908593	0.0293205572719323	-0.733224026687225	-1.38609969371164	-0.0803483596628091	0.183686613781441	74.8103304754801	1	NA	TRUE
"54206"	"ERRFI1"	-1.12146140416682	0.0273100173143949	-0.979200308462772	-1.70133487484541	-0.257065742080132	0.165784967237359	78.067382539943	1	NA	TRUE
"54463"	"RETREG1"	-1.08421507028959	0.018706817206495	-1.09517413156706	-1.38201036274582	-0.808337900388307	0.117547017757902	0	1	NA	TRUE
"54499"	"TMCO1"	0.645041987810784	0.0192060376209246	0.66535182318711	0.407863954822147	0.922839691552074	0.129839122454642	46.3262295537573	1	NA	TRUE
"54566"	"EPB41L4B"	-0.623040729203138	0.0192060376209246	-0.642566480674357	-0.893740172637814	-0.391392788710899	0.129839122454642	37.0497712445532	1	NA	TRUE
"5476"	"CTSA"	0.70055492538819	0.0205243490286644	0.718854907177249	0.253921813909486	1.18378800044501	0.159410444269306	59.9089820527825	1	NA	TRUE
"54825"	"CDHR2"	-2.0016848017123	0.023449081276361	-2.17315817472815	-3.25459397984981	-1.09172236960649	0.144897345817315	85.1626513755999	1	NA	TRUE
"54855"	"TENT5C"	-0.725037938634136	0.0396847148496947	-0.718538199735879	-1.21779833258917	-0.219278066882586	0.163159621856473	45.3338843822711	1	NA	TRUE
"54908"	"SPDL1"	0.666309622222655	0.0292349644738128	0.702724518343625	0.0524042692761885	1.35304476741106	0.187241925416451	92.799414177992	1	NA	TRUE
"54923"	"LIME1"	-0.788276754796344	0.0162013228557696	-0.808575926145806	-1.11921668857541	-0.497935163716206	0.129839122454642	0	1	NA	TRUE
"54981"	"NMRK1"	-0.706113457244554	0.0247419494648715	-0.714554484871717	-1.30938210358138	-0.119726866162056	0.175988899840192	89.6239367155289	1	NA	TRUE
"55093"	"NTAQ1"	0.77601403897194	0.0336226816607828	0.628669887299056	0.238238294149951	1.01910148044816	0.157438379593991	65.8736515732513	1	NA	TRUE
"55107"	"ANO1"	-0.986429810976533	0.0158964558365635	-0.937192060370857	-1.15456758422835	-0.719816536513367	0.112515986103433	0	1	NA	TRUE
"55143"	"CDCA8"	0.685001641633629	0.0456540390504246	0.735272000467402	0.458807062038841	1.01173693889596	0.129295239748968	17.4577411265505	1	NA	TRUE
"55157"	"DARS2"	0.689609587872744	0.0127759792996141	0.668447320939907	0.492413907177812	0.844480734702002	0.117761137893821	0	1	NA	TRUE
"55165"	"CEP55"	0.996357167773312	0.015234192590746	0.966447981770843	0.675339114416087	1.2575568491256	0.123486654673551	0.0014458912026101	1	NA	TRUE
"55166"	"CENPQ"	0.60438804915192	0.0357497053944241	0.632631534925275	-0.0552345805714856	1.32049765042203	0.20603461248925	91.0961444039886	1	NA	TRUE
"55204"	"GOLPH3L"	0.696178197940218	0.0447931034539627	0.765420520852815	0.172391680358879	1.35844936134675	0.169223135645171	89.0260842280188	1	NA	TRUE
"55214"	"P3H2"	-0.800037393037997	0.041123919423221	-0.860372292542742	-1.76239552632836	0.0416509412428782	0.20050219199819	94.8081168828656	1	NA	TRUE
"55215"	"FANCI"	0.724559160223221	0.0196395017563344	0.651202031180703	0.350421229327728	0.951982833033677	0.140576313627469	52.3779623385776	1	NA	TRUE
"55244"	"SLC47A1"	-0.659228076105214	0.0485895324677512	-0.607900345712733	-1.2506684410053	0.0348677495798375	0.201733056082707	63.1157054527813	1	NA	TRUE
"55246"	"CCDC25"	-0.594829067747415	0.0189508407128152	-0.564457925815098	-0.840522714071239	-0.288393137558957	0.144464571817143	20.7256469655025	1	NA	TRUE
"55256"	"ADI1"	-0.597318446868208	0.0427424242886628	-0.513489656208049	-1.00372147556744	-0.0232578368486544	0.190475733114277	62.3861014215785	1	NA	TRUE
"55299"	"BRIX1"	0.587729375364791	0.0107256483335024	0.571168487656849	0.525500523941645	0.616836451372053	0.111846669826944	0	1	NA	TRUE
"55337"	"SHFL"	-0.843427298991881	0.0305679559760907	-0.858816766041212	-1.67198774333792	-0.0456457887445013	0.189901603975964	82.4782614529221	1	NA	TRUE
"55353"	"LAPTM4B"	1.39267473645742	0.0211921626739346	1.26764585593978	0.526040415112363	2.0092512967672	0.153285806370687	51.9790049358822	1	NA	TRUE
"55355"	"HJURP"	1.01441989888514	0.0193055366359518	0.941916021305322	0.609161444507596	1.27467059810305	0.128328098830021	40.2295915727972	1	NA	TRUE
"55502"	"HES6"	0.637139837490428	0.0245956291512756	0.771577442563348	0.482257822002125	1.06089706312457	0.129188354365701	0	1	NA	TRUE
"55526"	"DHTKD1"	-0.683853366313665	0.0427180675803318	-0.554683197526325	-0.635834960864011	-0.473531434188639	0.111846669826944	0	1	NA	TRUE
"55536"	"CDCA7L"	0.585872498656682	0.0247451903331154	0.53559707562107	0.200523076066145	0.870671075175996	0.15750721160626	46.7790047217409	1	NA	TRUE
"55576"	"STAB2"	-1.3895747478662	0.0441632097174627	-1.49723449660753	-2.58941749340741	-0.405051499807651	0.165215567520833	94.1597398527616	1	NA	TRUE
"55638"	"SYBU"	-0.699552930707679	0.0363612455553973	-0.633758164272429	-1.24010200443602	-0.027414324108837	0.190588654766899	54.1348204219514	1	NA	TRUE
"55651"	"NHP2"	0.774181886892765	0.0162013228557696	0.779249232514558	0.438531378919887	1.11996708610923	0.136499349427695	56.3268571079882	1	NA	TRUE
"55656"	"INTS8"	0.721719036128967	0.0344372248974622	0.630608728700386	-0.0160829896535141	1.27730044705429	0.198555641790729	86.5724591558982	1	NA	TRUE
"55732"	"FIRRM"	0.710514150160129	0.0464577354369775	0.774570015150868	-0.140378123637715	1.68951815393945	0.217972511487184	90.4081528842682	1	NA	TRUE
"558"	"AXL"	-0.663996336227251	0.0162013228557696	-0.684764468739245	-1.07572648228845	-0.293802455190039	0.152432555252687	40.3920337972363	1	NA	TRUE
"55872"	"PBK"	1.59494432765231	0.0430029439408911	1.50862945023376	0.0491312846906853	2.96812761577683	0.192346984884234	91.7851029131637	1	NA	TRUE
"55971"	"BAIAP2L1"	0.636107911824326	0.0285543725463636	0.658324749399119	0.115569589774542	1.2010799090237	0.174829429114156	60.0019340243721	1	NA	TRUE
"55974"	"SLC50A1"	0.730725258807967	0.0115802536922153	0.757615348599025	0.630310319445182	0.884920377752867	0.111846669826944	0	1	NA	TRUE
"56521"	"DNAJC12"	-0.977458029504112	0.0196395017563344	-1.16086329526392	-1.4098673232667	-0.911859267261138	0.111846669826944	0	1	NA	TRUE
"56892"	"TCIM"	-1.9050010725229	0.0107256483335024	-1.88412823977414	-2.16319791488296	-1.60505856466532	0.111846669826944	0	1	NA	TRUE
"5710"	"PSMD4"	0.762516971094027	0.0361588269628663	0.919705675314508	0.566180954923927	1.27323039570509	0.129839122454642	61.2855999349336	1	NA	TRUE
"57149"	"LYRM1"	-0.699371459872506	0.0381589527724517	-0.753301210604836	-1.24975098853166	-0.256851432678013	0.160112486212733	76.3345929708048	1	NA	TRUE
"57211"	"ADGRG6"	-0.766968385447535	0.0107256483335024	-0.751003226141619	-0.883957902976219	-0.618048549307019	0.111846669826944	0	1	NA	TRUE
"57393"	"CLTRN"	-2.22703058847909	0.0468643619209187	-2.12127258269069	-5.15849314025628	0.915947974874888	0.24898485602208	97.6440035757516	1	NA	TRUE
"57406"	"ABHD6"	-0.744159262239815	0.0387552161541325	-0.690940218688869	-1.34740166503056	-0.0344787723471752	0.19037400596459	82.9350306168671	1	NA	TRUE
"5743"	"PTGS2"	-0.822569129807872	0.0484164484289692	-0.964441517609576	-1.38292783130368	-0.54595520391547	0.136481341166786	0.00270877814420751	1	NA	TRUE
"5745"	"PTH1R"	-1.25856254756091	0.0127759792996141	-1.32871610074374	-1.55379153237413	-1.10364066911335	0.111846669826944	0	1	NA	TRUE
"57510"	"XPO5"	0.661320435274325	0.0319850876572599	0.645832113137262	0.260393519686727	1.0312707065878	0.15503376898875	74.0078086761049	1	NA	TRUE
"57600"	"FNIP2"	-0.69264250154225	0.0385143951760701	-0.585770897943494	-0.635863597866379	-0.535678198020608	0.111846669826944	0	1	NA	TRUE
"57643"	"ZSWIM5"	0.61192020480788	0.0336511556390817	0.667715567015299	0.0861091273586037	1.24932200667199	0.180660166907559	80.0226583058107	1	NA	TRUE
"57648"	"NHSL3"	0.587046190386111	0.0127759792996141	0.579423019187888	0.385116170506602	0.773729867869174	0.125833237644081	0	1	NA	TRUE
"57688"	"ZSWIM6"	-0.688546932983465	0.0194456570264658	-0.68231107144608	-1.13746705001087	-0.227155092881288	0.160956735700343	72.6165912237464	1	NA	TRUE
"57819"	"LSM2"	0.661336903184431	0.023679601394082	0.672977415155835	0.438184772227558	0.907770058084113	0.127830199816762	10.74433077498	1	NA	TRUE
"58478"	"ENOPH1"	0.604299239537235	0.0115802536922153	0.602516281275198	0.495610765286297	0.709421797264099	0.111846669826944	0	1	NA	TRUE
"58528"	"RRAGD"	0.962006594554004	0.0115185784804488	0.971834784539036	0.942112011071739	1.00155755800633	0.102972420439312	0	1	NA	TRUE
"5860"	"QDPR"	-0.667815668334347	0.0192060376209246	-0.652746761737876	-0.868911127124075	-0.436582396351676	0.125711538976979	0	1	NA	TRUE
"5931"	"RBBP7"	0.586457946810898	0.0443577079863043	0.66112867478577	0.315455161431986	1.00680218813955	0.147792535122149	54.3261326461512	1	NA	TRUE
"59349"	"KLHL12"	0.621507465947563	0.040507193582482	0.726042486764474	0.219293824395851	1.2327911491331	0.163199008450018	85.2069215728208	1	NA	TRUE
"5993"	"RFX5"	0.636224316933827	0.027263654433374	0.664066027942304	0.245761551028771	1.08237050485584	0.15750721160626	82.1072369219319	1	NA	TRUE
"6132"	"RPL8"	0.652959788951495	0.0426826714619783	0.711300562740177	0.619299072447589	0.803302053032765	0.111846669826944	0	1	NA	TRUE
"6156"	"RPL30"	0.717638530283282	0.0476676150152322	0.713521857461955	-0.00849397784722494	1.43553769277113	0.197126872721181	91.3719159754956	1	NA	TRUE
"6175"	"RPLP0"	0.641886999703667	0.0274914546197221	0.658880173908611	-0.0259454070818405	1.34370575489906	0.200036792269014	91.1557809934925	1	NA	TRUE
"6227"	"RPS21"	0.858512021526757	0.0115802536922153	0.879011360326408	0.598378241921542	1.15964447873127	0.124353902828273	2.23765838339389	1	NA	TRUE
"6296"	"ACSM3"	-1.39935184662258	0.0289092504517092	-1.32314200233708	-2.12896637557376	-0.517317629100404	0.156569038428536	73.9587534953765	1	NA	TRUE
"6303"	"SAT1"	-0.589452475647762	0.0162013228557696	-0.564647587076357	-0.611228265341131	-0.518066908811583	0.111846669826944	0	1	NA	TRUE
"6309"	"SC5D"	-0.703332375281895	0.0371188005555073	-0.662735232364779	-1.27877983706886	-0.0466906276607009	0.187969811651379	76.0726774342396	1	NA	TRUE
"6347"	"CCL2"	-1.13490660492001	0.0335358574938648	-1.22418638983767	-2.13543166101536	-0.312941118659988	0.166999096655438	56.0134798112299	1	NA	TRUE
"6387"	"CXCL12"	-1.68873938762702	0.036600572588331	-1.87268134211363	-3.32054128526239	-0.424821398964872	0.169169708286081	89.9333939784677	1	NA	TRUE
"64151"	"NCAPG"	1.57330440894971	0.024804943569186	1.65935535233393	1.36241372335753	1.95629698131032	0.111846669826944	0	1	NA	TRUE
"6425"	"SFRP5"	-0.587605163798635	0.0488545063281813	-0.74504025438921	-1.24481770318394	-0.245262805594475	0.160956735700343	76.8982524388822	1	NA	TRUE
"642946"	"FLVCR1-DT"	0.753657650113627	0.02933888309067	0.706174632187694	0.134994402877709	1.27735486149768	0.173319331620605	79.3982248436018	1	NA	TRUE
"6447"	"SCG5"	-0.703696929747633	0.02933888309067	-0.651653462757245	-1.1049920364886	-0.198314889025889	0.163159621856473	37.1531729199445	1	NA	TRUE
"64651"	"CSRNP1"	-1.51764279278949	0.0250186030384493	-1.70877441626436	-2.25655059227854	-1.16099824025018	0.124353902828273	40.4361701753385	1	NA	TRUE
"646962"	"HRCT1"	0.762991524599011	0.0440444050785244	0.876666599532868	0.519790583510312	1.23354261555542	0.131117625571155	4.52847764227312	1	NA	TRUE
"64757"	"MTARC1"	-0.671208034205752	0.0484164484289692	-0.712077509153458	-1.08932948538728	-0.334825532919636	0.148465079838846	0.00553348327943871	1	NA	TRUE
"64785"	"GINS3"	0.608118450406104	0.0229797701361633	0.662774623147896	0.395434298739823	0.93011494755597	0.130994316341349	31.1216870869432	1	NA	TRUE
"64838"	"FNDC4"	-0.730863721103537	0.0381222320264405	-0.816870068300277	-1.46319651786164	-0.170543618738912	0.170962213001225	73.0290317408952	1	NA	TRUE
"6491"	"STIL"	0.769678739400276	0.0361584317261305	0.889615506818015	0.258374581118817	1.52085643251721	0.164267616743451	86.6190458469474	1	NA	TRUE
"65062"	"TMEM237"	0.748977946075405	0.0235541760066957	0.832048942995695	0.567773151299383	1.09632473469201	0.124353902828273	6.43139324157484	1	NA	TRUE
"65265"	"C8orf33"	0.910760759971173	0.0167986338784165	0.953802389507697	0.624492317854271	1.28311246116112	0.127063905497536	29.727097247876	1	NA	TRUE
"6631"	"SNRPC"	0.598008536718803	0.0204871019546206	0.655395351623059	0.390768362063725	0.920022341182393	0.130994316341349	50.8837701617997	1	NA	TRUE
"6694"	"SPP2"	-1.71692805258778	0.0463054557231985	-1.81773158513303	-2.07898256332366	-1.55648060694239	0.111846669826944	0	1	NA	TRUE
"6716"	"SRD5A2"	-1.66295981527771	0.0386345738477152	-1.73338983115563	-2.31516373678755	-1.15161592552371	0.125833237644081	41.0495294491024	1	NA	TRUE
"6781"	"STC1"	0.590796914280522	0.0428873301537611	0.744589545060926	0.331274883745051	1.1579042063768	0.150137142654372	29.0864039524917	1	NA	TRUE
"6790"	"AURKA"	1.25889195207095	0.0331473260826734	1.34394298589237	0.374850262077945	2.31303570970679	0.164877637345178	88.4246542492748	1	NA	TRUE
"6799"	"SULT1A2"	-0.817484540689917	0.0285465565587813	-0.708538774071341	-1.05676961857321	-0.360307929569474	0.144605752576314	13.423693856077	1	NA	TRUE
"6894"	"TARBP1"	0.724594009570682	0.0349840707460782	0.854670098516172	0.55747544443306	1.15186475259928	0.127564648430163	39.8653586398199	1	NA	TRUE
"6898"	"TAT"	-1.66731446442575	0.0415815036139529	-1.79788112134532	-3.34441968228449	-0.251342560406158	0.179372646697483	75.7064182056903	1	NA	TRUE
"6905"	"TBCE"	0.850644513700247	0.0366921601815725	0.951234811658491	0.506132287086843	1.39633733623014	0.140576313627469	68.9495396632476	1	NA	TRUE
"6913"	"TBX15"	-1.02648636651222	0.0329584701409357	-1.14128440834054	-2.06122746598595	-0.221341350695129	0.172903392082232	70.8542408885322	1	NA	TRUE
"6921"	"ELOC"	0.784950688503773	0.0110207519530077	0.798529480724054	0.665025282777555	0.932033678670552	0.111846669826944	0	1	NA	TRUE
"6944"	"VPS72"	0.826854428790854	0.0265892017403729	0.719103357643354	0.377565370419726	1.06064134486698	0.141698326711453	66.41118439035	1	NA	TRUE
"7010"	"TEK"	-0.587537377739463	0.044910438205593	-0.601343224314196	-0.852785676834745	-0.349900771793648	0.133132654849624	0.00884011186638852	1	NA	TRUE
"7057"	"THBS1"	-0.791375180107484	0.0407522433763736	-1.09562511789325	-1.37304133267512	-0.818208903111373	0.116838645628591	0	1	NA	TRUE
"714"	"C1QC"	-0.702156886487835	0.0386690957685092	-0.676266162303568	-1.33017231645588	-0.0223600081512522	0.192297836010935	53.8724020223528	1	NA	TRUE
"730"	"C7"	-2.18664894795179	0.0363612455553973	-2.25995463061402	-3.29736685889459	-1.22254240233344	0.140292266275904	56.7448266510111	1	NA	TRUE
"7429"	"VIL1"	0.613510247032336	0.0197605699195567	0.657111365278517	0.375098543234944	0.93912418732209	0.135395901500548	0	1	NA	TRUE
"7443"	"VRK1"	0.617139939681817	0.0336603279292309	0.59230234717517	0.456290143207416	0.728314551142924	0.112515986103433	0	1	NA	TRUE
"7538"	"ZFP36"	-0.926962470197331	0.037725974171769	-1.1394613691126	-1.35625926496114	-0.922663473264068	0.111846669826944	0	1	NA	TRUE
"7764"	"ZNF217"	0.603953013036935	0.0342233295263454	0.72202906920614	0.597275594019318	0.846782544392961	0.111846669826944	0	1	NA	TRUE
"7802"	"DNALI1"	-0.625590517028958	0.0468145672485796	-0.788255021043988	-0.998988354942543	-0.577521687145433	0.118468139512564	0	1	NA	TRUE
"7873"	"MANF"	0.752447696264514	0.0266651810017218	0.789233589684248	0.155422089608909	1.42304508975959	0.172314371587914	75.3196382868156	1	NA	TRUE
"78989"	"COLEC11"	-1.10998028202925	0.0304834200669758	-1.01899771789248	-1.66195052415314	-0.376044911631812	0.157550853175838	46.5059651084129	1	NA	TRUE
"79019"	"CENPM"	0.755749297614981	0.0127759792996141	0.724610498164276	0.633613239547334	0.815607756781219	0.111846669826944	0	1	NA	TRUE
"79022"	"TMEM106C"	0.797697668548606	0.0166669859421557	0.850098116530882	0.573763760031576	1.12643247303019	0.1243964324572	1.23311926068646	1	NA	TRUE
"79023"	"NUP37"	0.646616037452751	0.0416629427462599	0.730560456507388	0.21482884056029	1.24629207245449	0.16397107977721	87.0718949558188	1	NA	TRUE
"79035"	"NABP2"	0.615502845108216	0.0192060376209246	0.659581708537828	0.363579554802307	0.955583862273349	0.138716963295579	49.7745726424042	1	NA	TRUE
"79080"	"CCDC86"	0.604123894517019	0.0305563824122931	0.519407049435507	0.202629796647651	0.836184302223364	0.156569038428536	49.9785915416016	1	NA	TRUE
"79183"	"TTPAL"	-0.748533909451777	0.0204871019546206	-0.688689449140417	-1.10176037315713	-0.275618525123702	0.155541327273131	41.9538976328716	1	NA	TRUE
"79573"	"TTC13"	0.595579429496864	0.0385018662795669	0.61423307472902	-0.0439378452065388	1.27240399466458	0.203416593126931	94.1555946682733	1	NA	TRUE
"79658"	"ARHGAP10"	-0.988179285806172	0.0359820083347659	-1.14254021602365	-1.7764520968538	-0.508628335193495	0.150137142654372	79.700182448997	1	NA	TRUE
"79696"	"ZC2HC1C"	-0.616737899258808	0.0409158146004522	-0.653646921175336	-1.21721164247147	-0.0900821998792006	0.179463664256631	88.2850858454289	1	NA	TRUE
"79720"	"VPS37B"	-0.621133147275241	0.0192060376209246	-0.63639780624937	-0.855295503193667	-0.417500109305073	0.126812997949101	0	1	NA	TRUE
"79974"	"CPED1"	-1.16858537980743	0.0427180675803318	-0.952159882448243	-1.63390402671014	-0.270415738186342	0.164507922407759	84.7668353263507	1	NA	TRUE
"80303"	"EFHD1"	-0.761076781628179	0.0365893453404837	-0.712473532634389	-1.52790354963286	0.102956484364083	0.213381157752233	61.8915039558834	1	NA	TRUE
"80345"	"ZSCAN16"	0.614104282360982	0.0211977861384155	0.610882680785545	0.162571228330582	1.05919413324051	0.165504464294717	80.4340555686789	1	NA	TRUE
"80765"	"STARD5"	-0.918527281342802	0.0348493189287085	-0.724020140592511	-0.907058047777977	-0.540982233407045	0.116838645628591	0.0146032568548453	1	NA	TRUE
"81609"	"SNX27"	0.638703682656331	0.0346319832157106	0.745980482678709	0.298005430317403	1.19395553504002	0.155541327273131	82.7393971390282	1	NA	TRUE
"81610"	"FAM83D"	1.58892448083366	0.0239924629733819	1.54340807247414	0.708471242632601	2.37834490231568	0.149372436617942	75.424613331828	1	NA	TRUE
"81691"	"REXO5"	0.612057028194709	0.0201881519180196	0.666350846281727	0.417373434457505	0.915328258105949	0.128973648332839	15.7290926734617	1	NA	TRUE
"8317"	"CDC7"	0.731432334192959	0.0468120451304627	0.787956613073008	-0.134748573057442	1.71066179920346	0.216776771114491	91.4457342020644	1	NA	TRUE
"8318"	"CDC45"	1.01356862122313	0.03284577080165	1.08083825799001	0.132766603432925	2.0289099125471	0.181422948167552	89.7411246234877	1	NA	TRUE
"8334"	"H2AC6"	0.787431335269511	0.0319850876572599	0.73395476326601	0.531961821944565	0.935947704587456	0.120701994445126	0	1	NA	TRUE
"83643"	"CCDC3"	-0.731106855078824	0.0480643462758048	-0.744976405110187	-1.26150169864361	-0.228451111576764	0.163159621856473	60.9575254676783	1	NA	TRUE
"8365"	"H4C8"	0.755961352822337	0.032724962635739	0.800350609153843	0.590159494793952	1.01054172351373	0.117694141915466	0	1	NA	TRUE
"84134"	"TOMM40L"	0.796195470895499	0.0438971099026453	0.735993724281695	-0.0707528872347656	1.54274033579816	0.207467769529257	95.2687862141817	1	NA	TRUE
"84141"	"EVA1A"	-0.778838715146136	0.0158964558365635	-0.766439830599966	-1.06992848891632	-0.462951172283614	0.130242240764308	0	1	NA	TRUE
"84306"	"PDCD2L"	0.84453368300318	0.0219971291252141	0.755827148510172	0.510062143381078	1.00159215363927	0.1243964324572	25.9475880013816	1	NA	TRUE
"8443"	"GNPAT"	0.729416115953798	0.0192060376209246	0.788198776717749	0.658800133824711	0.917597419610788	0.111846669826944	0	1	NA	TRUE
"84450"	"ZNF512"	0.611850159972573	0.0226740972051733	0.627532661756877	0.267684981574786	0.987380341938968	0.152432555252687	72.5117656441271	1	NA	TRUE
"84457"	"PHYHIPL"	0.748385886602203	0.0297111503173376	0.704531565552667	0.374577050547671	1.03448608055766	0.140576313627469	21.8485425693087	1	NA	TRUE
"84619"	"ZGPAT"	-1.62605520107251	0.0287588565772375	-1.54243480313416	-2.96793434581052	-0.116935260457798	0.187068953857814	94.9463224904354	1	NA	TRUE
"84706"	"GPT2"	-1.38050050477162	0.0202537951366368	-1.35602728814791	-2.25151887594775	-0.460535700348067	0.160112486212733	72.3185889946033	1	NA	TRUE
"84790"	"TUBA1C"	0.950372288827705	0.0262373322192413	0.977618416035596	0.206630070472848	1.74860676159834	0.170681699376177	87.3970330906929	1	NA	TRUE
"84803"	"GPAT3"	-0.965323562307891	0.011581481292176	-0.950317173992509	-1.34571211736484	-0.554922230620182	0.133031468380212	0	1	NA	TRUE
"84836"	"ABHD14B"	-0.736171904354579	0.0162366345970167	-0.741759673037003	-1.06462745174515	-0.418891894328857	0.136499349427695	51.2166594727323	1	NA	TRUE
"84869"	"CBR4"	-0.918447706021503	0.0284303245428039	-0.88888506419164	-1.7326087249718	-0.045161403411475	0.19026608304261	89.0667516470843	1	NA	TRUE
"84870"	"RSPO3"	-1.3664615286645	0.0285543725463636	-1.36015098999488	-2.72099721402884	0.00069523403907068	0.195941125586963	96.0249603431872	1	NA	TRUE
"84873"	"ADGRG7"	-1.58894256485326	0.0245956291512756	-1.63179702599154	-2.97943645867729	-0.284157593305788	0.174915619541726	92.9925888144211	1	NA	TRUE
"84879"	"MFSD2A"	-1.29574681698132	0.0186947600647271	-1.2594538074184	-1.70923436565911	-0.809673249177694	0.128328098830021	11.0147605161496	1	NA	TRUE
"84886"	"C1orf198"	0.591456392269675	0.0158964558365635	0.59837765968328	0.368235432757171	0.828519886609389	0.129839122454642	0	1	NA	TRUE
"84928"	"TMEM209"	0.615073615373159	0.0290835767218815	0.677446548629077	0.253528171752243	1.10136492550591	0.15750721160626	77.8216365490057	1	NA	TRUE
"84933"	"C8orf76"	0.682594614483162	0.0202537951366368	0.63695233416531	0.271771221700176	1.00213344663044	0.152432555252687	34.774834320117	1	NA	TRUE
"84988"	"PPP1R16A"	0.64241938081857	0.0319850876572599	0.766545062035319	0.217500481506936	1.3155896425637	0.164557319617234	64.9878375834123	1	NA	TRUE
"85236"	"H2BC12"	0.758908880639068	0.0250871842165154	0.740887149825605	0.471460124854445	1.01031417479677	0.128460921086354	0	1	NA	TRUE
"8547"	"FCN3"	-2.82957207949223	0.0387552161541325	-3.51684582208345	-3.87648956677399	-3.1572020773929	0.111846669826944	0	1	NA	TRUE
"86"	"ACTL6A"	0.649919234729524	0.03284577080165	0.69069889848007	0.326189213896197	1.05520858306394	0.148465079838846	69.8038255699738	1	NA	TRUE
"8608"	"RDH16"	-2.07466162682918	0.0160917557752165	-1.96057565511493	-2.7636952554216	-1.15745605480825	0.131496216776758	40.9177712716721	1	NA	TRUE
"8631"	"SKAP1"	-0.950647591317242	0.0189508407128152	-0.863946255233387	-1.2813997565948	-0.446492753871975	0.143246125535931	36.3412938798852	1	NA	TRUE
"8644"	"AKR1C3"	1.40401742418004	0.0115802536922153	1.39121217952919	0.906016575950705	1.87640778310767	0.127830199816762	45.7859427554023	1	NA	TRUE
"8655"	"DYNLL1"	0.771267794443017	0.0294523728326812	0.764955764754274	0.333685656375971	1.19622587313258	0.151232821833751	71.4534376513901	1	NA	TRUE
"8667"	"EIF3H"	0.656294807835636	0.0243463972657534	0.582244094458952	0.447056182001596	0.717432006916307	0.112515986103433	0	1	NA	TRUE
"8682"	"PEA15"	0.848203964055517	0.0417163733974418	0.968570927265603	0.667491639441255	1.26965021508995	0.123553380360168	8.07776706857506	1	NA	TRUE
"8685"	"MARCO"	-1.9149730548817	0.0365036634489246	-1.73126748644484	-2.09671402372183	-1.36582094916785	0.111846669826944	19.0917018859199	1	NA	TRUE
"875"	"CBS"	-0.845553526480472	0.0447030833663977	-0.930980018025322	-1.62848435459506	-0.233475681455589	0.166999096655438	57.3237774479225	1	NA	TRUE
"8809"	"IL18R1"	-0.613150884253098	0.0417160698376938	-0.637618444434919	-1.10303010471622	-0.17220678415362	0.165215567520833	78.3055753545573	1	NA	TRUE
"8835"	"SOCS2"	-1.26343006687318	0.0487073581170946	-1.57269305259215	-1.94856667077832	-1.19681943440598	0.113911639781842	0	1	NA	TRUE
"8872"	"CDC123"	0.721285736831537	0.0115802536922153	0.723701508154781	0.504721296302838	0.942681720006724	0.123553380360168	5.19894854270313	1	NA	TRUE
"8910"	"SGCE"	0.822414031821415	0.0232306369190073	0.837828139136747	0.797162792879666	0.878493485393827	0.102972420439312	0	1	NA	TRUE
"9055"	"PRC1"	1.71855036072393	0.0417163733974418	1.94022554326655	1.46339605852145	2.41705502801165	0.115201303418135	20.7262363798997	1	NA	TRUE
"90634"	"N4BP2L1"	-0.640803631975571	0.0287627514851275	-0.665924761523619	-0.999872043584016	-0.331977479463221	0.145474521499361	60.598867141611	1	NA	TRUE
"90864"	"SPSB3"	-0.666512140640604	0.0230194341631006	-0.704309049339271	-1.21131179569311	-0.19730630298543	0.164877637345178	79.7176991535802	1	NA	TRUE
"91057"	"CCDC34"	0.673769729142434	0.0115802536922153	0.684373924547154	0.499637272891542	0.869110576202767	0.119661480953788	10.1539522654411	1	NA	TRUE
"91404"	"SESTD1"	0.749697053968083	0.0209406253762991	0.743891841179883	0.190431629080654	1.29735205327911	0.166999096655438	80.5169990489467	1	NA	TRUE
"9232"	"PTTG1"	1.620115360275	0.0162366345970167	1.49419035333947	1.08491876258834	1.9034619440906	0.120701994445126	40.5016124746352	1	NA	TRUE
"92840"	"REEP6"	-0.938662779586642	0.0205180395093244	-0.880696128590077	-1.16593507152825	-0.595457185651903	0.1243964324572	0	1	NA	TRUE
"929"	"CD14"	-1.15236810445799	0.0307657778240864	-1.20977650989983	-1.58447586457882	-0.835077155220843	0.123553380360168	0	1	NA	TRUE
"92912"	"UBE2Q2"	0.677866563077852	0.0361588269628663	0.649762766112353	-0.0332174528552244	1.33274298507993	0.200941652401246	70.6126863590962	1	NA	TRUE
"93594"	"TBC1D31"	0.643666831251403	0.0443988379115687	0.7901934912464	0.496799660373987	1.08358732211881	0.128460921086354	36.9392556906565	1	NA	TRUE
"9506"	"PAGE4"	1.067609529849	0.048970878426227	1.23335503139205	0.308490093911056	2.15821996887305	0.166999096655438	29.5977693019821	1	NA	TRUE
"9510"	"ADAMTS1"	-0.64355756699782	0.019337320127881	-0.681037034684344	-1.00125376726726	-0.360820302101427	0.140962740190856	0.00439618493991872	1	NA	TRUE
"9719"	"ADAMTSL2"	-1.37032210959132	0.0270694017806083	-1.41259635183338	-2.11068565280718	-0.714507050859576	0.144743812572931	51.7694757648319	1	NA	TRUE
"9761"	"MLEC"	0.588682210733195	0.0240086055561741	0.620693739082562	0.21299569497379	1.02839178319133	0.160112486212733	63.9052799903495	1	NA	TRUE
"9775"	"EIF4A3"	0.597178837759451	0.0164663033173916	0.599755261730837	0.300808934622152	0.898701588839522	0.145030823393187	56.3910346120778	1	NA	TRUE
"9787"	"DLGAP5"	1.26500438505643	0.0365211576818992	1.10447608973973	0.288547047748434	1.92040513173103	0.166166435391249	83.5951381869952	1	NA	TRUE
"9793"	"CKAP5"	0.708877065008255	0.0115802536922153	0.683444922984426	0.658736075755462	0.70815377021339	0.102972420439312	0	1	NA	TRUE
"9804"	"TOMM20"	0.6091920162121	0.0474343362810507	0.712937108119305	0.214213163658364	1.21166105258025	0.163500848606011	79.5867781306646	1	NA	TRUE
"983"	"CDK1"	1.13088897007916	0.0450812447705729	0.933634736978139	-0.128123811937203	1.99539328589348	0.212284477994516	93.7851387145073	1	NA	TRUE
"9833"	"MELK"	1.11319743215957	0.0438971099026453	1.21563274592069	0.595565483714306	1.83570000812708	0.146249334701926	75.2548989481979	1	NA	TRUE
"9881"	"TRANK1"	-0.589169053791105	0.0484184122312727	-0.456345250628005	-0.849896765369589	-0.0627937358864201	0.179463664256631	74.3059719079073	1	NA	TRUE
"9897"	"WASHC5"	0.979393177553494	0.0173036601171592	0.981705045803573	0.478967176849185	1.48444291475796	0.146437427524705	65.9100496115343	1	NA	TRUE
"9918"	"NCAPD2"	0.820621369357762	0.0127759792996141	0.837609251986901	0.617156572642954	1.05806193133085	0.117761137893821	0	1	NA	TRUE
"9920"	"KBTBD11"	-1.94440749823926	0.0245956291512756	-2.16844352590739	-2.88708122577396	-1.44980582604082	0.125721413083177	57.2379835176802	1	NA	TRUE
"9928"	"KIF14"	0.839800020287221	0.0374556981731515	0.778198013030191	-0.142820160426803	1.69921618648719	0.21835491004953	94.5662153293402	1	NA	TRUE
"994"	"CDC25B"	0.605471944570272	0.0375669709214474	0.764846800445613	0.299262817430538	1.23043078346069	0.156569038428536	63.1344781364187	1	NA	TRUE
"9970"	"NR1I3"	-0.791795241828076	0.0296054625183219	-0.791910192432469	-1.1767112893339	-0.407109095531035	0.143629685843858	0	1	NA	TRUE
