gene_id	gene_symbol	k	total_pairs	optimizer_used	pooled_log2FC	SE	CI_low	CI_high	prediction_low	prediction_high	p_value	tau2	I2	Q	Q_p_value	positive_fraction	negative_fraction	direction_consistency	majority_direction	FDR	passes_primary_rule
"51266"	"CLEC1B"	5	144	"default"	-3.09195834918372	0.0640548770210228	-3.26980319895278	-2.91411349941465	-3.26980319895278	-2.91411349941465	1.10200595527691e-06	0	0	1.49499683509061	0.827527344161154	0	1	1	"down"	0.0107256483335024	TRUE
"56892"	"TCIM"	5	144	"default"	-1.9050010725229	0.0703507750826672	-2.10032613764805	-1.70967600739776	-2.10032613764805	-1.70967600739776	1.10587899309217e-05	0	0	1.77198875493985	0.777602994838672	0	1	1	"down"	0.0107256483335024	TRUE
"390"	"RND3"	5	144	"default"	-1.84002679379805	0.044125751060168	-1.96253951934223	-1.71751406825387	-1.96253951934223	-1.71751406825387	1.97678701770551e-06	0	0	0.822185126580791	0.935449336464352	0	1	1	"down"	0.0107256483335024	TRUE
"10643"	"IGF2BP3"	5	144	"default"	1.21678999697816	0.048885313889258	1.08106260651428	1.35251738744205	1.08106260651428	1.35251738744205	1.54647716135149e-05	0	0	1.0970144056762	0.894745614314861	1	0	1	"up"	0.0107256483335024	TRUE
"3326"	"HSP90AB1"	5	144	"default"	1.02034167355242	0.0416541099716399	0.904691323810292	1.13599202329455	0.892908619444574	1.14777472766027	1.64812561825095e-05	0.000371554142629075	2.7456603753378	2.90337049205777	0.574124158288439	1	0	1	"up"	0.0107256483335024	TRUE
"51660"	"MPC1"	5	144	"default"	-0.930131739390454	0.0393222516460851	-1.03930781249858	-0.820955666282325	-1.03930781249858	-0.820955666282325	1.89395606747923e-05	0	0	1.95930592890766	0.743243616637434	0	1	1	"down"	0.0107256483335024	TRUE
"112770"	"GLMP"	5	144	"default"	0.865261310003239	0.0347214152363653	0.768859206624692	0.961663413381785	0.768859206624692	0.961663413381785	1.53923130955065e-05	0	0	1.29158015047105	0.86280245643317	1	0	1	"up"	0.0107256483335024	TRUE
"23240"	"TMEM131L"	5	144	"default"	-0.797294105975216	0.0271334771954999	-0.872628715921658	-0.721959496028774	-0.872628715921658	-0.721959496028774	7.98643592124134e-06	0	0	1.25907456748197	0.868279871031423	0	1	1	"down"	0.0107256483335024	TRUE
"51155"	"JPT1"	5	144	"default"	0.790376954442073	0.0332180887403722	0.69814875455484	0.882605154329305	0.69804902641764	0.882704882466506	1.85018782945631e-05	2.38763531882974e-06	0.0233501008054106	2.54434560640488	0.636713017127705	1	0	1	"up"	0.0107256483335024	TRUE
"57211"	"ADGRG6"	5	144	"default"	-0.766968385447535	0.031680705757509	-0.854928125877182	-0.679008645017887	-0.854928125877182	-0.679008645017887	1.72701800292872e-05	0	0	0.941478781225183	0.918536047112002	0	1	1	"down"	0.0107256483335024	TRUE
"124936"	"CYB5D2"	5	144	"default"	-0.747029587128837	0.0240783655614709	-0.813881847333147	-0.680177326924528	-0.813881847333147	-0.680177326924528	6.43140813666599e-06	0	0	1.23204093616576	0.872795638011322	0	1	1	"down"	0.0107256483335024	TRUE
"51629"	"SLC25A39"	5	144	"default"	0.687888339264492	0.0281492267395979	0.609733556468233	0.766043122060752	0.609733556468233	0.766043122060752	1.66384368747038e-05	0	0	1.78613116146343	0.775018743085381	1	0	1	"up"	0.0107256483335024	TRUE
"252839"	"TMEM9"	5	144	"default"	0.628784984796789	0.0215285699801002	0.569012092053632	0.688557877539947	0.569012092053632	0.688557877539947	8.18119754368291e-06	0	0	0.822336934490374	0.935428649707858	1	0	1	"up"	0.0107256483335024	TRUE
"128061"	"C1orf131"	5	144	"default"	0.618204699939207	0.0229810216836751	0.554399154773123	0.682010245105291	0.554399154773123	0.682010245105291	1.13529556872535e-05	0	0	1.13179891383259	0.889194693026692	1	0	1	"up"	0.0107256483335024	TRUE
"51520"	"LARS1"	5	144	"default"	0.612226053782501	0.0168004083069774	0.565580642373269	0.658871465191733	0.565580642373269	0.658871465191733	3.38537080019631e-06	0	0	0.829646428267559	0.934429937773876	1	0	1	"up"	0.0107256483335024	TRUE
"55299"	"BRIX1"	5	144	"default"	0.587729375364791	0.0208041994955677	0.529967657507763	0.645491093221818	0.529967657507763	0.645491093221818	9.34171486634758e-06	0	0	0.922762583659911	0.921272683667128	1	0	1	"up"	0.0107256483335024	TRUE
"6921"	"ELOC"	5	144	"default"	0.784950688503773	0.034387667407485	0.689475217651092	0.880426159356455	0.689475217651092	0.880426159356455	2.18200781210919e-05	0	0	1.51930973830651	0.823215573492279	1	0	1	"up"	0.0110207519530077	TRUE
"201254"	"CENPX"	5	144	"default"	0.585420339567463	0.0261004966776768	0.512953743323496	0.65788693581143	0.512953743323496	0.65788693581143	2.3396009732642e-05	0	0	0.593384455685831	0.963795979700126	1	0	1	"up"	0.0110207519530077	TRUE
"58528"	"RRAGD"	5	144	"default"	0.962006594554004	0.0449383128639629	0.837237835767007	1.086775353341	0.837237835767007	1.086775353341	2.81588240870251e-05	0	0	1.21055454736323	0.87635784216752	1	0	1	"up"	0.0115185784804488	TRUE
"4499"	"MT1M"	5	144	"default"	-3.45840215453283	0.183704700780075	-3.9684481718155	-2.94835613725017	-4.36569292425942	-2.55111138480624	4.68818730030124e-05	0.0730387018954052	33.8495656369347	5.26651362356388	0.261028058811136	0	1	1	"down"	0.0115802536922153	TRUE
