gene_id	k	initial_error	initial_warning	retry_error	retry_warning	retry_succeeded
"1634"	6	"Fisher scoring algorithm did not converge. See 'help(rma)' for possible remedies."	NA	NA	NA	TRUE
"24140"	6	NA	"Fisher scoring algorithm may have gotten stuck at a local maximum. Setting tau^2 = 0. Check the profile likelihood plot with profile()."	NA	"Fisher scoring algorithm may have gotten stuck at a local maximum. Setting tau^2 = 0. Check the profile likelihood plot with profile()."	TRUE
"2104"	6	NA	"Fisher scoring algorithm may have gotten stuck at a local maximum. Setting tau^2 = 0. Check the profile likelihood plot with profile()."	NA	"Fisher scoring algorithm may have gotten stuck at a local maximum. Setting tau^2 = 0. Check the profile likelihood plot with profile()."	TRUE
"9955"	6	NA	"Fisher scoring algorithm may have gotten stuck at a local maximum. Setting tau^2 = 0. Check the profile likelihood plot with profile()."	NA	"Fisher scoring algorithm may have gotten stuck at a local maximum. Setting tau^2 = 0. Check the profile likelihood plot with profile()."	TRUE
"5157"	6	NA	"Fisher scoring algorithm may have gotten stuck at a local maximum. Setting tau^2 = 0. Check the profile likelihood plot with profile()."	NA	"Fisher scoring algorithm may have gotten stuck at a local maximum. Setting tau^2 = 0. Check the profile likelihood plot with profile()."	TRUE
"11334"	6	NA	"Fisher scoring algorithm may have gotten stuck at a local maximum. Setting tau^2 = 0. Check the profile likelihood plot with profile()."	NA	"Fisher scoring algorithm may have gotten stuck at a local maximum. Setting tau^2 = 0. Check the profile likelihood plot with profile()."	TRUE
"255167"	5	NA	"Fisher scoring algorithm may have gotten stuck at a local maximum. Setting tau^2 = 0. Check the profile likelihood plot with profile()."	NA	"Fisher scoring algorithm may have gotten stuck at a local maximum. Setting tau^2 = 0. Check the profile likelihood plot with profile()."	TRUE
"2857"	6	NA	"Fisher scoring algorithm may have gotten stuck at a local maximum. Setting tau^2 = 0. Check the profile likelihood plot with profile()."	NA	"Fisher scoring algorithm may have gotten stuck at a local maximum. Setting tau^2 = 0. Check the profile likelihood plot with profile()."	TRUE
"257218"	5	NA	"Fisher scoring algorithm may have gotten stuck at a local maximum. Setting tau^2 = 0. Check the profile likelihood plot with profile()."	NA	"Fisher scoring algorithm may have gotten stuck at a local maximum. Setting tau^2 = 0. Check the profile likelihood plot with profile()."	TRUE
"23617"	5	NA	"Fisher scoring algorithm may have gotten stuck at a local maximum. Setting tau^2 = 0. Check the profile likelihood plot with profile()."	NA	"Fisher scoring algorithm may have gotten stuck at a local maximum. Setting tau^2 = 0. Check the profile likelihood plot with profile()."	TRUE
"387856"	5	NA	"Fisher scoring algorithm may have gotten stuck at a local maximum. Setting tau^2 = 0. Check the profile likelihood plot with profile()."	NA	"Fisher scoring algorithm may have gotten stuck at a local maximum. Setting tau^2 = 0. Check the profile likelihood plot with profile()."	TRUE
"79608"	5	NA	"Fisher scoring algorithm may have gotten stuck at a local maximum. Setting tau^2 = 0. Check the profile likelihood plot with profile()."	NA	"Fisher scoring algorithm may have gotten stuck at a local maximum. Setting tau^2 = 0. Check the profile likelihood plot with profile()."	TRUE
"11278"	6	"Fisher scoring algorithm did not converge. See 'help(rma)' for possible remedies."	NA	NA	NA	TRUE
"26149"	5	NA	"Fisher scoring algorithm may have gotten stuck at a local maximum. Setting tau^2 = 0. Check the profile likelihood plot with profile()."	NA	"Fisher scoring algorithm may have gotten stuck at a local maximum. Setting tau^2 = 0. Check the profile likelihood plot with profile()."	TRUE
"7110"	6	NA	"Fisher scoring algorithm may have gotten stuck at a local maximum. Setting tau^2 = 0. Check the profile likelihood plot with profile()."	NA	"Fisher scoring algorithm may have gotten stuck at a local maximum. Setting tau^2 = 0. Check the profile likelihood plot with profile()."	TRUE
"55663"	5	NA	"Fisher scoring algorithm may have gotten stuck at a local maximum. Setting tau^2 = 0. Check the profile likelihood plot with profile()."	NA	"Fisher scoring algorithm may have gotten stuck at a local maximum. Setting tau^2 = 0. Check the profile likelihood plot with profile()."	TRUE
"387914"	5	NA	"Fisher scoring algorithm may have gotten stuck at a local maximum. Setting tau^2 = 0. Check the profile likelihood plot with profile()."	NA	"Fisher scoring algorithm may have gotten stuck at a local maximum. Setting tau^2 = 0. Check the profile likelihood plot with profile()."	TRUE
"26223"	5	NA	"Fisher scoring algorithm may have gotten stuck at a local maximum. Setting tau^2 = 0. Check the profile likelihood plot with profile()."	NA	"Fisher scoring algorithm may have gotten stuck at a local maximum. Setting tau^2 = 0. Check the profile likelihood plot with profile()."	TRUE
"84924"	5	NA	"Fisher scoring algorithm may have gotten stuck at a local maximum. Setting tau^2 = 0. Check the profile likelihood plot with profile()."	NA	"Fisher scoring algorithm may have gotten stuck at a local maximum. Setting tau^2 = 0. Check the profile likelihood plot with profile()."	TRUE
"81606"	5	NA	"Fisher scoring algorithm may have gotten stuck at a local maximum. Setting tau^2 = 0. Check the profile likelihood plot with profile()."	NA	"Fisher scoring algorithm may have gotten stuck at a local maximum. Setting tau^2 = 0. Check the profile likelihood plot with profile()."	TRUE
"286042"	5	NA	"Fisher scoring algorithm may have gotten stuck at a local maximum. Setting tau^2 = 0. Check the profile likelihood plot with profile()."	NA	"Fisher scoring algorithm may have gotten stuck at a local maximum. Setting tau^2 = 0. Check the profile likelihood plot with profile()."	TRUE
"60495"	6	NA	"Fisher scoring algorithm may have gotten stuck at a local maximum. Setting tau^2 = 0. Check the profile likelihood plot with profile()."	NA	"Fisher scoring algorithm may have gotten stuck at a local maximum. Setting tau^2 = 0. Check the profile likelihood plot with profile()."	TRUE
"57205"	6	NA	"Fisher scoring algorithm may have gotten stuck at a local maximum. Setting tau^2 = 0. Check the profile likelihood plot with profile()."	NA	"Fisher scoring algorithm may have gotten stuck at a local maximum. Setting tau^2 = 0. Check the profile likelihood plot with profile()."	TRUE
"3626"	6	"Fisher scoring algorithm did not converge. See 'help(rma)' for possible remedies."	NA	NA	NA	TRUE
"79675"	5	NA	"Fisher scoring algorithm may have gotten stuck at a local maximum. Setting tau^2 = 0. Check the profile likelihood plot with profile()."	NA	"Fisher scoring algorithm may have gotten stuck at a local maximum. Setting tau^2 = 0. Check the profile likelihood plot with profile()."	TRUE
"8335"	5	NA	"Fisher scoring algorithm may have gotten stuck at a local maximum. Setting tau^2 = 0. Check the profile likelihood plot with profile()."	NA	"Fisher scoring algorithm may have gotten stuck at a local maximum. Setting tau^2 = 0. Check the profile likelihood plot with profile()."	TRUE
"22899"	6	NA	"Fisher scoring algorithm may have gotten stuck at a local maximum. Setting tau^2 = 0. Check the profile likelihood plot with profile()."	NA	"Fisher scoring algorithm may have gotten stuck at a local maximum. Setting tau^2 = 0. Check the profile likelihood plot with profile()."	TRUE
"26157"	5	NA	"Fisher scoring algorithm may have gotten stuck at a local maximum. Setting tau^2 = 0. Check the profile likelihood plot with profile()."	NA	"Fisher scoring algorithm may have gotten stuck at a local maximum. Setting tau^2 = 0. Check the profile likelihood plot with profile()."	TRUE
"128497"	5	NA	"Fisher scoring algorithm may have gotten stuck at a local maximum. Setting tau^2 = 0. Check the profile likelihood plot with profile()."	NA	"Fisher scoring algorithm may have gotten stuck at a local maximum. Setting tau^2 = 0. Check the profile likelihood plot with profile()."	TRUE
"1374"	6	NA	"Fisher scoring algorithm may have gotten stuck at a local maximum. Setting tau^2 = 0. Check the profile likelihood plot with profile()."	NA	"Fisher scoring algorithm may have gotten stuck at a local maximum. Setting tau^2 = 0. Check the profile likelihood plot with profile()."	TRUE
"3624"	6	NA	"Fisher scoring algorithm may have gotten stuck at a local maximum. Setting tau^2 = 0. Check the profile likelihood plot with profile()."	NA	"Fisher scoring algorithm may have gotten stuck at a local maximum. Setting tau^2 = 0. Check the profile likelihood plot with profile()."	TRUE
"23313"	6	NA	"Fisher scoring algorithm may have gotten stuck at a local maximum. Setting tau^2 = 0. Check the profile likelihood plot with profile()."	NA	"Fisher scoring algorithm may have gotten stuck at a local maximum. Setting tau^2 = 0. Check the profile likelihood plot with profile()."	TRUE
"4053"	6	"Fisher scoring algorithm did not converge. See 'help(rma)' for possible remedies."	NA	NA	NA	TRUE
"1475"	6	NA	"Fisher scoring algorithm may have gotten stuck at a local maximum. Setting tau^2 = 0. Check the profile likelihood plot with profile()."	NA	"Fisher scoring algorithm may have gotten stuck at a local maximum. Setting tau^2 = 0. Check the profile likelihood plot with profile()."	TRUE
"8342"	5	NA	"Fisher scoring algorithm may have gotten stuck at a local maximum. Setting tau^2 = 0. Check the profile likelihood plot with profile()."	NA	"Fisher scoring algorithm may have gotten stuck at a local maximum. Setting tau^2 = 0. Check the profile likelihood plot with profile()."	TRUE
"4868"	6	NA	"Fisher scoring algorithm may have gotten stuck at a local maximum. Setting tau^2 = 0. Check the profile likelihood plot with profile()."	NA	"Fisher scoring algorithm may have gotten stuck at a local maximum. Setting tau^2 = 0. Check the profile likelihood plot with profile()."	TRUE
"160492"	5	NA	"Fisher scoring algorithm may have gotten stuck at a local maximum. Setting tau^2 = 0. Check the profile likelihood plot with profile()."	NA	"Fisher scoring algorithm may have gotten stuck at a local maximum. Setting tau^2 = 0. Check the profile likelihood plot with profile()."	TRUE
"7552"	5	NA	"Fisher scoring algorithm may have gotten stuck at a local maximum. Setting tau^2 = 0. Check the profile likelihood plot with profile()."	NA	"Fisher scoring algorithm may have gotten stuck at a local maximum. Setting tau^2 = 0. Check the profile likelihood plot with profile()."	TRUE
"54103"	5	NA	"Fisher scoring algorithm may have gotten stuck at a local maximum. Setting tau^2 = 0. Check the profile likelihood plot with profile()."	NA	"Fisher scoring algorithm may have gotten stuck at a local maximum. Setting tau^2 = 0. Check the profile likelihood plot with profile()."	TRUE
"23143"	6	NA	"Fisher scoring algorithm may have gotten stuck at a local maximum. Setting tau^2 = 0. Check the profile likelihood plot with profile()."	NA	"Fisher scoring algorithm may have gotten stuck at a local maximum. Setting tau^2 = 0. Check the profile likelihood plot with profile()."	TRUE
"26821"	5	NA	"Fisher scoring algorithm may have gotten stuck at a local maximum. Setting tau^2 = 0. Check the profile likelihood plot with profile()."	NA	"Fisher scoring algorithm may have gotten stuck at a local maximum. Setting tau^2 = 0. Check the profile likelihood plot with profile()."	TRUE
"117144"	6	NA	"Fisher scoring algorithm may have gotten stuck at a local maximum. Setting tau^2 = 0. Check the profile likelihood plot with profile()."	NA	"Fisher scoring algorithm may have gotten stuck at a local maximum. Setting tau^2 = 0. Check the profile likelihood plot with profile()."	TRUE
"157310"	5	NA	"Fisher scoring algorithm may have gotten stuck at a local maximum. Setting tau^2 = 0. Check the profile likelihood plot with profile()."	NA	"Fisher scoring algorithm may have gotten stuck at a local maximum. Setting tau^2 = 0. Check the profile likelihood plot with profile()."	TRUE
"9252"	6	"Fisher scoring algorithm did not converge. See 'help(rma)' for possible remedies."	NA	NA	NA	TRUE
"1443"	4	NA	"Fisher scoring algorithm may have gotten stuck at a local maximum. Setting tau^2 = 0. Check the profile likelihood plot with profile()."	NA	"Fisher scoring algorithm may have gotten stuck at a local maximum. Setting tau^2 = 0. Check the profile likelihood plot with profile()."	TRUE
