gene_id	optimizer_used	warning
"24140"	"default"	"Fisher scoring algorithm may have gotten stuck at a local maximum. Setting tau^2 = 0. Check the profile likelihood plot with profile()."
"2104"	"default"	"Fisher scoring algorithm may have gotten stuck at a local maximum. Setting tau^2 = 0. Check the profile likelihood plot with profile()."
"9955"	"default"	"Fisher scoring algorithm may have gotten stuck at a local maximum. Setting tau^2 = 0. Check the profile likelihood plot with profile()."
"5157"	"default"	"Fisher scoring algorithm may have gotten stuck at a local maximum. Setting tau^2 = 0. Check the profile likelihood plot with profile()."
"11334"	"default"	"Fisher scoring algorithm may have gotten stuck at a local maximum. Setting tau^2 = 0. Check the profile likelihood plot with profile()."
"255167"	"default"	"Fisher scoring algorithm may have gotten stuck at a local maximum. Setting tau^2 = 0. Check the profile likelihood plot with profile()."
"2857"	"default"	"Fisher scoring algorithm may have gotten stuck at a local maximum. Setting tau^2 = 0. Check the profile likelihood plot with profile()."
"257218"	"default"	"Fisher scoring algorithm may have gotten stuck at a local maximum. Setting tau^2 = 0. Check the profile likelihood plot with profile()."
"23617"	"default"	"Fisher scoring algorithm may have gotten stuck at a local maximum. Setting tau^2 = 0. Check the profile likelihood plot with profile()."
"387856"	"default"	"Fisher scoring algorithm may have gotten stuck at a local maximum. Setting tau^2 = 0. Check the profile likelihood plot with profile()."
"79608"	"default"	"Fisher scoring algorithm may have gotten stuck at a local maximum. Setting tau^2 = 0. Check the profile likelihood plot with profile()."
"26149"	"default"	"Fisher scoring algorithm may have gotten stuck at a local maximum. Setting tau^2 = 0. Check the profile likelihood plot with profile()."
"7110"	"default"	"Fisher scoring algorithm may have gotten stuck at a local maximum. Setting tau^2 = 0. Check the profile likelihood plot with profile()."
"55663"	"default"	"Fisher scoring algorithm may have gotten stuck at a local maximum. Setting tau^2 = 0. Check the profile likelihood plot with profile()."
"387914"	"default"	"Fisher scoring algorithm may have gotten stuck at a local maximum. Setting tau^2 = 0. Check the profile likelihood plot with profile()."
"26223"	"default"	"Fisher scoring algorithm may have gotten stuck at a local maximum. Setting tau^2 = 0. Check the profile likelihood plot with profile()."
"84924"	"default"	"Fisher scoring algorithm may have gotten stuck at a local maximum. Setting tau^2 = 0. Check the profile likelihood plot with profile()."
"81606"	"default"	"Fisher scoring algorithm may have gotten stuck at a local maximum. Setting tau^2 = 0. Check the profile likelihood plot with profile()."
"286042"	"default"	"Fisher scoring algorithm may have gotten stuck at a local maximum. Setting tau^2 = 0. Check the profile likelihood plot with profile()."
"60495"	"default"	"Fisher scoring algorithm may have gotten stuck at a local maximum. Setting tau^2 = 0. Check the profile likelihood plot with profile()."
"57205"	"default"	"Fisher scoring algorithm may have gotten stuck at a local maximum. Setting tau^2 = 0. Check the profile likelihood plot with profile()."
"79675"	"default"	"Fisher scoring algorithm may have gotten stuck at a local maximum. Setting tau^2 = 0. Check the profile likelihood plot with profile()."
"8335"	"default"	"Fisher scoring algorithm may have gotten stuck at a local maximum. Setting tau^2 = 0. Check the profile likelihood plot with profile()."
"22899"	"default"	"Fisher scoring algorithm may have gotten stuck at a local maximum. Setting tau^2 = 0. Check the profile likelihood plot with profile()."
"26157"	"default"	"Fisher scoring algorithm may have gotten stuck at a local maximum. Setting tau^2 = 0. Check the profile likelihood plot with profile()."
"128497"	"default"	"Fisher scoring algorithm may have gotten stuck at a local maximum. Setting tau^2 = 0. Check the profile likelihood plot with profile()."
"1374"	"default"	"Fisher scoring algorithm may have gotten stuck at a local maximum. Setting tau^2 = 0. Check the profile likelihood plot with profile()."
"3624"	"default"	"Fisher scoring algorithm may have gotten stuck at a local maximum. Setting tau^2 = 0. Check the profile likelihood plot with profile()."
"23313"	"default"	"Fisher scoring algorithm may have gotten stuck at a local maximum. Setting tau^2 = 0. Check the profile likelihood plot with profile()."
"1475"	"default"	"Fisher scoring algorithm may have gotten stuck at a local maximum. Setting tau^2 = 0. Check the profile likelihood plot with profile()."
"8342"	"default"	"Fisher scoring algorithm may have gotten stuck at a local maximum. Setting tau^2 = 0. Check the profile likelihood plot with profile()."
"4868"	"default"	"Fisher scoring algorithm may have gotten stuck at a local maximum. Setting tau^2 = 0. Check the profile likelihood plot with profile()."
"160492"	"default"	"Fisher scoring algorithm may have gotten stuck at a local maximum. Setting tau^2 = 0. Check the profile likelihood plot with profile()."
"7552"	"default"	"Fisher scoring algorithm may have gotten stuck at a local maximum. Setting tau^2 = 0. Check the profile likelihood plot with profile()."
"54103"	"default"	"Fisher scoring algorithm may have gotten stuck at a local maximum. Setting tau^2 = 0. Check the profile likelihood plot with profile()."
"23143"	"default"	"Fisher scoring algorithm may have gotten stuck at a local maximum. Setting tau^2 = 0. Check the profile likelihood plot with profile()."
"26821"	"default"	"Fisher scoring algorithm may have gotten stuck at a local maximum. Setting tau^2 = 0. Check the profile likelihood plot with profile()."
"117144"	"default"	"Fisher scoring algorithm may have gotten stuck at a local maximum. Setting tau^2 = 0. Check the profile likelihood plot with profile()."
"157310"	"default"	"Fisher scoring algorithm may have gotten stuck at a local maximum. Setting tau^2 = 0. Check the profile likelihood plot with profile()."
"1443"	"default"	"Fisher scoring algorithm may have gotten stuck at a local maximum. Setting tau^2 = 0. Check the profile likelihood plot with profile()."
