gene_id	current_symbol	icgc_matrix_symbol	mapping_basis
56892	TCIM	C8orf4	Entrez-linked historical alias in frozen matrix
51660	MPC1	BRP44L	Entrez-linked historical alias in frozen matrix
112770	GLMP	C1orf85	Entrez-linked historical alias in frozen matrix
23240	TMEM131L	KIAA0922	Entrez-linked historical alias in frozen matrix
51155	JPT1	HN1	Entrez-linked historical alias in frozen matrix
57211	ADGRG6	GPR126	Entrez-linked historical alias in frozen matrix
51520	LARS1	LARS	Entrez-linked historical alias in frozen matrix
6921	ELOC	TCEB1	Entrez-linked historical alias in frozen matrix
201254	CENPX	STRA13	Entrez-linked historical alias in frozen matrix
254863	TMEM256	C17orf61	Entrez-linked historical alias in frozen matrix
84803	GPAT3	AGPAT9	Entrez-linked historical alias in frozen matrix
2058	EPRS1	EPRS	Entrez-linked historical symbol selected over ambiguous QARS alias
3491	CCN1	CYR61	Entrez-linked historical alias in frozen matrix
401466	RBIS	C8orf59	Entrez-linked historical alias in frozen matrix
57648	NHSL3	KIAA1522	Entrez-linked historical alias in frozen matrix
84141	EVA1A	FAM176A	Entrez-linked historical alias in frozen matrix
51001	MTERF3	MTERFD1	Entrez-linked historical alias in frozen matrix
9897	WASHC5	KIAA0196	Entrez-linked historical alias in frozen matrix
3015	H2AZ1	H2AFZ	Entrez-linked historical alias in frozen matrix
282969	FUOM	C10orf125	Entrez-linked historical alias in frozen matrix
54463	RETREG1	FAM134B	Entrez-linked historical alias in frozen matrix
2617	GARS1	GARS	Entrez-linked historical symbol selected over ambiguous SMAD1 alias
10247	RIDA	HRSP12	Entrez-linked historical alias in frozen matrix
133686	NADK2	NADKD1	Entrez-linked historical alias in frozen matrix
144363	ETFRF1	LYRM5	Entrez-linked historical alias in frozen matrix
134548	SOWAHA	ANKRD43	Entrez-linked historical alias in frozen matrix
203111	ERICH5	C8orf47	Entrez-linked historical alias in frozen matrix
284422	SMIM24	C19orf77	Entrez-linked historical alias in frozen matrix
85236	H2BC12	HIST1H2BK	Entrez-linked historical alias in frozen matrix
123264	SLC51B	OSTBETA	Entrez-linked historical alias in frozen matrix
8334	H2AC6	HIST1H2AC	Entrez-linked historical alias in frozen matrix
140828	LINC00261	NCRNA00261	Entrez-linked historical alias in frozen matrix
54855	TENT5C	FAM46C	Entrez-linked historical alias in frozen matrix
64757	MTARC1	MOSC1	Entrez-linked historical alias in frozen matrix

