evidence_tier	scope	cohort	metric	success	total	proportion	clopper_pearson_95_low	clopper_pearson_95_high	exact_binom_p_two_sided	exact_binom_p_greater	null_probability	denominator_definition
discovery_robust	all_estimable	TCGA-LIHC	same_direction	167	168	0.994047619048	0.967283195937	0.999849310117	9.03394472011e-49	4.51697236006e-49	0.5	all discovery-robust genes estimable in TCGA
discovery_robust	all_estimable	ICGC-LIRI-JP	same_direction	137	137	1	0.973433148904	1	1.14794370197e-41	5.73971850987e-42	0.5	all discovery-robust genes estimable in ICGC
discovery_robust	joint_133	TCGA-LIHC	same_direction	132	133	0.992481203008	0.958820884974	0.999809658659	2.46119129703e-38	1.23059564852e-38	0.5	genes jointly estimable in both external cohorts
discovery_robust	joint_133	ICGC-LIRI-JP	same_direction	133	133	1	0.972645173716	1	1.83670992316e-40	9.1835496158e-41	0.5	genes jointly estimable in both external cohorts
discovery_robust	joint_133	TCGA-and-ICGC	dual_same_direction	132	133	0.992481203008	0.958820884974	0.999809658659	2.46119129703e-38	1.23059564852e-38	0.5	genes jointly estimable and same direction in both cohorts
discovery_robust	joint_133	TCGA-and-ICGC	dual_candidate_family_FDR_and_same_direction	127	133	0.954887218045	0.904395238574	0.983266926811	1.3207467847e-30	6.60373392349e-31	0.5	genes jointly estimable; candidate-family FDR<0.05 and direction in both cohorts
discovery_robust	joint_133	TCGA-and-ICGC	dual_genomewide_FDR_and_same_direction	125	133	0.93984962406	0.884919695588	0.973676371589	3.84029564251e-28	1.92014782126e-28	0.5	genes jointly estimable; genome-wide FDR<0.05 and direction in both cohorts
discovery_robust	identifier_harmonized_all_estimable	ICGC-LIRI-JP	same_direction	171	171	1	0.978658625433	1	6.68191177523e-52	3.34095588762e-52	0.5	all discovery-robust genes estimable after post hoc identifier harmonization
discovery_robust	identifier_harmonized_joint_167	TCGA-LIHC	same_direction	166	167	0.994011976048	0.967089962976	0.999848407851	1.79609788518e-48	8.98048942591e-49	0.5	genes jointly estimable after post hoc ICGC identifier harmonization
discovery_robust	identifier_harmonized_joint_167	ICGC-LIRI-JP	same_direction	167	167	1	0.978153079169	1	1.06910588404e-50	5.34552942018e-51	0.5	genes jointly estimable after post hoc ICGC identifier harmonization
discovery_robust	identifier_harmonized_joint_167	TCGA-and-ICGC	dual_same_direction	166	167	0.994011976048	0.967089962976	0.999848407851	1.79609788518e-48	8.98048942591e-49	0.5	genes jointly estimable and same direction in both cohorts after identifier harmonization
discovery_robust	identifier_harmonized_joint_167	TCGA-and-ICGC	dual_candidate_family_FDR_and_same_direction	161	167	0.964071856287	0.923442696498	0.986702874567	3.05368888381e-40	1.52684444191e-40	0.5	jointly estimable genes; candidate-family FDR<0.05 and direction in both cohorts after harmonization
discovery_robust	identifier_harmonized_joint_167	TCGA-and-ICGC	dual_genomewide_FDR_and_same_direction	159	167	0.952095808383	0.907793856474	0.979094389448	1.42371425096e-37	7.1185712548e-38	0.5	jointly estimable genes; genome-wide FDR<0.05 and direction in both cohorts after harmonization
