evidence_tier	scope	metric	numerator	denominator	proportion	denominator_definition
"discovery_robust"	"TCGA-LIHC"	"estimable"	168	173	0.971098265895954	"locked tier total"
"discovery_robust"	"TCGA-LIHC"	"same_direction"	167	168	0.994047619047619	"estimable in this cohort"
"discovery_robust"	"TCGA-LIHC"	"nominal_P_lt_0.05_and_same_direction"	163	168	0.970238095238095	"estimable in this cohort"
"discovery_robust"	"TCGA-LIHC"	"candidate_family_FDR_lt_0.05_and_same_direction"	163	168	0.970238095238095	"estimable in this cohort"
"discovery_robust"	"TCGA-LIHC"	"genomewide_FDR_lt_0.05_and_same_direction"	161	168	0.958333333333333	"estimable in this cohort"
"discovery_robust"	"ICGC-LIRI-JP"	"estimable"	137	173	0.791907514450867	"locked tier total"
"discovery_robust"	"ICGC-LIRI-JP"	"same_direction"	137	137	1	"estimable in this cohort"
"discovery_robust"	"ICGC-LIRI-JP"	"nominal_P_lt_0.05_and_same_direction"	136	137	0.992700729927007	"estimable in this cohort"
"discovery_robust"	"ICGC-LIRI-JP"	"candidate_family_FDR_lt_0.05_and_same_direction"	136	137	0.992700729927007	"estimable in this cohort"
"discovery_robust"	"ICGC-LIRI-JP"	"genomewide_FDR_lt_0.05_and_same_direction"	136	137	0.992700729927007	"estimable in this cohort"
"discovery_robust"	"TCGA-and-ICGC"	"jointly_estimable"	133	173	0.76878612716763	"locked tier total"
"discovery_robust"	"TCGA-and-ICGC"	"dual_same_direction"	132	133	0.992481203007519	"jointly estimable in both cohorts"
"discovery_robust"	"TCGA-and-ICGC"	"dual_nominal_P_lt_0.05_and_same_direction"	127	133	0.954887218045113	"jointly estimable in both cohorts"
"discovery_robust"	"TCGA-and-ICGC"	"dual_candidate_family_FDR_lt_0.05_and_same_direction"	127	133	0.954887218045113	"jointly estimable in both cohorts"
"discovery_robust"	"TCGA-and-ICGC"	"dual_genomewide_FDR_lt_0.05_and_same_direction"	125	133	0.93984962406015	"jointly estimable in both cohorts"
"intermediate"	"TCGA-LIHC"	"estimable"	112	119	0.941176470588235	"locked tier total"
"intermediate"	"TCGA-LIHC"	"same_direction"	112	112	1	"estimable in this cohort"
"intermediate"	"TCGA-LIHC"	"nominal_P_lt_0.05_and_same_direction"	110	112	0.982142857142857	"estimable in this cohort"
"intermediate"	"TCGA-LIHC"	"candidate_family_FDR_lt_0.05_and_same_direction"	110	112	0.982142857142857	"estimable in this cohort"
"intermediate"	"TCGA-LIHC"	"genomewide_FDR_lt_0.05_and_same_direction"	110	112	0.982142857142857	"estimable in this cohort"
"intermediate"	"ICGC-LIRI-JP"	"estimable"	104	119	0.873949579831933	"locked tier total"
"intermediate"	"ICGC-LIRI-JP"	"same_direction"	104	104	1	"estimable in this cohort"
"intermediate"	"ICGC-LIRI-JP"	"nominal_P_lt_0.05_and_same_direction"	104	104	1	"estimable in this cohort"
"intermediate"	"ICGC-LIRI-JP"	"candidate_family_FDR_lt_0.05_and_same_direction"	104	104	1	"estimable in this cohort"
"intermediate"	"ICGC-LIRI-JP"	"genomewide_FDR_lt_0.05_and_same_direction"	104	104	1	"estimable in this cohort"
"intermediate"	"TCGA-and-ICGC"	"jointly_estimable"	98	119	0.823529411764706	"locked tier total"
"intermediate"	"TCGA-and-ICGC"	"dual_same_direction"	98	98	1	"jointly estimable in both cohorts"
"intermediate"	"TCGA-and-ICGC"	"dual_nominal_P_lt_0.05_and_same_direction"	97	98	0.989795918367347	"jointly estimable in both cohorts"
"intermediate"	"TCGA-and-ICGC"	"dual_candidate_family_FDR_lt_0.05_and_same_direction"	97	98	0.989795918367347	"jointly estimable in both cohorts"
"intermediate"	"TCGA-and-ICGC"	"dual_genomewide_FDR_lt_0.05_and_same_direction"	97	98	0.989795918367347	"jointly estimable in both cohorts"
