cohort	role	url	local_path	size_bytes	sha256	accessed_utc
GSE121248	raw_archive	https://ftp.ncbi.nlm.nih.gov/geo/series/GSE121nnn/GSE121248/suppl/GSE121248_RAW.tar	data/downloads/GSE121248/GSE121248_RAW.tar	542443520	f8d18840fa2a8b1928bd1d016c64843789ab54f599df4be4731ca971955466e2	2026-09-16T05:02:36Z
GSE45114	raw_archive	https://ftp.ncbi.nlm.nih.gov/geo/series/GSE45nnn/GSE45114/suppl/GSE45114_RAW.tar	data/downloads/GSE45114/GSE45114_RAW.tar	97331200	2bdcb8e4252bfe79dc45e9b0aa2ddef80cf0dc5b3adbbc429a693afeb7b510a4	2026-09-16T05:02:36Z
GSE57555	raw_archive	https://ftp.ncbi.nlm.nih.gov/geo/series/GSE57nnn/GSE57555/suppl/GSE57555_RAW.tar	data/downloads/GSE57555/GSE57555_RAW.tar	720721920	931d6d464c23e44106b1a98696dbd5f18316c035fe203eb8db5a71cdcf9111a8	2026-09-16T05:02:36Z
GSE57957	raw_archive	https://ftp.ncbi.nlm.nih.gov/geo/series/GSE57nnn/GSE57957/suppl/GSE57957_RAW.tar	data/downloads/GSE57957/GSE57957_RAW.tar	27443200	19dbc61b4da9ac807799a96081f4eae405079dad108b82a9d2bdb74678cdb948	2026-09-16T05:02:36Z
GSE57957	non_normalized	https://ftp.ncbi.nlm.nih.gov/geo/series/GSE57nnn/GSE57957/suppl/GSE57957_non-normalized.txt.gz	data/downloads/GSE57957/GSE57957_non-normalized.txt.gz	20963117	ab1669b86d08b1f56fbe75bd2482edf591d3b932bc71ec4263dcfa181ece29ec	2026-09-16T05:02:36Z
GSE76427	raw_archive	https://ftp.ncbi.nlm.nih.gov/geo/series/GSE76nnn/GSE76427/suppl/GSE76427_RAW.tar	data/downloads/GSE76427/GSE76427_RAW.tar	27443200	19dbc61b4da9ac807799a96081f4eae405079dad108b82a9d2bdb74678cdb948	2026-09-16T05:02:36Z
GSE76427	non_normalized	https://ftp.ncbi.nlm.nih.gov/geo/series/GSE76nnn/GSE76427/suppl/GSE76427_non-normalized.txt.gz	data/downloads/GSE76427/GSE76427_non-normalized.txt.gz	49769931	327f1e016f9469120a3ff4403e96fa5f79afc733e1c371ef280eb6f08ae43720	2026-09-16T05:02:36Z
GSE84402	raw_archive	https://ftp.ncbi.nlm.nih.gov/geo/series/GSE84nnn/GSE84402/suppl/GSE84402_RAW.tar	data/downloads/GSE84402/GSE84402_RAW.tar	230277120	53e584d814b55d2964b6203b8464b88d15648cea79277bfea1b787f542716114	2026-09-16T05:02:36Z
GPL570	platform_annotation	https://ftp.ncbi.nlm.nih.gov/geo/platforms/GPLnnn/GPL570/annot/GPL570.annot.gz	data/downloads/GPL570/GPL570.annot.gz	8471521	d7cd44352127b1e34f3a720ebea86093ef255a38f1612a85a2962b71bde8f394	2026-09-16T05:02:36Z
GPL5918	platform_annotation	https://www.ncbi.nlm.nih.gov/geo/query/acc.cgi?acc=GPL5918&targ=self&form=text&view=full	data/downloads/GPL5918/GPL5918.txt	989911	dc6af795977380c67baeb61f4e22aad6bb94926855f5008762f9df3a83fb31cd	2026-09-16T05:02:36Z
GPL10558	platform_annotation	https://ftp.ncbi.nlm.nih.gov/geo/platforms/GPL10nnn/GPL10558/annot/GPL10558.annot.gz	data/downloads/GPL10558/GPL10558.annot.gz	7290886	c914fdbe1130906ce3b9c97f5a75280591c89c617c168fb687c641f683e76b45	2026-09-16T05:02:36Z
GPL16699	platform_annotation	https://www.ncbi.nlm.nih.gov/geo/query/acc.cgi?acc=GPL16699&targ=self&form=text&view=full	data/downloads/GPL16699/GPL16699.txt	37087032	3dbcca76243510dfeee00c9c4a37f6da768a61da85a0042c19da536ec49fc7ba	2026-09-16T05:02:36Z
