cohort	gsm	path	size_bytes	sha256	expected
GSE121248	GSM3428716	data/work/GSE121248/raw/GSM3428716_HCC_17T.CEL	13550772	48c8a9d38a83f66ad407fb6b86278b2bdaaddd437d6ba449ca54efcc1e2deff5	yes
GSE121248	GSM3428717	data/work/GSE121248/raw/GSM3428717_HCC_32T.CEL	13550669	56da3c95600e2f111093adfc96e4d13285ec2729f6973bf5687a446e49623c3d	yes
GSE121248	GSM3428718	data/work/GSE121248/raw/GSM3428718_HCC_37T.CEL	13550461	30fca3228c7239a12ee4831bcba817ee2ec0bd0dc7a3c05e5d81c6fcefe4847d	yes
GSE121248	GSM3428719	data/work/GSE121248/raw/GSM3428719_HCC_38T.CEL	13550521	e886b6d7a1329e29c38e3ded2b80124c93d6bdc6c0f4549ea212d37604cb5469	yes
GSE121248	GSM3428720	data/work/GSE121248/raw/GSM3428720_HCC_40T.CEL	13550517	be4503105237fd1c9f62bcf9ce1159c0b0a1df1677f7cd5fb271fae5ad30a55f	yes
GSE121248	GSM3428721	data/work/GSE121248/raw/GSM3428721_HCC_42T.CEL	13550709	181d4b0878c97de4e69bf37c6f41960753661bc084934adde5b9af379b3d4bf3	yes
GSE121248	GSM3428722	data/work/GSE121248/raw/GSM3428722_HCC_43T.CEL	13550609	7dafefbc0f0e1e70d9b5c3568bda3db9c384b00a92ac1f6fce7ce54fcde2925c	yes
GSE121248	GSM3428723	data/work/GSE121248/raw/GSM3428723_HCC_44T.CEL	13550416	9e1326876510894c400f9c6241bf484ba9e750054463348487eef249b5ee8d24	yes
GSE121248	GSM3428724	data/work/GSE121248/raw/GSM3428724_HCC_45T.CEL	13550693	288c3e655279da3ad4b1e53234503cdad861e772d45e9df4c28ecbc60d1caa51	yes
GSE121248	GSM3428725	data/work/GSE121248/raw/GSM3428725_HCC_53T.CEL	13550705	f0d61f9cb6591ae00b35ddcd5af063f001dd5c4fb6201b98e4d59fc25eb105f9	yes
GSE121248	GSM3428726	data/work/GSE121248/raw/GSM3428726_HCC_54T.CEL	13550773	9952eb393e0b24192f6b64563321de8224d3ebfb40b77a826c1445ed86cc3eed	yes
GSE121248	GSM3428727	data/work/GSE121248/raw/GSM3428727_HCC_55T.CEL	13550597	88f8c20561778f410f453480627f361b692dc36baaa95201b2ed5707b849cb80	yes
GSE121248	GSM3428728	data/work/GSE121248/raw/GSM3428728_HCC_56T.CEL	13550679	672fa3b2a77c77c2eaf2da8cb9837c9c2c2d656781d7718041c076c55a3027f7	yes
GSE121248	GSM3428729	data/work/GSE121248/raw/GSM3428729_HCC_60T.CEL	13550881	e5cf12941a2244760d3211cdccf5af9b13363381b94dfd32eefd61bcf6a545da	yes
GSE121248	GSM3428730	data/work/GSE121248/raw/GSM3428730_HCC_62T.CEL	13550809	9ab20030fd0724e3d56fec5fdc7b8b0557cf5e079f761425ad097786e6cf6f80	yes
GSE121248	GSM3428731	data/work/GSE121248/raw/GSM3428731_HCC_64T.CEL	13551133	13dfd1d3d808d8b8c826e517621306601708cd9f49b3093dce678cfd115a9ded	yes
GSE121248	GSM3428732	data/work/GSE121248/raw/GSM3428732_HCC_65T.CEL	13550561	17956eb83125726da6efd097578503cce205f04915516aba12b64848dea8eac6	yes
GSE121248	GSM3428733	data/work/GSE121248/raw/GSM3428733_HCC_66T.CEL	13550952	c3e479d33b40c86e757f3a2fa752dd1bf65054f665b183efb6a8b712089875bc	yes
GSE121248	GSM3428734	data/work/GSE121248/raw/GSM3428734_HCC_67T.CEL	13550725	64e16e79b5fce5bb48c9075ce1d993059f67b6420da18408d8a8428ae12ef960	yes
GSE121248	GSM3428735	data/work/GSE121248/raw/GSM3428735_HCC_68T.CEL	13550536	173fb1cc3e9819ad9619c71a64893ca3998705be420a5d82997145db9d54bbbe	yes
GSE121248	GSM3428736	data/work/GSE121248/raw/GSM3428736_HCC_71T.CEL	13550345	1ffbb943554baac6fb1f6691fce737c16e6bda3cd71ee15643fd615292dc891d	yes
GSE121248	GSM3428737	data/work/GSE121248/raw/GSM3428737_HCC_72T.CEL	13550357	12decbec621c627a8170ebe3d8c4361f5a0f32e64f13a6f2422718e2b187e913	yes
GSE121248	GSM3428738	data/work/GSE121248/raw/GSM3428738_HCC_73T.CEL	13550417	ae390d8c935e48fde6a5bed3e364b89979ee517588d414975a20ce0468e56e4e	yes
GSE121248	GSM3428739	data/work/GSE121248/raw/GSM3428739_HCC_75T.CEL	13550513	3e0ea3d2984a38627f09a7c7fd68ac8cc9f0b75d7c826109b240cfa0ea3cdcab	yes
GSE121248	GSM3428740	data/work/GSE121248/raw/GSM3428740_HCC_77T.CEL	13550317	a6ab99b1906e82f1d6932b8823f60191d98be0e387306969cf254c6ab956eb42	yes
GSE121248	GSM3428741	data/work/GSE121248/raw/GSM3428741_HCC_78T.CEL	13550357	e84349e6437999375310009d640894ce58c7031cd58ff6387c440e5b5fd505f1	yes
GSE121248	GSM3428742	data/work/GSE121248/raw/GSM3428742_HCC_79T.CEL	13550325	10713463ffa441182478857079f55b22b53bfb1b99e7db712aec9e07fcea59b8	yes
GSE121248	GSM3428743	data/work/GSE121248/raw/GSM3428743_HCC_80T.CEL	13550400	9ee60ec53bb5179f3fe55426d57bb4cd7d5b2425e9b2821bafa5441f7b6022f6	yes
GSE121248	GSM3428744	data/work/GSE121248/raw/GSM3428744_HCC_81T.CEL	13550677	09010a2b1560f3582cebca0c40eb7184747e2ead08034447f329c72567eb9e90	yes
GSE121248	GSM3428745	data/work/GSE121248/raw/GSM3428745_HCC_82T.CEL	13550373	7fe2e6695eff086888973946e24fbeea5214029ae3859f878e96787ec2419c05	yes
GSE121248	GSM3428746	data/work/GSE121248/raw/GSM3428746_HCC_83T.CEL	13550525	04d5d1355b1c160e055b15629678eafda5973b9abdff9912dc36b67ac5a23d4c	yes
GSE121248	GSM3428747	data/work/GSE121248/raw/GSM3428747_HCC_84T.CEL	13550613	5a9ac6018125c00e51c19a9e6789f6a6e884e11b13d2db18840c17bf17859027	yes
GSE121248	GSM3428748	data/work/GSE121248/raw/GSM3428748_HCC_85T.CEL	13550557	beb3f7a2ca5075b53efb552b9ce9281cdef6e37a64d809a3f4e76fd5af0b8860	yes
GSE121248	GSM3428749	data/work/GSE121248/raw/GSM3428749_HCC_87T.CEL	13550533	2ff4b1acc565a1e0476e8acfcf4d3486cac4c2e0d30f3cc302f6a84270c4085c	yes
GSE121248	GSM3428750	data/work/GSE121248/raw/GSM3428750_HCC_88T.CEL	13550429	54d77e9cd4b32f19e75a45d808c59972376636a998fe3c9187cda72317da71d1	yes
GSE121248	GSM3428751	data/work/GSE121248/raw/GSM3428751_HCC_89T.CEL	13550393	8aa65742827e3e7165144029dab2da99441eaab6b7e1d5cbe0fd7a9878567050	yes
GSE121248	GSM3428752	data/work/GSE121248/raw/GSM3428752_HCC_92T.CEL	13550401	475e6188ff5dab671a9dbeec2f577a0b15014d49983f0dfcb32118ea52062c1e	yes
GSE121248	GSM3428753	data/work/GSE121248/raw/GSM3428753_HCC_93T.CEL	13550368	0eb23871d5f2c2b4cd4f3f844b36889d21e3a2e86d424dca77f16fb24604e2cc	yes
GSE121248	GSM3428754	data/work/GSE121248/raw/GSM3428754_HCC_95T.CEL	13550605	85dfa090afb6b036a57140d02c953abd4fd7cf555b3c322525de0836216892f4	yes
GSE121248	GSM3428755	data/work/GSE121248/raw/GSM3428755_HCC_97T.CEL	13550761	3a9ce7390008fa5976aa4156d78164d5671fe693831df6758abda9912b856f76	yes
GSE121248	GSM3428756	data/work/GSE121248/raw/GSM3428756_HCC_101T.CEL	13550462	295cd36ca24132ae503a5755f4ebc6d1238b0bd056fd3d90739ee85f260a42f9	yes
GSE121248	GSM3428757	data/work/GSE121248/raw/GSM3428757_HCC_102T.CEL	13550542	f3ed877ccf4258562f43c268cfa3f87ce2bb4146803672ae402314036bd6a86d	yes
GSE121248	GSM3428758	data/work/GSE121248/raw/GSM3428758_HCC_104T.CEL	13550730	180a328ec33add2f40efcc0fb6bb79df4ad3a4aa156dae00906768131e230ed8	yes
GSE121248	GSM3428759	data/work/GSE121248/raw/GSM3428759_HCC_106T.CEL	13550882	a2a2b8857bc3fe756cb362a514a2d2612ada46c6e9679abdf355f3c7f1f9975a	yes
GSE121248	GSM3428760	data/work/GSE121248/raw/GSM3428760_HCC_107T.CEL	13550622	b3df1553ca0321ad427f6488cf2e9a7ec631d73e647025b4245a48e14c5a2e5f	yes
GSE121248	GSM3428761	data/work/GSE121248/raw/GSM3428761_HCC_108T.CEL	13550686	98cb4887f5057856247b8ec71f7d4749b729595cce9f4c68eaf654f4bce5a371	yes
GSE121248	GSM3428762	data/work/GSE121248/raw/GSM3428762_HCC_126T.CEL	13550902	a79e38b87170c4004bac4fba87fdcdd414a46619b861b2a93ce896707a9a4869	yes
GSE121248	GSM3428763	data/work/GSE121248/raw/GSM3428763_HCC_127T.CEL	13550690	2b90e2383a2686363b770e21a7c16adad1f071512312078f85f17aaf2978eb53	yes
GSE121248	GSM3428764	data/work/GSE121248/raw/GSM3428764_HCC_132T.CEL	13550534	3d03fadfe6b531527a7c025bd51acba94d37cb1d426da57789a4a437df6eeaf5	yes
GSE121248	GSM3428765	data/work/GSE121248/raw/GSM3428765_HCC_133T.CEL	13550466	48d285a8bfe420f022bed251d14e0f682c07cbc28e2e0a62aaceb8d7c59ab9d4	yes
GSE121248	GSM3428766	data/work/GSE121248/raw/GSM3428766_HCC_146T.CEL	13550465	48c6ae0ce5791de47a961df69943e14ce474e70dd379ebb03f7f9fa34f1e3b36	yes
GSE121248	GSM3428767	data/work/GSE121248/raw/GSM3428767_HCC_152T.CEL	13550586	197c0375a03e0eda0013813a8509ed96a2d14c388be8f3bfde0ae0c1086c7011	yes
GSE121248	GSM3428768	data/work/GSE121248/raw/GSM3428768_HCC_154T.CEL	13550665	955c9ea2532e304c70d69589f6fb8d132fcae730ad0ec8fc3bfaea1ef3956b33	yes
GSE121248	GSM3428769	data/work/GSE121248/raw/GSM3428769_HCC_157T.CEL	13550778	a84044494d8ac8ca5127ca1f216d6f8101dbee765a7abb178bdfb783a037d0a4	yes
GSE121248	GSM3428770	data/work/GSE121248/raw/GSM3428770_HCC_162T.CEL	13550867	55e73bd0b1d67019f9c39b27dee6938da5afde5ef6fb4f6475b7082f2fcc243f	yes
GSE121248	GSM3428771	data/work/GSE121248/raw/GSM3428771_HCC_165T.CEL	13551371	79135ba455c5b3a0a60ca428fc1dceb142b78d4763d9ad5b37478c5a12ce33f3	yes
GSE121248	GSM3428772	data/work/GSE121248/raw/GSM3428772_HCC_166T.CEL	13550779	9578f8c373b9fda97305cb105b5005380ad47b6e48e220218131cee794cbadcd	yes
GSE121248	GSM3428773	data/work/GSE121248/raw/GSM3428773_HCC_167T.CEL	13551075	00cae1641526cbb7d89d59e5d5e0ab3ded03dc0b1fd48ada708420674f42ea47	yes
GSE121248	GSM3428774	data/work/GSE121248/raw/GSM3428774_HCC_168T.CEL	13551484	46eb6e7e4ab8c753f2d4b8a598fe394d1602281ad6a3c501416d046d89f7a48c	yes
GSE121248	GSM3428775	data/work/GSE121248/raw/GSM3428775_HCC_169T.CEL	13550919	d9f90b3624ee87dbb5dfd52536f6df21ccbfe3930b6d1db14f22a4e298d46799	yes
GSE121248	GSM3428776	data/work/GSE121248/raw/GSM3428776_HCC_170T.CEL	13551211	7ce35f3c993946d23035a430b1956de79278e7474e5d0351d3563987e0f11b57	yes
GSE121248	GSM3428777	data/work/GSE121248/raw/GSM3428777_HCC_171T.CEL	13551459	4530c58a5fb9cdb6512bab07bb6526aeb356c6aee9c336d46a825bb43fe94f65	yes
GSE121248	GSM3428778	data/work/GSE121248/raw/GSM3428778_HCC_172T.CEL	13550780	2b3d0d9d533be4bd1086d212a58cbb05ef3b736e7ad39cb596c220972da2a295	yes
GSE121248	GSM3428779	data/work/GSE121248/raw/GSM3428779_HCC_173T.CEL	13552104	52afeaffafcc671fc5f110fc1fbe9da73a8c1af5ca989918e02e2efac1e3b692	yes
GSE121248	GSM3428780	data/work/GSE121248/raw/GSM3428780_HCC_174T.CEL	13553576	1df3a96e5e0b178188585a3dabfa460a69c43d5ce73c178cece36fd47aa8fb88	yes
GSE121248	GSM3428781	data/work/GSE121248/raw/GSM3428781_HCC_175T.CEL	13551447	acdbdd10f2d9ea49400a16f142fdc8ab902280b1b98d1ccea6e3885808f637f6	yes
GSE121248	GSM3428782	data/work/GSE121248/raw/GSM3428782_HCC_176T.CEL	13552035	bb395cfa3a68cdf0a1b1b7cc9dd4db4c57da99aa882ee031e8c95f602cdbd784	yes
GSE121248	GSM3428783	data/work/GSE121248/raw/GSM3428783_HCC_177T.CEL	13552169	cee9c343b6339a44c3dc884d42d9964daaa5181ad3da6c85ec0f91ae492076cc	yes
GSE121248	GSM3428784	data/work/GSE121248/raw/GSM3428784_HCC_178T.CEL	13551381	cdd8d0bf55ff7e4790b29bca5c9c8b097ad8be2ac8e9ea0a0e1b653e722c0d23	yes
GSE121248	GSM3428785	data/work/GSE121248/raw/GSM3428785_HCC_179T.CEL	13553485	a08d4ef6f3d0f152d963659e118c47b3a35182deb443a758242d25f052efe76f	yes
GSE121248	GSM3428786	data/work/GSE121248/raw/GSM3428786_HCC_53N.CEL	13551581	097cbe37361e22a31cebee42e339822b0809ca8313390ad2f48b92c8c52b536f	yes
GSE121248	GSM3428787	data/work/GSE121248/raw/GSM3428787_HCC_56N.CEL	13550934	8af48b4216f49232861d872f08cfd3c9af59d5f1406d40e34e2b22bf95e7ebe5	yes
GSE121248	GSM3428788	data/work/GSE121248/raw/GSM3428788_HCC_60N.CEL	13550585	64427cbe5e18ca4f5c981c28b8ccb3ac5d068e6516eeaad0fd50cd80ccd27f5d	yes
GSE121248	GSM3428789	data/work/GSE121248/raw/GSM3428789_HCC_62N.CEL	13550764	7a6462121c7f6bc48c45a7ce56c48fd60d8ad8e1ecf98cbdafffc29ebf4ca57a	yes
GSE121248	GSM3428790	data/work/GSE121248/raw/GSM3428790_HCC_64N.CEL	13551021	1e48fce04ff296d850e5b8b8b5c82d0b819590a54d943dc793fd6bf0a4ec1cf5	yes
GSE121248	GSM3428791	data/work/GSE121248/raw/GSM3428791_HCC_65N.CEL	13550861	1fa517dd7e5ca39baf542cdbdde5326cff049eaa0435fb25e845c5903babb780	yes
GSE121248	GSM3428792	data/work/GSE121248/raw/GSM3428792_HCC_66N.CEL	13550937	c1d1cabc018f0e03c9ae32b5e9f08253ae6ccf33f8415b9bc1ef1dfa2779c4dd	yes
GSE121248	GSM3428793	data/work/GSE121248/raw/GSM3428793_HCC_67N.CEL	13551053	8a003fbc4c03d57fe10ffbbedb7215f638c8c6eff8c76c163d343631cd3a9592	yes
GSE121248	GSM3428794	data/work/GSE121248/raw/GSM3428794_HCC_68N.CEL	13550844	44de887e36877d9f0783bd8de6f1296f077e8f357f2b1a78cf07f4141f10463e	yes
GSE121248	GSM3428795	data/work/GSE121248/raw/GSM3428795_HCC_71N.CEL	13550325	97460ddc7a5f756f733d6550350408eb71eae78a6e72e1943e3bb3c6ba30363b	yes
GSE121248	GSM3428796	data/work/GSE121248/raw/GSM3428796_HCC_72N.CEL	13550417	9b018350802b9ca17bd7272174b33a207b514579458ae68ea063a3cd5b9ae1e6	yes
GSE121248	GSM3428797	data/work/GSE121248/raw/GSM3428797_HCC_73N.CEL	13550389	c9a99aa22b6ff7b421ef8750bb30cb3ddf2cb7c63c58e5e2a4254712c7be9f4f	yes
GSE121248	GSM3428798	data/work/GSE121248/raw/GSM3428798_HCC_75N.CEL	13550381	fa06f8afa9c0e5ad181cdfc4e4248739fb2ec6d8a913e70eb504c2fd0768daa1	yes
GSE121248	GSM3428799	data/work/GSE121248/raw/GSM3428799_HCC_77N.CEL	13550741	d7cdb1b97ab94948499d644d5872e6038ea36e8d2588d6de0fbf79799a4ccdcf	yes
GSE121248	GSM3428800	data/work/GSE121248/raw/GSM3428800_HCC_78N.CEL	13550677	03307c9443e465bb9a93b498d2553a88ac0afbc01f1b8cbd714b15a105dea53e	yes
GSE121248	GSM3428801	data/work/GSE121248/raw/GSM3428801_HCC_79N.CEL	13550461	ce15e60eb1affda4a897d7ead3597bd72d5eeafea6e72b27524161486c649a0f	yes
GSE121248	GSM3428802	data/work/GSE121248/raw/GSM3428802_HCC_80N.CEL	13550441	7bfb7dd4d017a7844b1ae5eb38446516d956352a872ddf179deb01e51b231ec8	yes
GSE121248	GSM3428803	data/work/GSE121248/raw/GSM3428803_HCC_81N.CEL	13550545	54c90d9ef17dd4bd0608be690008ff8a36a8d6055c9f6487bbb6142cd46601a5	yes
GSE121248	GSM3428804	data/work/GSE121248/raw/GSM3428804_HCC_82N.CEL	13550348	410769ed92b1bdfb7a693aec1779bf06e62eb83526fd68fc4f8ca304e2d28ec7	yes
GSE121248	GSM3428805	data/work/GSE121248/raw/GSM3428805_HCC_83N.CEL	13550661	5ff34a44f6d24845666bca49ab821edac22c6ce2b10702848b12de3606666760	yes
GSE121248	GSM3428806	data/work/GSE121248/raw/GSM3428806_HCC_84N.CEL	13550625	f0babfaa0ad95bf38eab13e2e82d5533d759e7293e893d37ab253f45072a0b41	yes
GSE121248	GSM3428807	data/work/GSE121248/raw/GSM3428807_HCC_85N.CEL	13550684	535bf5c7b31dfbed5a76ae778bcf96e9f23838afd60a8cac2f3fbef177cf20b9	yes
GSE121248	GSM3428808	data/work/GSE121248/raw/GSM3428808_HCC_162N.CEL	13551143	d665bbd0be5b86a1ef2df14fab59c7474362c8242e5e48bc4c90e0d9cad89374	yes
GSE121248	GSM3428809	data/work/GSE121248/raw/GSM3428809_HCC_165N.CEL	13551475	38f62f6a87e0981e6b502a93c341a377e7de1e07992b6a07d8405244dfc92e4b	yes
GSE121248	GSM3428810	data/work/GSE121248/raw/GSM3428810_HCC_166N.CEL	13551994	af4d9cd9104ea9a9231b116fa0dd1b9ba62ccbdc2ab262cbef1af58c8c96329d	yes
GSE121248	GSM3428811	data/work/GSE121248/raw/GSM3428811_HCC_167N.CEL	13553047	850d22e56416c868ddf378247f9b8796f487a33cac99c2a5b3a2f45176f94e0b	yes
GSE121248	GSM3428812	data/work/GSE121248/raw/GSM3428812_HCC_168N.CEL	13551248	d02c04f72ac8cf205e25849c918d3ff717eae262806972e3e37cd570e3b69b56	yes
GSE121248	GSM3428813	data/work/GSE121248/raw/GSM3428813_HCC_169N.CEL	13550835	4273ca2b2caeb60d4b9a7b63c18b7d6838aa2965f1c89b64fbca4e025b4c7ae3	yes
GSE121248	GSM3428814	data/work/GSE121248/raw/GSM3428814_HCC_170N.CEL	13551563	55e28bc703765c29ea647e89868c1618823061988f01faff754df76fa879c73c	yes
GSE121248	GSM3428815	data/work/GSE121248/raw/GSM3428815_HCC_171N.CEL	13551616	3a5f70a3f9a77d188939db1a65190696e3f20f43c26406c76b6211c302209afb	yes
GSE121248	GSM3428816	data/work/GSE121248/raw/GSM3428816_HCC_172N.CEL	13551448	b5228b6dcd2aaef3b4dc5b2dbe27a13a72492fa54c78fbf43d6f30467964702d	yes
GSE121248	GSM3428817	data/work/GSE121248/raw/GSM3428817_HCC_173N.CEL	13551468	76ea549dda344255a2233866c412aea7aaa06616353b6c9c54851e001393feab	yes
GSE121248	GSM3428818	data/work/GSE121248/raw/GSM3428818_HCC_174N.CEL	13551628	6c5e6d39304e8c2469af43b6687ee42f7fa21fd47948bc0d58e4c941f76d38e6	yes
GSE121248	GSM3428819	data/work/GSE121248/raw/GSM3428819_HCC_175N.CEL	13552252	555a17786863689b49f6eee3fd5a771dc2afcb1cb8f59ac6d68ecf8584c899b4	yes
GSE121248	GSM3428820	data/work/GSE121248/raw/GSM3428820_HCC_176N.CEL	13552773	6889a691a34dbb2115e7f43fc38277deea265ebe4b932c7d2d45040747e8b084	yes
GSE121248	GSM3428821	data/work/GSE121248/raw/GSM3428821_HCC_177N.CEL	13551768	1d1cc7cacd1a7668b45f3bc8a4d548701c6cf9f709c99d4f11be49c50a0efd46	yes
GSE121248	GSM3428822	data/work/GSE121248/raw/GSM3428822_HCC_178N.CEL	13551737	4622f93df78f6742a472a097dd7a47488ad1cab5653dc2fb2795332d3d4322ca	yes
GSE45114	GSM1097015	data/work/GSE45114/raw/GSM1097015_HK009_C_C5_vs_N3.gpr	7663216	9b6176cd1b50129da3eebb465ce1d67545419872e2d7aa74e68009fa7f7fc8cb	yes
GSE45114	GSM1097016	data/work/GSE45114/raw/GSM1097016_HK009_P_P5_vs_N3.gpr	7626198	0585ff553fca501484f7cd28b8d8da7ddc60d9e61d3168c50998b5132dc05408	yes
GSE45114	GSM1097017	data/work/GSE45114/raw/GSM1097017_HK014_C_C5_vs_N3.gpr	6242755	a45a626eb71e2823d8bbf91c777b26d5627dc3292b2bd5c47713efab69aac099	yes
GSE45114	GSM1097018	data/work/GSE45114/raw/GSM1097018_HK014_P_P5_vs_N3.gpr	7627265	423f1437c0a6028b8b53d53c027f8c199a2bd63134e582a5d03b2b1b878e6697	yes
GSE45114	GSM1097019	data/work/GSE45114/raw/GSM1097019_HK017_C_C5_vs_N3.gpr	7662273	9a6d477153530045a42ca766835165a4739d110838f50df68f8dc2931cc6e4ce	yes
GSE45114	GSM1097020	data/work/GSE45114/raw/GSM1097020_HK017_P_P5_vs_N3.gpr	6213973	6cf3df1263f91b45abbc9ca36396b99cac038cf1c5a2b676341918de8aaf6972	yes
GSE45114	GSM1097021	data/work/GSE45114/raw/GSM1097021_HK032_C_C5_vs_N3.gpr	7704724	384311cbb4945f7f869ef2356fca4ce313830a7d6de6350c2391b7abc7e78df8	yes
GSE45114	GSM1097022	data/work/GSE45114/raw/GSM1097022_HK032_P_P5_vs_N3.gpr	7737033	322085ad7eabdb1a0d43f6a219532f42a12d9791cbdca86121a4816ba14e6567	yes
GSE45114	GSM1097023	data/work/GSE45114/raw/GSM1097023_HK035_C_C5_vs_N3.gpr	7653833	aff3033a6443a9169c1b5726761e20ff89c54e698e310b6fb0382a26069f9cf6	yes
GSE45114	GSM1097024	data/work/GSE45114/raw/GSM1097024_HK035_P_P5_vs_N3.gpr	7658248	f96cbcbe1855a3685bf0735ad9f124735186942047fc0c74bf143ae1939743c1	yes
GSE45114	GSM1097025	data/work/GSE45114/raw/GSM1097025_HK039_C_C5_vs_N3.gpr	7680648	ef24733f9be100d1371cb9cd17cf1a3106c955b2f4660c499fccf42069e623ad	yes
GSE45114	GSM1097026	data/work/GSE45114/raw/GSM1097026_HK039_P_P5_vs_N3.gpr	7568593	756da1064f25bef8e96834a0ce4a2eadeb076c7c25ec3fe5e172913ee78a64c4	yes
GSE45114	GSM1097027	data/work/GSE45114/raw/GSM1097027_HK041_C_C5_vs_N3.gpr	7564056	ea3d4045d0df43555b537726a3fbf4c1b610587beda59707a28c8d0e773e087f	yes
GSE45114	GSM1097028	data/work/GSE45114/raw/GSM1097028_HK041_P_P5_vs_N3.gpr	7570760	27ac1f6ff0b74516d9ad3673e9bffd82efb193b1161a23b7b4325a7fb81a6ca7	yes
GSE45114	GSM1097029	data/work/GSE45114/raw/GSM1097029_HK042_C_C5_vs_N3.gpr	7639338	be76c23a308cbce14a249467434633f4ed4858a1b8c62a00051073f4cb4c37dc	yes
GSE45114	GSM1097030	data/work/GSE45114/raw/GSM1097030_HK042_P_P5_vs_N3.gpr	7661808	b7129a889e09e35e9ea66397976d87769a1e592fd1a382ba9d6460fe549fc514	yes
GSE45114	GSM1097031	data/work/GSE45114/raw/GSM1097031_HK043_P_P3_vs_N5.gpr	7770684	c7470e2b2f75ec56b950dc9a43b0ea9746d605f920007f80aa9f53fdce02d34a	yes
GSE45114	GSM1097032	data/work/GSE45114/raw/GSM1097032_QD127_P_P5_vs_N3.gpr	7745943	86ca23662245b61fbe8e2e0ff2d3e773c0e770510166a2324165123cbed94260	yes
GSE45114	GSM1097033	data/work/GSE45114/raw/GSM1097033_QD128_C_C5_vs_N3.gpr	7671905	da50be6dd5fbc95edd2f806f0769641a9a9aba4d291163bb847fcba284861828	yes
GSE45114	GSM1097034	data/work/GSE45114/raw/GSM1097034_QD128_P_P5_vs_N3.gpr	7715064	01c9e5ff00885b3c8158ebfaf138ce4af3cd0356e477b44890e14b5e226721d0	yes
GSE45114	GSM1097035	data/work/GSE45114/raw/GSM1097035_QD130_C_C5_vs_N3.gpr	7624584	dcd15a894fb45c5e3cf8b261c4e4ee5a48230ef6627ceefa82991d03fb48a549	yes
GSE45114	GSM1097036	data/work/GSE45114/raw/GSM1097036_QD130_P_P5_vs_N3.gpr	7648372	4c75b62e7564225db17337b27fb3f545dfa2e4d306e5e06de5a3640453d88c3b	yes
GSE45114	GSM1097037	data/work/GSE45114/raw/GSM1097037_QD131_C_C5_vs_N3.gpr	7681465	5818da6fd407e257c005cb80d7a93a480bf3b61561c9ceb189b0435eece2edda	yes
GSE45114	GSM1097038	data/work/GSE45114/raw/GSM1097038_QD131_P_P5_vs_N3.gpr	7689095	1a890eadbea9c46496c3eea626fc99d19f23ab606da995ce061b0bb2826cd1bb	yes
GSE45114	GSM1097039	data/work/GSE45114/raw/GSM1097039_QD132_C_C5_vs_N3.gpr	7801374	4d820e6fb49f20d579de2426d419e04b001abe6bbe624125e4d62133a08fe966	yes
GSE45114	GSM1097040	data/work/GSE45114/raw/GSM1097040_QD133_C_C5_vs_N3.gpr	7678077	71e78899d1282435d7c456b0b734838c822369f0e6b3764cb865a3e9fb8e776e	yes
GSE45114	GSM1097041	data/work/GSE45114/raw/GSM1097041_QD133_P_P5_vs_N3.gpr	7838079	1aa5b001631e2fa6b459dd9751629925b9015ce38371126925e14232346be786	yes
GSE45114	GSM1097042	data/work/GSE45114/raw/GSM1097042_QD313_C_C3_vs_N5.gpr	7682722	c6c424122b882694ade49b33091ca7e58f224406bfe5491367b8116a4c16b871	yes
GSE45114	GSM1097043	data/work/GSE45114/raw/GSM1097043_QD313_P_P3_vs_N5.gpr	7638901	9280e2b1289c22c2863596c351c57cc8ef730f73360f5648b273bf1e61e9230f	yes
GSE45114	GSM1097044	data/work/GSE45114/raw/GSM1097044_QD314_C_C3_vs_N5.gpr	7697058	85f27dafd8027078135f5655bda22ff712a8ee0e397181ce1093c43556fd3941	yes
GSE45114	GSM1097045	data/work/GSE45114/raw/GSM1097045_QD314_P_P3_vs_N5.gpr	7648454	8b49405c67c18bf322145f1891a2ef5f158e608147bc79c4235799fda7c30922	yes
GSE45114	GSM1097046	data/work/GSE45114/raw/GSM1097046_QD315_C_C3_vs_N5.gpr	7660589	edf8c89d1e2c951f35205acc8b285f3e64d0c378e96eb16cc6c93f36dc815660	yes
GSE45114	GSM1097047	data/work/GSE45114/raw/GSM1097047_QD315_P_P3_vs_N5.gpr	7675727	9080b159b79660aae587951f0b492a36d73552220c387101d741096fa2449ff5	yes
GSE45114	GSM1097048	data/work/GSE45114/raw/GSM1097048_QD316_C_C3_vs_N5.gpr	7645423	cfecb75f02fb72f1a36f71fa9e2c9d9bcb3b94b74d2968ed23730401c906e9cc	yes
GSE45114	GSM1097049	data/work/GSE45114/raw/GSM1097049_QD316_P_P5_vs_N3.gpr	7640335	3243954209c419a03149d8083730a93af1a66def5c65265d36e3612e68a9a257	yes
GSE45114	GSM1097050	data/work/GSE45114/raw/GSM1097050_QD317_C_C3_vs_N5.gpr	7646862	b28adae1187c1f6e9132f25f2c0f13f047dffa1e2900b95dde145a067294c2b9	yes
GSE45114	GSM1097051	data/work/GSE45114/raw/GSM1097051_QD317_P_P3_vs_N5.gpr	7614254	08a38e014918a814e5fb2676a79a08465520c8d8b4c1b070915126bfcb50b8c9	yes
GSE45114	GSM1097052	data/work/GSE45114/raw/GSM1097052_QD318_C_C3_vs_N5.gpr	7656581	90cbea584a9c670bb036f34034fabaf30989d461e232c707e3b943b393621858	yes
GSE45114	GSM1097054	data/work/GSE45114/raw/GSM1097054_QD318_P_P3_vs_N5.gpr	7614603	3d557e38fc444e1cd5661d29e3f9861645f13c6045b2e9d9c916907311c18e01	yes
GSE45114	GSM1097055	data/work/GSE45114/raw/GSM1097055_QD321_C_C3_vs_N5.gpr	7640132	a534e3ed41763bb646eab5c0d4ae38037dd6b8fd372c9c25135c6e62635d4267	yes
GSE45114	GSM1097056	data/work/GSE45114/raw/GSM1097056_QD321_P_P3_vs_N5.gpr	7607117	89b896228f7f7cbf04932060520f15fc10af5cc60f645b8012e6a3fedc30999b	yes
GSE45114	GSM1097057	data/work/GSE45114/raw/GSM1097057_QD323_C_C3_vs_N5.gpr	7726183	f10dcc72521b69d9f3fd40920c8999854905242ed52fcd3bbc2be98412a62b3a	yes
GSE45114	GSM1097058	data/work/GSE45114/raw/GSM1097058_QD323_P_P3_vs_N5.gpr	7635208	67a49bbea984b2bece7b816cdaadbbb8643d5ad09a63e74a1f2e79a6b4b3a077	yes
GSE45114	GSM1097059	data/work/GSE45114/raw/GSM1097059_QD338_C_C3_vs_N5.gpr	7582357	c09c01864a124bcc47eed30ebdc54194787b133accff409afe24882abf4dca31	yes
GSE45114	GSM1097060	data/work/GSE45114/raw/GSM1097060_QD338_P_P3_vs_N5.gpr	7644561	0cac683756c6b5382b9cdc302d785ed2ff4d524a14c30fabea622ecafbabfc03	yes
GSE45114	GSM1097061	data/work/GSE45114/raw/GSM1097061_QD341_C_C3_vs_N5.gpr	7727743	e4d3b9f7752fd6db16b0c6e3c273bb1a5b9ce87cc8141c36dd0fae4d4bcf4b0e	yes
GSE45114	GSM1097062	data/work/GSE45114/raw/GSM1097062_QD341_P_P3_vs_N5.gpr	7736166	8b4b199c22610ec797f8642b8c71dcbed206fef8a03308f1d270e218fe0d0461	yes
GSE45114	GSM1097063	data/work/GSE45114/raw/GSM1097063_QD344_C_C3_vs_N5.gpr	7733603	317b007294c753ab0964704959695f0b988825ac1dedac267499265eae024a9e	yes
GSE45114	GSM1097064	data/work/GSE45114/raw/GSM1097064_QD344_P_P3_vs_N5.gpr	7732055	3ff9e094cdb6be8c39e099a5189220d4e5e1ff65bca47ae84a963a3cd36765a1	yes
GSE57555	GSM1384682	data/work/GSE57555/raw/GSM1384682_mRNA_11.txt	35946609	a3ec44d27bf8982cf1022b93a82dc6cdc4ed3966b35206f4ec31cd0fbb070b49	yes
GSE57555	GSM1384683	data/work/GSE57555/raw/GSM1384683_mRNA_12.txt	35902980	f1e8283bf36839476f7c323383f9ed72890330f4c94f334facbd57460cadd758	yes
GSE57555	GSM1384684	data/work/GSE57555/raw/GSM1384684_mRNA_13.txt	35814503	f7af4f7b64437c6ec6f9766ea2a70b003d54058b3812013699c1ed9ec2ef8751	yes
GSE57555	GSM1384685	data/work/GSE57555/raw/GSM1384685_mRNA_14.txt	35903589	b1b13e32ea18a34d40e7355162bf973be72c6c1e16c1b631ea2a483e1fff37bc	yes
GSE57555	GSM1384686	data/work/GSE57555/raw/GSM1384686_mRNA_15.txt	35818341	b371d2c55366faecc2987d7137daa6275911f582b8ac00a321b7da3a0b8c423d	yes
GSE57555	GSM1384687	data/work/GSE57555/raw/GSM1384687_mRNA_16.txt	36018194	770058325a0b8b9d6547476c2f7cc3c5fb9e063c52557b320f748e323258137d	yes
GSE57555	GSM1384688	data/work/GSE57555/raw/GSM1384688_mRNA_17.txt	35804137	65010e442c7b1980312696f6f10942c5704057bdc245caebb7e92227fd259880	yes
GSE57555	GSM1384689	data/work/GSE57555/raw/GSM1384689_mRNA_18.txt	35851276	af3c53b890418e16a7bcf663b34bca25fc88873697d4e3623716d0befc8dfa46	yes
GSE57555	GSM1384690	data/work/GSE57555/raw/GSM1384690_mRNA_19.txt	35879051	cfc20f39101339b0b5ad0e493581e80d1b835a25b97f7426d559a2ec03cffe4e	yes
GSE57555	GSM1384691	data/work/GSE57555/raw/GSM1384691_mRNA_20.txt	35874576	cce3274d75267e0ccfd59102de4b22e190ed048adf0018de55d6414a264bdb62	yes
GSE57957	MULTI_SAMPLE_MATRIX	data/downloads/GSE57957/GSE57957_non-normalized.txt.gz	20963117	ab1669b86d08b1f56fbe75bd2482edf591d3b932bc71ec4263dcfa181ece29ec	yes
GSE76427	MULTI_SAMPLE_MATRIX	data/downloads/GSE76427/GSE76427_non-normalized.txt.gz	49769931	327f1e016f9469120a3ff4403e96fa5f79afc733e1c371ef280eb6f08ae43720	yes
GSE84402	GSM2233086	data/work/GSE84402/raw/GSM2233086_S1-C-M.CEL	32409623	c767cb93c75bb4c34fb2bbcdbcec7ee8ec4bbb371afe8c42dc1a7b62bd169d91	yes
GSE84402	GSM2233087	data/work/GSE84402/raw/GSM2233087_S2-N-M.CEL	32272949	8512bc5d7238599d11c143f8adcb0821eca6dbaefdb193618d9c6060b532f4fa	yes
GSE84402	GSM2233088	data/work/GSE84402/raw/GSM2233088_S3-C-M.CEL	32399497	3f64d6fb606d4960b3bbd3b0f3d86ed558d25c81a7243424f21b3e495cbfe8d0	yes
GSE84402	GSM2233089	data/work/GSE84402/raw/GSM2233089_S4-N-M.CEL	31969547	7097e292b95baa2ca67988d581975fd98719c3b91860793da0476d490043bca3	yes
GSE84402	GSM2233090	data/work/GSE84402/raw/GSM2233090_S5-C-M.CEL	32409451	aaa39054d8c4f3964072cfe5d4f426da2a8fcaf483cec8986e6fe97e3e7b43ba	yes
GSE84402	GSM2233091	data/work/GSE84402/raw/GSM2233091_S6-N-M.CEL	32077083	d4f441b4ad430ab8e68d6a9a1673910d5062c7fc6362d6048420ea88a86e652e	yes
GSE84402	GSM2233092	data/work/GSE84402/raw/GSM2233092_S11-C-M.CEL	32268334	aee966a22181e71c62e1e5b465684b16cbca28b5b821e5d0bd3f061ebbe56270	yes
GSE84402	GSM2233093	data/work/GSE84402/raw/GSM2233093_S12-N-M.CEL	32086609	1e6d9e4054a0ee16b17ac88751c2d8fc96def66997273436e8a33ce091273454	yes
GSE84402	GSM2233094	data/work/GSE84402/raw/GSM2233094_S15-C-M.CEL	32034246	da2523ef93905f9e21d3c7b5ef7798d1f4d3ba1637f3ec4467920732fc37fc81	yes
GSE84402	GSM2233095	data/work/GSE84402/raw/GSM2233095_S16-N-M.CEL	31703811	c45223ac28d60a9e8afc1831606fc793634b1fa3997b06a049df6e0398ccfed0	yes
GSE84402	GSM2233096	data/work/GSE84402/raw/GSM2233096_S17-C-M.CEL	32302561	8b705f97a95b9fa0b185106a98bb8445747a4ad3112763fb312a8e14f7c59100	yes
GSE84402	GSM2233097	data/work/GSE84402/raw/GSM2233097_S18-N-M.CEL	32644105	787a8eac795c7458be45a54fe35c650bf30237df5f6eec58991e63c467aea3fc	yes
GSE84402	GSM2233098	data/work/GSE84402/raw/GSM2233098_S21-C-F.CEL	32296131	57e47d03204eca610da7d2ca8d6ede0fbcbe19f8668b288bc93db7380b0583c8	yes
GSE84402	GSM2233099	data/work/GSE84402/raw/GSM2233099_S22-N-F.CEL	31964074	5fe152dd6ea81d6ed2e122ef3d48fa805985f300703aeff95bfd8ab9a3dd3c02	yes
GSE84402	GSM2233100	data/work/GSE84402/raw/GSM2233100_S23-C-F.CEL	32476248	bdad2e52e8d4c6b7b8da81833c4a3127ce6e783f669cd97c73a9c6e950492d2f	yes
GSE84402	GSM2233101	data/work/GSE84402/raw/GSM2233101_S24-N-F.CEL	32239220	5ae3b08043d0a002d2a998502528bcc5ea194b60b2330ca4f9ab92996f3b4a29	yes
GSE84402	GSM2233102	data/work/GSE84402/raw/GSM2233102_S25-C-F.CEL	31824343	bbbf135e42489e2fba204e5e658a2496739645b0bfe5518ae2cb201ec8affdee	yes
GSE84402	GSM2233103	data/work/GSE84402/raw/GSM2233103_S26-N-F.CEL	31993567	f2b341633e30b2b2550775bcec2af24636ea6e5251b91702e5014b19daf56a8a	yes
GSE84402	GSM2233104	data/work/GSE84402/raw/GSM2233104_S27-C-F.CEL	31793415	671277b2aa862d85814a79bb4d430a9026e3304709f3676a313f3d2d87a25cc8	yes
GSE84402	GSM2233105	data/work/GSE84402/raw/GSM2233105_S28-N-F.CEL	31900912	683b478de5dea9dff4b6b3634e59b229f02944f07e7e0567044c31d237d9a5c1	yes
GSE84402	GSM2233106	data/work/GSE84402/raw/GSM2233106_S29-C-F.CEL	32045982	957f5422784a2c68892da7e1d57fa974d729e7c1613a65269c343d5cd88f7aa0	yes
GSE84402	GSM2233107	data/work/GSE84402/raw/GSM2233107_S30-N-F.CEL	32137882	0b9c0cf59a8dcd266fea046f58e7bc86886408ce30fde7b25dc567f944621c86	yes
GSE84402	GSM2233108	data/work/GSE84402/raw/GSM2233108_S31-C-M.CEL	31954482	e90ffd39ec5d773b33bf06c9054f44223de3869da36dc6ba3d0d4d019a16ca21	yes
GSE84402	GSM2233109	data/work/GSE84402/raw/GSM2233109_S32-N-M.CEL	32104200	99faff98ae4a57d6273d3e2f4334d0d09ba557bf03582123886504deeb4a754d	yes
GSE84402	GSM2233110	data/work/GSE84402/raw/GSM2233110_S33-C-M.CEL	31773707	73f5d478620e1516a9d5fc432f95b4b377ddac4153b4bf34c273eb90b1f6012b	yes
GSE84402	GSM2233111	data/work/GSE84402/raw/GSM2233111_S34-N-M.CEL	31886410	c83e0d6dc4ea0a6807f216eff0f433752b5403f62c07a6e03e2cf234f0a23c4f	yes
GSE84402	GSM2233112	data/work/GSE84402/raw/GSM2233112_S35-C-M.CEL	32096694	a38e3be245d06ec3a31474920c48c08309e378635cbdd857477c49cdd9e97d41	yes
GSE84402	GSM2233113	data/work/GSE84402/raw/GSM2233113_S36-N-M.CEL	31944200	44ac761ca1a83069bc914312db291b3cc5368a13d04c2e16ffae96c73f91f712	yes
