cohort	gsm	decision	rule	evidence_1	evidence_2	decision_time	notes
"GSE121248"	"GSM3428718"	"review_single_flag"	"one QC flag; review only"	"flag_count=1"	"median_z=-0.169;iqr_z=0.526;corr_z=-8.398;detection_z=NA;missing=0"	"2026-09-16 05:04:47 UTC"	"QC decision uses only pre-specified technical metrics; PCA position is not an exclusion rule"
"GSE121248"	"GSM3428719"	"review_single_flag"	"one QC flag; review only"	"flag_count=1"	"median_z=-0.847;iqr_z=0.92;corr_z=-3.656;detection_z=NA;missing=0"	"2026-09-16 05:04:47 UTC"	"QC decision uses only pre-specified technical metrics; PCA position is not an exclusion rule"
"GSE121248"	"GSM3428734"	"review_single_flag"	"one QC flag; review only"	"flag_count=1"	"median_z=0.314;iqr_z=-0.641;corr_z=-5.393;detection_z=NA;missing=0"	"2026-09-16 05:04:47 UTC"	"QC decision uses only pre-specified technical metrics; PCA position is not an exclusion rule"
"GSE121248"	"GSM3428738"	"review_single_flag"	"one QC flag; review only"	"flag_count=1"	"median_z=1.144;iqr_z=-1.222;corr_z=-8.402;detection_z=NA;missing=0"	"2026-09-16 05:04:47 UTC"	"QC decision uses only pre-specified technical metrics; PCA position is not an exclusion rule"
"GSE121248"	"GSM3428749"	"review_single_flag"	"one QC flag; review only"	"flag_count=1"	"median_z=0.458;iqr_z=-2.289;corr_z=-8.232;detection_z=NA;missing=0"	"2026-09-16 05:04:47 UTC"	"QC decision uses only pre-specified technical metrics; PCA position is not an exclusion rule"
"GSE121248"	"GSM3428752"	"review_single_flag"	"one QC flag; review only"	"flag_count=1"	"median_z=-0.286;iqr_z=0.943;corr_z=-3.843;detection_z=NA;missing=0"	"2026-09-16 05:04:47 UTC"	"QC decision uses only pre-specified technical metrics; PCA position is not an exclusion rule"
"GSE121248"	"GSM3428762"	"review_single_flag"	"one QC flag; review only"	"flag_count=1"	"median_z=-1.254;iqr_z=1.071;corr_z=-4.93;detection_z=NA;missing=0"	"2026-09-16 05:04:47 UTC"	"QC decision uses only pre-specified technical metrics; PCA position is not an exclusion rule"
"GSE121248"	"GSM3428767"	"review_single_flag"	"one QC flag; review only"	"flag_count=1"	"median_z=-1.267;iqr_z=1.506;corr_z=-3.518;detection_z=NA;missing=0"	"2026-09-16 05:04:47 UTC"	"QC decision uses only pre-specified technical metrics; PCA position is not an exclusion rule"
"GSE57555"	"GSM1384684"	"review_single_flag"	"one QC flag; review only"	"flag_count=1"	"median_z=7.455;iqr_z=0.808;corr_z=-8.792;detection_z=NA;missing=0"	"2026-09-16 05:04:47 UTC"	"QC decision uses only pre-specified technical metrics; PCA position is not an exclusion rule"
"GSE57555"	"GSM1384686"	"review_single_flag"	"one QC flag; review only"	"flag_count=1"	"median_z=0;iqr_z=-0.086;corr_z=-5.524;detection_z=NA;missing=0"	"2026-09-16 05:04:47 UTC"	"QC decision uses only pre-specified technical metrics; PCA position is not an exclusion rule"
"GSE57957"	"GSM1398656"	"exclude_by_prespecified_rule"	"at least two independent QC flags"	"flag_count=2"	"median_z=0;iqr_z=0;corr_z=-4.223;detection_z=-6.66;missing=0"	"2026-09-16 05:04:47 UTC"	"QC decision uses only pre-specified technical metrics; PCA position is not an exclusion rule"
"GSE57957"	"GSM1398657"	"review_single_flag"	"one QC flag; review only"	"flag_count=1"	"median_z=0;iqr_z=0;corr_z=-3.518;detection_z=1.153;missing=0"	"2026-09-16 05:04:47 UTC"	"QC decision uses only pre-specified technical metrics; PCA position is not an exclusion rule"
"GSE57957"	"GSM1398658"	"review_single_flag"	"one QC flag; review only"	"flag_count=1"	"median_z=0;iqr_z=0;corr_z=0.563;detection_z=-3.6;missing=0"	"2026-09-16 05:04:47 UTC"	"QC decision uses only pre-specified technical metrics; PCA position is not an exclusion rule"
"GSE57957"	"GSM1398672"	"review_single_flag"	"one QC flag; review only"	"flag_count=1"	"median_z=0;iqr_z=0;corr_z=-0.571;detection_z=-5.071;missing=0"	"2026-09-16 05:04:47 UTC"	"QC decision uses only pre-specified technical metrics; PCA position is not an exclusion rule"
"GSE57957"	"GSM1398694"	"review_single_flag"	"one QC flag; review only"	"flag_count=1"	"median_z=0;iqr_z=0;corr_z=-5.652;detection_z=1.464;missing=0"	"2026-09-16 05:04:47 UTC"	"QC decision uses only pre-specified technical metrics; PCA position is not an exclusion rule"
"GSE57957"	"GSM1398696"	"review_single_flag"	"one QC flag; review only"	"flag_count=1"	"median_z=0;iqr_z=0;corr_z=-4.792;detection_z=-0.587;missing=0"	"2026-09-16 05:04:47 UTC"	"QC decision uses only pre-specified technical metrics; PCA position is not an exclusion rule"
"GSE57957"	"GSM1398698"	"review_single_flag"	"one QC flag; review only"	"flag_count=1"	"median_z=0;iqr_z=0;corr_z=-5.898;detection_z=2.309;missing=0"	"2026-09-16 05:04:47 UTC"	"QC decision uses only pre-specified technical metrics; PCA position is not an exclusion rule"
"GSE57957"	"GSM1398722"	"review_single_flag"	"one QC flag; review only"	"flag_count=1"	"median_z=0;iqr_z=0;corr_z=-4.492;detection_z=1.624;missing=0"	"2026-09-16 05:04:47 UTC"	"QC decision uses only pre-specified technical metrics; PCA position is not an exclusion rule"
"GSE76427"	"GSM2011363"	"review_single_flag"	"one QC flag; review only"	"flag_count=1"	"median_z=0;iqr_z=0;corr_z=-5.24;detection_z=2.664;missing=0"	"2026-09-16 05:04:47 UTC"	"QC decision uses only pre-specified technical metrics; PCA position is not an exclusion rule"
"GSE76427"	"GSM2011398"	"review_single_flag"	"one QC flag; review only"	"flag_count=1"	"median_z=0;iqr_z=0;corr_z=-3.844;detection_z=2.381;missing=0"	"2026-09-16 05:04:47 UTC"	"QC decision uses only pre-specified technical metrics; PCA position is not an exclusion rule"
"GSE76427"	"GSM2011435"	"review_single_flag"	"one QC flag; review only"	"flag_count=1"	"median_z=0;iqr_z=0;corr_z=-1.619;detection_z=-4.539;missing=0"	"2026-09-16 05:04:47 UTC"	"QC decision uses only pre-specified technical metrics; PCA position is not an exclusion rule"
"GSE76427"	"GSM2011439"	"review_single_flag"	"one QC flag; review only"	"flag_count=1"	"median_z=0;iqr_z=0;corr_z=-0.906;detection_z=-3.763;missing=0"	"2026-09-16 05:04:47 UTC"	"QC decision uses only pre-specified technical metrics; PCA position is not an exclusion rule"
