gene_id	gene_symbol	random_log2FC	random_FDR	random_I2	fixed_log2FC	fixed_CI_low	fixed_CI_high	fixed_FDR	fixed_I2	fixed_passes_primary_rule	same_direction
"10"	"NAT2"	-2.1160428478964	0.0475821076926532	92.4032572752838	-2.33776896700482	-2.55524085790321	-2.12029707610643	8.81832786905643e-96	85.6323163801569	TRUE	TRUE
"10067"	"SCAMP3"	0.722794317452814	0.035357906114152	82.3026486838981	0.803993166868163	0.716050152679422	0.891936181056904	1.36649716636084e-69	71.3917491503466	TRUE	TRUE
"10130"	"PDIA6"	0.691979499888907	0.0214610914486807	48.031974673812	0.689042105071185	0.575891471543495	0.802192738598876	1.21834867049662e-31	41.4189762945971	TRUE	TRUE
"10144"	"FAM13A"	-0.954015186631262	0.0158016047388783	54.9857481357503	-0.894573897759088	-0.979150571574144	-0.809997223944032	8.86067707586741e-93	57.2164375094343	TRUE	TRUE
"10171"	"RCL1"	-1.12620823977202	0.03284577080165	83.0289872104415	-1.2247429453715	-1.3638708180916	-1.0856150726514	1.2810009625571e-64	77.4520396620916	TRUE	TRUE
"10189"	"ALYREF"	0.592347798152028	0.0363612455553973	82.3230834345112	0.466733857904304	0.403588161384821	0.529879554423787	5.73509701690768e-46	70.833182521216	FALSE	TRUE
"10196"	"PRMT3"	0.756697587960157	0.0160917557752165	32.8947681676467	0.743269482879197	0.641466605135982	0.845072360622411	6.87032411318417e-45	19.0022955293606	TRUE	TRUE
"10212"	"DDX39A"	0.867147313837141	0.0115802536922153	0	0.867147313837141	0.750244900467328	0.984049727206954	2.77574937371209e-46	0	TRUE	TRUE
"10247"	"RIDA"	-0.922277551263526	0.0201275389410464	45.8475509045109	-0.90878222498793	-1.0464593614072	-0.771105088568656	6.1200122753895e-37	42.1121405537198	TRUE	TRUE
"10351"	"ABCA8"	-1.07464041014092	0.0417358007106564	89.2521313168986	-1.06793620425086	-1.18037305696658	-0.955499351535137	5.0862242377587e-75	86.3543160821799	TRUE	TRUE
"10365"	"KLF2"	-0.689139363311842	0.0455525593600339	77.7519117382391	-0.67391741226861	-0.795559884954865	-0.552274939582354	1.99685131081391e-26	75.871037084756	TRUE	TRUE
"10376"	"TUBA1B"	0.863244245163732	0.0270694017806083	76.0330669434695	0.850697794840317	0.750738146989134	0.950657442691499	1.76976692034487e-60	79.2489988337551	TRUE	TRUE
"10402"	"ST3GAL6"	-1.03513951528262	0.0294523728326812	81.740453047666	-1.00984494230244	-1.1281612980294	-0.891528586575481	8.03092095506343e-61	83.7684035870647	TRUE	TRUE
"10404"	"CPQ"	0.587313486987667	0.044161421281225	70.8960992810197	0.592609088366036	0.482984845564982	0.702233331167091	3.20626212227406e-25	70.8520737859683	TRUE	TRUE
"10430"	"TMEM147"	0.785625996404182	0.0197605699195567	30.5528629131384	0.773468258170624	0.662129933029477	0.884806583311772	9.1404823388822e-41	40.514658888965	TRUE	TRUE
"10449"	"ACAA2"	-0.805660746209632	0.0329225246412599	65.9958256597965	-0.80884168542241	-0.936095322652643	-0.681588048192177	2.37204748813992e-34	64.1633982996687	TRUE	TRUE
"10473"	"HMGN4"	0.728546551242466	0.0404752593413406	85.4977113815919	0.843425458648795	0.750644403236021	0.93620651406157	8.11337931452965e-69	73.8422540788836	TRUE	TRUE
"10584"	"COLEC10"	-1.12091144735805	0.0384589652605361	91.8434002639606	-1.01769874920483	-1.12459669844745	-0.910800799962212	2.31149274657707e-75	88.6316953610699	TRUE	TRUE
"10613"	"ERLIN1"	-0.63997475519628	0.01826882088407	40.0662291868762	-0.647177704657628	-0.738601322595181	-0.555754086720075	2.76236345065156e-42	35.2827140943827	TRUE	TRUE
"1063"	"CENPF"	0.920864484743691	0.0193055366359518	57.2642263612098	0.921152378307209	0.824672666963533	1.01763208965089	8.57128843297755e-76	68.2392704266613	TRUE	TRUE
"10643"	"IGF2BP3"	1.21678999697816	0.0107256483335024	0	1.21678999697816	1.03383244971451	1.39974754424182	1.78989111535221e-37	0	TRUE	TRUE
"10653"	"SPINT2"	-0.590344777288256	0.0394061194875442	0	-0.590344777288256	-0.837639739797333	-0.343049814779178	7.44857680109943e-06	0	TRUE	TRUE
"10747"	"MASP2"	-0.945356655392682	0.0285548138391325	36.5532470058568	-0.937138577081226	-1.09584654708125	-0.778430607081207	7.80650583453394e-30	58.6335273369008	TRUE	TRUE
"10841"	"FTCD"	-1.34604611962437	0.0398601464367114	81.9964533593073	-1.38130317588482	-1.54555704174446	-1.21704931002518	4.36939283390193e-59	71.0145149091929	TRUE	TRUE
"10878"	"CFHR3"	-1.3577497442368	0.0245956291512756	53.4349412120879	-1.33185594888692	-1.54867988132676	-1.11503201644708	3.59471101228087e-32	47.8496434301002	TRUE	TRUE
"10894"	"LYVE1"	-1.43954182815298	0.0351386340131252	87.330853824199	-1.296227686145	-1.43078750955083	-1.16166786273917	3.99002388473038e-77	83.8997539893621	TRUE	TRUE
"10923"	"SUB1"	0.600168043980239	0.0273291652661832	65.3965693581465	0.564620667075733	0.481587720108322	0.647653614043143	4.05732158344199e-39	59.9218027748529	FALSE	TRUE
"10963"	"STIP1"	0.639640413373651	0.0385018662795669	85.2915393741508	0.614776485563836	0.531776169472358	0.697776801655314	3.76211524591371e-46	80.5439826711347	TRUE	TRUE
"10974"	"ADIRF"	-1.67336498909767	0.02933888309067	50.0756653646498	-1.67021852341468	-1.93704231880502	-1.40339472802434	2.33975499123119e-33	53.8285008792635	TRUE	TRUE
"10979"	"FERMT2"	-0.688396909037766	0.0115802536922153	0	-0.688396909037767	-0.780073715762081	-0.596720102313453	2.12818757056106e-47	0	TRUE	TRUE
"10990"	"LILRB5"	-0.717900718511185	0.0477254595732651	91.9447724520407	-0.658062028098984	-0.731306029039707	-0.584818027158261	2.92131491155584e-67	89.210477322178	TRUE	TRUE
"11004"	"KIF2C"	0.753661922004625	0.0123928879613051	0.00926083516612286	0.753661442278428	0.66181947411213	0.845503410444726	2.56537127591579e-56	45.3439017339556	TRUE	TRUE
"11145"	"PLAAT3"	-0.907363746654007	0.0331119142209867	83.3988449395271	-0.975123852448844	-1.08101530370512	-0.86923240119257	1.40256190462328e-70	84.4728422410128	TRUE	TRUE
"11185"	"INMT"	-1.39564718387129	0.0468120451304627	90.5347466586384	-1.46656920501954	-1.64892110326663	-1.28421730677245	3.63641695161707e-54	89.6319107404207	TRUE	TRUE
"112483"	"SAT2"	-0.723303635675324	0.0192060376209246	45.748245603239	-0.729725413573124	-0.846009625139141	-0.613441202007107	1.61876395213492e-33	39.6845763327075	TRUE	TRUE
"112770"	"GLMP"	0.865261310003239	0.0107256483335024	0	0.865261310003239	0.745500472535605	0.985022147470872	5.5000298210495e-44	0	TRUE	TRUE
"112817"	"HOGA1"	-1.42909110909374	0.0243463972657534	73.9423911817381	-1.44771720081261	-1.59578152246121	-1.29965287916402	2.07705750426208e-79	67.5295813673154	TRUE	TRUE
"11311"	"VPS45"	0.630212054438996	0.0463054557231985	88.8920296012556	0.544294605826977	0.474635457369446	0.613953754284509	3.28665479156774e-51	91.04964377285	FALSE	TRUE
"113130"	"CDCA5"	1.20905950423708	0.0201881519180196	70.3622705715294	1.22085895945553	1.09754381016481	1.34417410874625	2.01814667129132e-81	68.9652244282775	TRUE	TRUE
"113675"	"SDSL"	-0.628000474056185	0.0351386340131252	18.6621145756229	-0.620157577431433	-0.787155642752595	-0.453159512110272	1.48917773596392e-12	20.0594360927949	TRUE	TRUE
"114897"	"C1QTNF1"	-0.711767025393906	0.0255756165411768	81.247055378173	-0.675875325627657	-0.747213426307298	-0.604537224948016	1.20138468393825e-74	81.2816704987141	TRUE	TRUE
"115353"	"LRRC42"	0.637937177006998	0.0338071787206911	58.2444214655321	0.661184250968624	0.55594524387286	0.766423258064388	1.36159949757374e-33	58.3156298918429	TRUE	TRUE
"116238"	"TLCD1"	0.838440119015045	0.0265892017403729	52.3895038898417	0.797575014582683	0.677413228356623	0.917736800808743	2.47789901632594e-37	56.1794087835273	TRUE	TRUE
"1163"	"CKS1B"	1.16658624896275	0.0179356699323808	66.45482485411	1.12306861717332	1.00213903281065	1.243998201536	9.25846619526824e-72	68.0482761367578	TRUE	TRUE
"116842"	"LEAP2"	-0.745261173018316	0.03325613161994	42.3055099660864	-0.716054493013205	-0.855672233166215	-0.576436752860195	7.86225882838497e-23	40.9863818088094	TRUE	TRUE
"119467"	"CLRN3"	-2.22024558298603	0.0302527384288224	76.278033820261	-2.10718457354554	-2.39785076296655	-1.81651838412454	2.8154314006565e-44	75.9588716912716	TRUE	TRUE
"123264"	"SLC51B"	0.654242979090132	0.0302677397227601	45.1289816418858	0.609958805042882	0.466688964464726	0.753228645621037	4.04893050147357e-16	41.0446009178166	TRUE	TRUE
"123879"	"DCUN1D3"	-0.681661177023691	0.0127759792996141	37.8602598026333	-0.68329544622385	-0.749878700844705	-0.616712191602995	2.1794024650305e-87	31.705430480293	TRUE	TRUE
"124"	"ADH1A"	-1.16139295462948	0.0443988379115687	71.6126079176	-1.01927193177411	-1.20664264977428	-0.831901213773951	1.59597591250402e-25	72.1355635443883	TRUE	TRUE
"124936"	"CYB5D2"	-0.747029587128837	0.0107256483335024	0	-0.747029587128838	-0.832063570010367	-0.661995604247309	2.30528699345784e-64	0	TRUE	TRUE
"126"	"ADH1C"	-1.87016915563914	0.0192060376209246	0	-1.87016915563914	-2.1755924935615	-1.56474581771677	5.62793195496321e-32	28.1135167179046	TRUE	TRUE
"126382"	"NR2C2AP"	0.60502833523762	0.0189508407128152	0.0441445871686039	0.605008452783261	0.520292361150716	0.689724544415807	5.25174931065148e-43	44.5656831966889	TRUE	TRUE
"126969"	"SLC44A3"	0.727744620306143	0.015234192590746	0	0.727744620306142	0.585218965472625	0.87027027513966	1.21457886193323e-22	0	TRUE	TRUE
"128061"	"C1orf131"	0.618204699939207	0.0107256483335024	0	0.618204699939207	0.533528222534269	0.702881177344145	6.91102550118024e-45	0	TRUE	TRUE
"128240"	"NAXE"	0.783555410334113	0.0243463972657534	73.4295237125815	0.758800134772278	0.66307537392953	0.854524895615025	1.17328565598345e-52	77.1829533144473	TRUE	TRUE
"128346"	"C1orf162"	-1.0024802936337	0.038466853844165	73.5038209061485	-1.04358982809253	-1.19467535740209	-0.892504298782958	2.56464446437066e-40	75.8489221403807	TRUE	TRUE
"129531"	"MITD1"	0.595438001816836	0.0226740972051733	50.974407424055	0.561960765958385	0.47820237276604	0.64571915915073	4.08876067769356e-38	40.3551515909596	FALSE	TRUE
"130"	"ADH6"	-1.18143324900199	0.0204871019546206	47.5714066466307	-1.19015260676134	-1.34847365071116	-1.03183156281151	1.67697957156888e-47	57.8883351817282	TRUE	TRUE
"132158"	"GLYCTK"	-0.637961728728784	0.0385018662795669	34.5197895161296	-0.624934917628903	-0.756672381568057	-0.493197453689748	1.02551953152992e-19	47.8861631340185	TRUE	TRUE
"132671"	"SPATA18"	-0.756710316031603	0.025622457923278	76.6556884924882	-0.724125470227713	-0.816142283718457	-0.63210865673697	6.46416589084249e-52	79.0159041672884	TRUE	TRUE
"133686"	"NADK2"	-0.714056252356545	0.0202537951366368	0.0126110609837664	-0.714060741977617	-0.825625383128757	-0.602496100826477	8.15319779712934e-35	42.767967828182	TRUE	TRUE
"134526"	"ACOT12"	-1.1225130085351	0.0192060376209246	0	-1.1225130085351	-1.33763578188837	-0.907390235181827	1.37127562538116e-23	1.91323556921673	TRUE	TRUE
"134548"	"SOWAHA"	0.786257843673467	0.0231664314071635	0.0164987526018114	0.786252397294385	0.637309712826765	0.935195081762005	4.09842992074555e-24	29.5501640065322	TRUE	TRUE
"1369"	"CPN1"	-0.642231123835482	0.0284303245428039	31.4160601662401	-0.667094609081531	-0.816593473795937	-0.517595744367125	1.37297378293788e-17	33.9041173239555	TRUE	TRUE
"1373"	"CPS1"	-1.07617466464764	0.0378143586112641	34.9806058996058	-1.05355671713723	-1.3342323880367	-0.772881046237761	8.47154460428073e-13	41.9136607051385	TRUE	TRUE
"140809"	"SRXN1"	1.1520181734584	0.019055912442021	41.3944428043262	1.14000718319765	0.970733091590171	1.30928127480513	2.13262232457707e-38	38.7969642713587	TRUE	TRUE
"140828"	"LINC00261"	-0.881509426654241	0.0331473260826734	33.1618145990477	-0.889256240843118	-1.03948345065652	-0.73902903102972	5.65413283794257e-30	53.960178343555	TRUE	TRUE
"142"	"PARP1"	0.606548317645185	0.0359856582262706	80.0970956195768	0.681598298214482	0.597264486200162	0.765932110228801	1.10068179215434e-54	71.5957312825618	TRUE	TRUE
"143941"	"TTC36"	-2.32571088864602	0.0385049319461766	95.7028090640233	-1.6464223224168	-1.77494903131277	-1.51789561352083	9.31667493520415e-136	96.2669817745539	TRUE	TRUE
"144193"	"AMDHD1"	-1.23683820694359	0.0438556324401874	76.4980644079292	-1.12260100169045	-1.28499513619767	-0.96020686718322	2.23626920978088e-40	66.9625562070348	TRUE	TRUE
"144363"	"ETFRF1"	-0.627337478422432	0.0226928507758394	42.609882918311	-0.620775954802422	-0.717115626747632	-0.524436282857213	2.89996394499106e-35	42.1258153706972	TRUE	TRUE
"150468"	"CKAP2L"	0.91023848573921	0.0444167791768675	84.1623480501083	0.950050626852766	0.824904073866171	1.07519717983936	2.03205132040331e-48	85.1283291779415	TRUE	TRUE
"154467"	"CCDC167"	0.592316425299329	0.0189508407128152	39.9092594213181	0.584699268688495	0.491205680329833	0.678192857047157	2.6644420804191e-33	29.196833948764	FALSE	TRUE
"154661"	"RUNDC3B"	-0.952996989696355	0.037290842144754	60.2761719823799	-0.92107595809891	-1.08131726528289	-0.760834650914932	2.41482298936059e-28	55.2090150865009	TRUE	TRUE
"1548"	"CYP2A6"	-2.54231700046073	0.023434351427024	29.2161143903515	-2.56217020568556	-2.90236971733202	-2.22197069403909	1.12635164549496e-47	25.1500764607688	TRUE	TRUE
"1557"	"CYP2C19"	-1.18712073425778	0.0476605195041904	79.1955260030846	-1.02566358364842	-1.18200602272156	-0.869321144575291	1.67289765719583e-36	71.1827774744022	TRUE	TRUE
"1559"	"CYP2C9"	-1.7035066795717	0.0192060376209246	30.6376567941775	-1.73561776523231	-1.96677127629388	-1.50446425417074	2.1507981076772e-47	58.5501800890065	TRUE	TRUE
"161247"	"FITM1"	-0.76316598378069	0.0328980491115953	80.6768245133286	-0.772145076348139	-0.866130251712953	-0.678159900983325	1.90495859594827e-56	78.4190158677461	TRUE	TRUE
"1634"	"DCN"	-1.48801011651214	0.0250136304978569	60.340047517167	-1.44199606711343	-1.60896575922215	-1.27502637500471	3.02445434982272e-62	64.9927319791607	TRUE	TRUE
"1647"	"GADD45A"	-0.884609656029625	0.0209174434440978	29.278903970355	-0.891137840677226	-1.05526936142587	-0.727006319928579	1.97865632389108e-25	40.941216371769	TRUE	TRUE
"166785"	"MMAA"	-0.653835674535683	0.0287343359437929	64.7288807192312	-0.611702018255206	-0.685311052758809	-0.538092983751603	1.01123598096162e-57	69.1262808658124	TRUE	TRUE
"170712"	"COX7B2"	1.28182303563469	0.0206186098478502	0	1.28182303563469	0.980953690866109	1.58269238040327	3.85696604402209e-16	0	TRUE	TRUE
"171425"	"CLYBL"	-0.694694437270741	0.0115802536922153	0	-0.694694437270741	-0.790407971483332	-0.59898090305815	2.23284688920517e-44	0	TRUE	TRUE
"1723"	"DHODH"	-0.623022601426404	0.0296167478647228	44.110038045949	-0.607600892108488	-0.716241563296394	-0.498960220920582	6.63923275165853e-27	52.8632027559533	TRUE	TRUE
"1776"	"DNASE1L3"	-1.76942530814855	0.0418973475000115	95.2982849539781	-1.42306068772022	-1.57115137358145	-1.27497000185899	9.23301595384262e-77	96.7663766281471	TRUE	TRUE
"1786"	"DNMT1"	0.710644546958904	0.023434351427024	59.800233449171	0.759037937334445	0.641971768508247	0.876104106160644	1.09208798527864e-35	54.7955074565427	TRUE	TRUE
"187"	"APLNR"	-0.636186170364772	0.0243463972657534	32.6996134607519	-0.636767196279261	-0.764962475785097	-0.508571916773425	1.70158027083276e-21	28.3007083127154	TRUE	TRUE
"1893"	"ECM1"	-1.48616825369422	0.0416629427462599	95.8287555189496	-1.59075877265061	-1.69685685926276	-1.48466068603847	4.90407148040289e-186	90.6983984240715	TRUE	TRUE
"1958"	"EGR1"	-1.60669261813708	0.0435654317396721	90.7166037543061	-1.76040178491611	-1.95421160237929	-1.56659196745293	1.04049945464926e-68	88.0722490282937	TRUE	TRUE
"1969"	"EPHA2"	-0.758404783501373	0.0443988379115687	88.3423071259053	-0.767964659903503	-0.862967650321584	-0.672961669485421	1.06047845498044e-54	81.6790582933625	TRUE	TRUE
"197"	"AHSG"	-0.602227522429967	0.0167064636610921	0	-0.602227522429967	-0.773702170582158	-0.430752874277775	2.37271092526952e-11	0	TRUE	TRUE
"199920"	"FYB2"	-0.959441527900755	0.026395845439173	50.307837423532	-0.907034203534407	-1.02787486540663	-0.786193541662183	2.30502564900437e-47	59.997361458894	TRUE	TRUE
"200845"	"KCTD6"	0.626438214653774	0.0115802536922153	0	0.626438214653774	0.527578645937107	0.725297783370441	3.78696565073696e-34	0	TRUE	TRUE
"201254"	"CENPX"	0.585420339567463	0.0110207519530077	0	0.585420339567462	0.452601776986376	0.718238902148549	3.42725615618034e-17	0	TRUE	TRUE
"201799"	"TMEM154"	-0.741373414196669	0.038466853844165	66.4191534341522	-0.722344738745848	-0.853642711185773	-0.591046766305923	4.46924288032069e-26	64.7809165013452	TRUE	TRUE
"201895"	"SMIM14"	-0.696498990351458	0.0375669709214474	68.5361570809724	-0.655229705201482	-0.762591706360189	-0.547867704042774	8.95471865765249e-32	61.4993843947893	TRUE	TRUE
"203068"	"TUBB"	0.603657663508493	0.0421600846176225	78.9848174612648	0.625560494070034	0.525286757046409	0.72583423109366	3.82860511835282e-33	72.4661459133025	TRUE	TRUE
"203111"	"ERICH5"	0.681837083571612	0.0232306369190073	0	0.681837083571612	0.504745358475021	0.858928808668203	2.09878540807162e-13	0	TRUE	TRUE
"203427"	"SLC25A43"	0.649368960503364	0.0341332626016155	80.6305019868237	0.569820459571321	0.49989249133506	0.639748427807581	1.4543692243824e-55	75.8218968769448	FALSE	TRUE
"2058"	"EPRS1"	0.757352059865932	0.011985402737884	8.94234223388087	0.755433246831724	0.669217085698301	0.841649407965146	4.88531012452289e-64	0	TRUE	TRUE
"2114"	"ETS2"	-0.728701388513261	0.032509720331531	68.1964888000085	-0.73557587026746	-0.857338297842423	-0.613813442692496	3.70928738353676e-31	62.5639710318657	TRUE	TRUE
"2147"	"F2"	-0.723000723313057	0.0215047543954605	0.00701226011792613	-0.723001211923416	-0.85504190382248	-0.590960520024351	7.63995783088872e-26	55.3546233879628	TRUE	TRUE
"2160"	"F11"	-0.809096291542939	0.0235541760066957	39.6919635162287	-0.805047836111088	-0.920889707288404	-0.689205964933772	8.58068156987044e-41	58.8637444234207	TRUE	TRUE
"217"	"ALDH2"	-1.194154974892	0.0297111503173376	75.6325823799578	-1.24332619085789	-1.38593301890563	-1.10071936281015	2.03748454701902e-63	68.7714021767565	TRUE	TRUE
"2180"	"ACSL1"	-1.26682780646855	0.0115802536922153	0.0179480810313843	-1.26681721523823	-1.41824690396165	-1.11538752651481	1.76041283669067e-58	0	TRUE	TRUE
"2184"	"FAH"	-0.662421061517516	0.0192928478820556	0.66424822989672	-0.66276417494876	-0.782425466460152	-0.543102883437368	2.05752937391099e-26	48.3877176592838	TRUE	TRUE
"219"	"ALDH1B1"	-0.853027291860324	0.0427890648715499	82.2611615759758	-0.903927243128582	-1.02342023986661	-0.784434246390556	4.38507575729531e-48	78.476234552983	TRUE	TRUE
"2195"	"FAT1"	0.90486196658154	0.0158964558365635	6.25871030022741	0.896873942906207	0.731666931654942	1.06208095415747	2.00167089663323e-25	0	TRUE	TRUE
"221078"	"NSUN6"	-0.701021678045437	0.0331473260826734	77.7176129887099	-0.688564798443455	-0.773566090825764	-0.603563506061147	6.42333891404261e-55	73.8520574491564	TRUE	TRUE
"221504"	"ZBTB9"	0.624715835448298	0.0202537951366368	63.1790804944997	0.598974054529821	0.523054081206326	0.674894027853316	3.59429541935003e-52	60.1597572856923	TRUE	TRUE
"2266"	"FGG"	-0.609406612738417	0.022197228255487	25.1968434932024	-0.609694088133244	-0.735404997082304	-0.483983179184184	1.49541820807884e-20	32.315958756955	TRUE	TRUE
"2267"	"FGL1"	-0.650285037335959	0.0461819984108666	19.9049258272142	-0.641392097527583	-0.820665387740893	-0.462118807314273	9.76908108883537e-12	48.0136202466185	TRUE	TRUE
"22822"	"PHLDA1"	-0.749756055180773	0.0418973475000115	74.7785450080505	-0.821058174458172	-0.969762702343956	-0.672353646572387	2.95810684369115e-26	73.8500069056433	TRUE	TRUE
"22849"	"CPEB3"	-0.860842263401598	0.0348493189287085	81.1205763938445	-0.951857788004874	-1.0457106319246	-0.858004944085147	2.21459422690504e-85	69.3809291474919	TRUE	TRUE
"22889"	"KHDC4"	0.666462419152729	0.0304834200669758	67.927137817836	0.651141837018696	0.561241290585513	0.741042383451878	3.37849684768394e-44	67.2196079437806	TRUE	TRUE
"22977"	"AKR7A3"	-1.37118154693966	0.0270607022391699	68.4030050604358	-1.31261564947312	-1.50622792132097	-1.11900337762527	6.82215221989507e-39	65.9868372795344	TRUE	TRUE
"23086"	"EXPH5"	-0.82744199641843	0.0474749587573854	86.7405462628794	-0.771787991125986	-0.877289571146088	-0.666286411105884	4.66797076477495e-45	87.7486365295035	TRUE	TRUE
"23130"	"ATG2A"	-0.600384825996351	0.0418973475000115	81.5826920507321	-0.583224272244236	-0.661208449710828	-0.505240094777644	4.967217730674e-47	79.9754525497499	FALSE	TRUE
"23234"	"DNAJC9"	0.62734229448629	0.0245956291512756	63.5048944334364	0.595191569089919	0.500670196679863	0.689712941499976	9.76475137979566e-34	65.4022250834488	TRUE	TRUE
"23240"	"TMEM131L"	-0.797294105975216	0.0107256483335024	0	-0.797294105975216	-0.892083078066458	-0.702505133883974	4.17780114714724e-59	0	TRUE	TRUE
"23316"	"CUX2"	-1.04737220622225	0.0179169203624088	1.86729837360708	-1.04653878137514	-1.24091063207952	-0.852166930670751	4.97761414697696e-25	0	TRUE	TRUE
"2354"	"FOSB"	-2.13804846608782	0.0360323115721519	91.215207154528	-1.9566225404947	-2.19061383038195	-1.72263125060745	1.97814825242683e-58	93.938110143316	TRUE	TRUE
"23557"	"SNAPIN"	0.588661478766796	0.0235541760066957	58.5359487105955	0.557159813307152	0.481795538823412	0.632524087790893	5.50529147250936e-46	58.1534711897322	FALSE	TRUE
"23645"	"PPP1R15A"	-0.632323846607318	0.0313501630485988	61.4264775398427	-0.661359749673762	-0.776537184440318	-0.546182314907207	2.7399405649726e-28	60.2865194307099	TRUE	TRUE
"23710"	"GABARAPL1"	-0.927813587553224	0.0491047427774947	86.5532051186274	-1.05156418223127	-1.18348748285023	-0.919640881612312	3.10465548807078e-53	77.0144374838711	TRUE	TRUE
"23729"	"SHPK"	-0.691781920754739	0.020133384569272	70.2405893009427	-0.662158601724714	-0.7362076573477	-0.588109546101728	1.20534311744188e-66	67.7638042561391	TRUE	TRUE
"24137"	"KIF4A"	1.12941544547845	0.0421600846176225	91.285032455767	0.981380978581207	0.861767756693971	1.10099420046844	2.67416014814371e-56	86.5312136172378	TRUE	TRUE
"252839"	"TMEM9"	0.628784984796789	0.0107256483335024	0	0.62878498479679	0.53572384413044	0.72184612546314	1.22342939598939e-38	0	TRUE	TRUE
"252995"	"FNDC5"	-0.877335213949898	0.0370088281983207	50.1567078338452	-0.803735569329839	-0.995642277301986	-0.611828861357692	1.22647003471602e-15	40.850453076296	TRUE	TRUE
"2542"	"SLC37A4"	-0.737328664952706	0.0469049727783672	72.3974326256285	-0.683078396562955	-0.811260491135192	-0.554896301990718	1.50831475566266e-24	67.8767365396679	TRUE	TRUE
"254295"	"PHYHD1"	-0.907631361380325	0.0322829974321606	69.7907239204106	-0.814492770556077	-0.937816912886831	-0.691168628225321	5.60817198989357e-37	61.7520821018317	TRUE	TRUE
"254863"	"TMEM256"	-0.744053403345713	0.0115802536922153	0	-0.744053403345713	-0.834868152855956	-0.65323865383547	3.78536867302006e-56	0	TRUE	TRUE
"255043"	"TMEM86B"	-0.711562087436147	0.0245955112414832	17.7014342727394	-0.723842553691604	-0.858970382045874	-0.588714725337334	8.66343040615146e-25	24.5376640394318	TRUE	TRUE
"255167"	"LINC01018"	-0.973290486246649	0.0325188200302475	0	-0.973290486246649	-1.14582126457197	-0.800759707921325	2.37191752628531e-27	61.8269571388929	TRUE	TRUE
"256764"	"WDR72"	-0.898714393175533	0.0127759792996141	0	-0.898714393175532	-1.04576803197241	-0.751660754378653	7.3620221513523e-32	0	TRUE	TRUE
"25854"	"FAM149A"	-0.930829287139302	0.0343633978980987	78.3090013239453	-0.763913340154431	-0.871616180826871	-0.656210499481991	1.9147263139832e-42	68.9745610200018	TRUE	TRUE
"25891"	"PAMR1"	-0.974651397760365	0.01826882088407	73.2317940176435	-0.923239444119323	-1.00635057038896	-0.840128317849689	3.46001765391193e-102	69.4427361677401	TRUE	TRUE
"25903"	"OLFML2B"	0.629426057186168	0.0407090452218885	61.7015453444353	0.617313431642299	0.497765216438286	0.736861646846311	4.00032939272457e-23	61.2293515797106	TRUE	TRUE
"259266"	"ASPM"	1.75681571137616	0.0127759792996141	44.2534994593213	1.76163657310701	1.59387836065958	1.92939478555443	1.79284260472916e-91	54.0549328209505	TRUE	TRUE
"25987"	"TSKU"	-0.761525907555659	0.0442480793245133	58.7471738270105	-0.746142607895289	-0.926757225177523	-0.565527990613055	3.00513233959137e-15	57.8985972793712	TRUE	TRUE
"26007"	"TKFC"	-1.39294328152507	0.0450895138919308	86.8790544605163	-1.33826387369494	-1.51003162473749	-1.1664961226524	6.40442079284265e-51	82.9502779484477	TRUE	TRUE
"26022"	"TMEM98"	0.621009792964563	0.0482249769148412	56.7799155516324	0.597699307729447	0.444528152230529	0.750870463228365	9.7932525536436e-14	52.5135970374305	TRUE	TRUE
"2617"	"GARS1"	0.657003125652263	0.0196395017563344	17.3433250367266	0.65434811073797	0.55965243900946	0.74904378246648	2.40650533582926e-40	39.7307374726797	TRUE	TRUE
"26256"	"CABYR"	0.610066445255803	0.0379695637786571	48.2562707865529	0.544357584419127	0.432285213312224	0.65642995552603	1.31105610845752e-20	47.783948135448	FALSE	TRUE
"2639"	"GCDH"	-1.02879496587427	0.0483695809801275	90.340996135183	-1.11822044769045	-1.2338341554452	-1.00260673993569	9.77372405594884e-78	76.8686570825339	TRUE	TRUE
"2646"	"GCKR"	-1.11481309899654	0.0403714061893813	85.1920831374526	-1.16510065600412	-1.2979765192589	-1.03222479274933	3.98052954291867e-64	72.7346209932974	TRUE	TRUE
"26998"	"FETUB"	-0.882625793854712	0.0311681642244962	11.5517533611059	-0.882337110296649	-1.07158681606124	-0.69308740453206	4.38640338164782e-19	54.0788260173724	TRUE	TRUE
"27141"	"CIDEB"	-1.11397149852274	0.0273291652661832	56.1406433238712	-1.08609069433893	-1.24705142735048	-0.925129961327382	1.5420422460881e-38	62.9370597542573	TRUE	TRUE
"27163"	"NAAA"	-0.707102022513009	0.0115802536922153	7.68438894276342	-0.706185746638041	-0.785030087369528	-0.627341405906554	7.40881029726749e-67	0	TRUE	TRUE
"27289"	"RND1"	-0.638003132842401	0.0403714061893813	64.31862884743	-0.587305353886256	-0.735138657034014	-0.439472050738498	3.40112470520149e-14	65.6431444912501	TRUE	TRUE
"2806"	"GOT2"	-0.946275158759096	0.0299635747926304	70.6401239535663	-0.971170837763242	-1.09123773145294	-0.851103944073545	9.17917205705824e-55	64.777110864586	TRUE	TRUE
"282969"	"FUOM"	-0.747916363366092	0.018117164584208	0.00447808854480389	-0.747914498476322	-0.885792330371947	-0.610036666580696	2.18141223051666e-25	0	TRUE	TRUE
"283377"	"SPRYD4"	-0.93828132567924	0.0173036601171592	43.2921420567231	-0.90703252879389	-1.02309592934828	-0.790969128239504	3.17080571973591e-51	42.2418330214395	TRUE	TRUE
"283537"	"SLC46A3"	-1.37062712997461	0.0363612455553973	73.517142022401	-1.25096836939802	-1.45950862502326	-1.04242811377278	9.65537327664987e-31	72.7431774416442	TRUE	TRUE
"283600"	"SLC25A47"	-2.36726558158015	0.0305563824122931	79.7745511209882	-2.22488988343278	-2.43462414096937	-2.01515562589619	2.63883184523375e-93	79.1378917646706	TRUE	TRUE
"284013"	"VMO1"	-0.645958730229953	0.0344372248974622	86.2595730069223	-0.631731577568209	-0.700593923847041	-0.562869231289378	4.64370579464293e-70	87.4397170815679	TRUE	TRUE
"284018"	"C17orf58"	0.585575810999466	0.037290842144754	72.5141723023829	0.54677415108878	0.472907672680173	0.620640629497387	4.28643614928376e-46	60.6003179127879	FALSE	TRUE
"284111"	"SLC13A5"	-1.50488058125036	0.0247451903331154	2.29272144579262	-1.50111575746138	-1.76647145219213	-1.23576006273063	1.69431922217883e-27	45.1264291437331	TRUE	TRUE
"284422"	"SMIM24"	-1.81283727683259	0.0239592378310418	45.4400412816456	-1.74380425138894	-1.96935663208271	-1.51825187069517	3.69187972331257e-50	58.1133755251647	TRUE	TRUE
"284904"	"SEC14L4"	-0.654835702087777	0.0427145952601135	32.4809637048337	-0.648150963136975	-0.801614303481055	-0.494687622792894	6.97625308815074e-16	44.2495815438957	TRUE	TRUE
"285016"	"ALKAL2"	-0.880497748951084	0.0416629427462599	76.0977960589669	-0.757314243876908	-0.887264381663057	-0.627364106090758	4.28216952140303e-29	71.1123003834996	TRUE	TRUE
"286053"	"NSMCE2"	1.01779324498236	0.0115802536922153	0	1.01779324498236	0.901958709126698	1.13362778083802	2.21757180233679e-64	0	TRUE	TRUE
"286410"	"ATP11C"	-0.590052838254415	0.017723721358359	28.8365921528533	-0.563080955875647	-0.649899525440182	-0.476262386311111	1.04412299404163e-35	18.1035077656269	FALSE	TRUE
"286499"	"FAM133A"	0.658836124287996	0.0455554636852857	32.4954934654266	0.632280801539235	0.466984861892182	0.797576741186288	3.01287728889395e-13	35.3058362229779	TRUE	TRUE
"28968"	"SLC6A16"	-0.694519309673792	0.017723721358359	41.4772912531295	-0.720130575746758	-0.823815558044311	-0.616445593449204	9.52092800574149e-41	43.779490386376	TRUE	TRUE
"28970"	"C11orf54"	-0.662489101516232	0.0192060376209246	0.00347313769924895	-0.662487981410969	-0.769674978179996	-0.555300984641943	1.48310361712475e-32	31.6379138344088	TRUE	TRUE
"29081"	"METTL5"	0.670838664180426	0.0463054557231985	85.8474188739225	0.60401799427036	0.515045988788741	0.692989999751978	5.37685373862175e-39	87.4387816764761	TRUE	TRUE
"29085"	"PHPT1"	0.651247983212087	0.0444008343586313	79.6874192107953	0.587073425792812	0.488106104583517	0.686040747002107	4.29750218809901e-30	82.8755911420909	TRUE	TRUE
"29089"	"UBE2T"	1.56916673253117	0.020133384569272	80.5053287547882	1.42247114657323	1.28863916053277	1.55630313261368	1.16795703010576e-93	84.6445259142714	TRUE	TRUE
"29097"	"CNIH4"	0.690686283735737	0.0324207728300036	81.4583196028433	0.662364327584594	0.579037410417279	0.745691244751908	6.06708230372745e-53	82.1477930141414	TRUE	TRUE
"29899"	"GPSM2"	0.73273734938271	0.019391521939024	65.1298565130063	0.726686833383188	0.641405156749435	0.811968510016942	1.25612501182902e-60	67.9696631813713	TRUE	TRUE
"29901"	"SAC3D1"	0.654563768463305	0.0192060376209246	0.0174936812504038	0.654555301513866	0.562103948172903	0.747006654854829	2.68916663395583e-42	47.9954514704279	TRUE	TRUE
"29902"	"FAM216A"	0.632799815655993	0.0243061667252363	50.7548974443482	0.590034996296522	0.490825030804622	0.689244961788423	3.06202842319093e-30	41.0617272175605	TRUE	TRUE
"2992"	"GYG1"	0.599235823873143	0.0161863061638947	0.0425795304471153	0.599235281571102	0.498095417170423	0.700375145971781	5.01458301879462e-30	0	TRUE	TRUE
"29950"	"SERTAD1"	-0.721348762366709	0.0492978583006779	82.6235196934944	-0.769356753045703	-0.89845984455047	-0.640253661540936	2.34618667840642e-30	82.2784324551491	TRUE	TRUE
"29958"	"DMGDH"	-0.894292651948564	0.0427180675803318	62.1341339060055	-0.85708240945489	-0.9973029559698	-0.716861862939981	7.2173693318348e-32	65.4062472574206	TRUE	TRUE
"29968"	"PSAT1"	-0.692243644646195	0.0329832488358709	64.481739142509	-0.616645474173807	-0.732368490397646	-0.500922457949969	1.51717019413234e-24	65.2442522944519	TRUE	TRUE
"29974"	"A1CF"	-0.588040212186681	0.0115802536922153	0	-0.588040212186681	-0.68130793410636	-0.494772490267002	8.08359845685101e-34	0	TRUE	TRUE
"3015"	"H2AZ1"	1.07055431874681	0.0179567466726547	45.383493310868	1.05243855044926	0.9128386940545	1.19203840684402	9.12085383101098e-48	41.5431334101609	TRUE	TRUE
"302"	"ANXA2"	0.936268755396114	0.0156838604691839	0.00568718957233933	0.936270091962751	0.805235122320029	1.06730506160547	4.77365948511265e-43	6.14172419846159	TRUE	TRUE
"3020"	"H3-3A"	0.632215894089263	0.037290842144754	70.694601208546	0.632399550006749	0.546218966465281	0.718580133548217	2.50585613414289e-45	71.4272753863216	TRUE	TRUE
"3033"	"HADH"	-0.688243040524525	0.01826882088407	0	-0.688243040524525	-0.810405713427337	-0.566080367621713	2.77892832559436e-27	5.47342109216364	TRUE	TRUE
"3043"	"HBB"	-1.2078660556363	0.0381589527724517	77.4725673558342	-1.23829073489909	-1.4120260934697	-1.06455537632848	7.65709603342283e-43	69.6377586155121	TRUE	TRUE
"3131"	"HLF"	-0.751313094535617	0.0115802536922153	0	-0.751313094535617	-0.912155164626784	-0.590471024444451	3.75593227987328e-19	0	TRUE	TRUE
"3155"	"HMGCL"	-0.865030891195144	0.0450964332061268	84.6946169344057	-0.993232884730212	-1.11158774585647	-0.874878023603952	7.60614661376921e-59	73.3637242678227	TRUE	TRUE
"319"	"APOF"	-2.61108830659584	0.0455525593600339	92.3408854769464	-2.99446117258823	-3.26761193931544	-2.72131040586102	1.382429547293e-99	84.1977012180248	TRUE	TRUE
"3294"	"HSD17B2"	-1.08881372069727	0.0358204382963748	73.7695474210261	-1.1290731117531	-1.33187629785205	-0.926269925654137	1.1307282333734e-26	72.7077717869497	TRUE	TRUE
"3315"	"HSPB1"	0.875620019535034	0.0408084414644576	92.2485250764454	0.747434674865222	0.658000997437599	0.836868352292845	2.27794231487071e-58	93.518343180649	TRUE	TRUE
"3326"	"HSP90AB1"	1.02034167355242	0.0107256483335024	2.7456603753378	1.01964131468488	0.923907913957572	1.11537471541218	4.87457611454382e-94	0	TRUE	TRUE
"339324"	"ZNF260"	0.594755296425619	0.0454102396850823	71.8080406738119	0.546586645815368	0.459250883885084	0.633922407745653	2.4027951878366e-33	67.9171506320888	FALSE	TRUE
"339390"	"CLEC4G"	-2.95763133143369	0.0127759792996141	71.9283802999865	-2.76661423298186	-2.94775776618798	-2.58547069977574	1.24857279100133e-192	75.2253982003996	TRUE	TRUE
"3394"	"IRF8"	-0.766679693039561	0.0444167791768675	86.5573760043437	-0.712159529161375	-0.829979486597153	-0.594339571725596	3.4348428764555e-31	89.9442238789345	TRUE	TRUE
"3397"	"ID1"	-1.23628067825098	0.036851858112021	86.3532299112178	-1.19777297335995	-1.35070774079931	-1.04483820592058	1.93631441010039e-51	81.7080171089424	TRUE	TRUE
"3426"	"CFI"	-1.08237328846576	0.0166669859421557	1.59543757857712	-1.08232626656697	-1.24299493579841	-0.921657597335532	2.05120144826435e-38	14.195669271824	TRUE	TRUE
"3486"	"IGFBP3"	-1.48298412936002	0.0428923787597669	88.3085757802886	-1.70947234032932	-1.89816253853183	-1.5207821421268	2.28414692810953e-68	80.1776613853902	TRUE	TRUE
"3491"	"CCN1"	-1.62439476749029	0.0127759792996141	17.7345442766672	-1.64062898959011	-1.84876430094188	-1.43249367823834	4.42288638382657e-52	0	TRUE	TRUE
"3654"	"IRAK1"	0.698023128913679	0.047092487805484	89.6803806447386	0.778468273170571	0.689525547798835	0.867410998542307	6.67214616899089e-64	85.8024213662453	TRUE	TRUE
"3697"	"ITIH1"	-0.837234776025658	0.0403853524769091	50.9450925116541	-0.82124102117733	-0.973219177661097	-0.669262864693562	3.34941568556734e-25	57.4856567835448	TRUE	TRUE
"37"	"ACADVL"	-0.633278022992717	0.0475135913773924	87.7801444644835	-0.660489494659457	-0.742722600871656	-0.578256388447259	4.96155752128367e-54	79.2641559897061	TRUE	TRUE
"3703"	"STT3A"	0.710896517115349	0.0158964558365635	19.7539512720292	0.711123654257288	0.607864340138895	0.814382968375681	4.32172877123783e-40	3.03229897020333	TRUE	TRUE
"3712"	"IVD"	-0.749542133934207	0.0476605195041904	86.5244991341285	-0.779229198410123	-0.872001729146911	-0.686456667673335	6.05268707671357e-59	77.4337270575547	TRUE	TRUE
"3725"	"JUN"	-0.727570860525899	0.0435614504396545	83.2276872483288	-0.762990865461518	-0.885027774605562	-0.640953956317474	2.77790909915548e-33	84.4779310833712	TRUE	TRUE
"387103"	"CENPW"	1.3861553221052	0.0248923394779784	83.9838490324212	1.14022357645868	1.02300905424828	1.25743809866908	1.29605951437711e-78	88.65643708157	TRUE	TRUE
"388323"	"GLTPD2"	-0.665519470000123	0.0281790446665833	39.0380184763482	-0.672633745535261	-0.790366209816219	-0.554901281254302	5.11038425741287e-28	40.2543071931107	TRUE	TRUE
"388753"	"COA6"	0.761109710648098	0.017723721358359	58.8945242910109	0.721923709415708	0.644999158591961	0.798848260239454	2.85903021901133e-73	58.9996310126444	TRUE	TRUE
"389432"	"SAMD5"	-0.839367663536335	0.0385018662795669	65.0899240287752	-0.777894531181345	-0.913342784344499	-0.64244627801819	2.68051676644429e-28	67.6315486487966	TRUE	TRUE
"389434"	"IYD"	-1.0996961499002	0.0144254850712544	0	-1.09969614990019	-1.28196322762115	-0.917429072179235	4.41133631984501e-31	0	TRUE	TRUE
"390"	"RND3"	-1.84002679379805	0.0107256483335024	0	-1.84002679379805	-2.03078594844761	-1.64926763914848	2.55753152328242e-77	0	TRUE	TRUE
"3915"	"LAMC1"	0.842704856131873	0.0465036340733059	83.8822381899195	0.911911656991221	0.779700437473023	1.04412287650942	3.31321254139411e-40	77.3821487851205	TRUE	TRUE
"3950"	"LECT2"	-1.72700380434014	0.0158964558365635	0.00119393305048188	-1.72700414367772	-2.02895260494502	-1.42505568241041	4.4581040586144e-28	26.2279413836789	TRUE	TRUE
"3990"	"LIPC"	-1.09559789953326	0.0144254850712544	0.00548959913508562	-1.09560255559973	-1.28252327956698	-0.908681831632486	2.04824131476674e-29	18.6201361556044	TRUE	TRUE
"401466"	"RBIS"	0.687770943977611	0.0127759792996141	0	0.687770943977611	0.589865794304958	0.785676093650264	1.17259426620335e-41	0	TRUE	TRUE
"401546"	"C9orf152"	0.622433749392112	0.0428123433710504	45.1532751273974	0.610964633978507	0.451573724687149	0.770355543269865	2.68292336153511e-13	39.6658003349758	TRUE	TRUE
"4060"	"LUM"	-0.72401345968857	0.0398601464367114	53.7062090744084	-0.617909784415212	-0.781561660362479	-0.454257908467945	6.15366304064789e-13	51.6428288975315	TRUE	TRUE
"4061"	"LY6E"	-1.48197052487203	0.041934629311689	89.3640977111718	-1.47164252444052	-1.66013636724367	-1.28314868163737	3.95083118871305e-51	88.3336218700531	TRUE	TRUE
"4153"	"MBL2"	-1.50680659050837	0.03284577080165	67.7654010020356	-1.61946897395593	-1.8633030382233	-1.37563490968855	2.24562338875754e-37	58.9166164581128	TRUE	TRUE
"4171"	"MCM2"	1.16819353142687	0.0427623746011218	84.0415005981113	1.23792629395509	1.07957742012599	1.3962751677842	2.94599228583678e-51	73.5461933366493	TRUE	TRUE
"4172"	"MCM3"	0.939850045842014	0.0483778280333531	90.9483042161076	0.970083360875992	0.85526881826042	1.08489790349157	1.25765063713357e-59	86.4853682427611	TRUE	TRUE
"4201"	"MEA1"	0.652883221846822	0.0255721745479553	63.7379942868884	0.602071628095839	0.522256537966571	0.681886718225106	8.05250675715841e-48	62.2440164056757	TRUE	TRUE
"4255"	"MGMT"	-0.762634645975592	0.0464577354369775	86.6316937754467	-0.877403169892041	-0.979784580353718	-0.775021759430363	2.59079672295251e-61	77.7982454738962	TRUE	TRUE
"432"	"ASGR1"	-0.622313697795153	0.0202639460887176	0.00465383693383589	-0.622312808907704	-0.728273569820044	-0.516352047995363	1.58132646163945e-29	58.5995255011365	TRUE	TRUE
"435"	"ASL"	-0.734171753409324	0.0478856240792214	83.3728190205085	-0.595826612981915	-0.683554830227479	-0.508098395736351	4.99988722060768e-39	73.5268924956708	TRUE	TRUE
"445"	"ASS1"	-1.31712864693411	0.0328980491115953	85.238230664078	-1.12055839988415	-1.24377746851949	-0.997339331248813	7.22938392170759e-69	81.4978006167557	TRUE	TRUE
"4493"	"MT1E"	-1.96433762736185	0.0491047427774947	92.5522645788971	-2.12649911137745	-2.33047154505397	-1.92252667770094	3.68121259592278e-90	84.7254906596106	TRUE	TRUE
"4494"	"MT1F"	-3.20439781048559	0.0225884394824362	82.1428112377232	-3.0487222104896	-3.31007795143027	-2.78736646954894	1.21296983431132e-112	79.8233329450665	TRUE	TRUE
"4499"	"MT1M"	-3.45840215453283	0.0115802536922153	33.8495656369347	-3.50270808506701	-3.81741549142931	-3.18800067870471	1.44089009357752e-102	24.0484258484996	TRUE	TRUE
"4501"	"MT1X"	-2.62935018532037	0.0256649368834354	82.9272483709722	-2.50627686447642	-2.75527582782047	-2.25727790113237	4.04752538230158e-84	83.5519734145274	TRUE	TRUE
"4547"	"MTTP"	-1.19685429835727	0.0189508407128152	33.7181049778432	-1.17323168248991	-1.37002303592568	-0.976440329054144	2.21519286497755e-30	19.918992959673	TRUE	TRUE
"4616"	"GADD45B"	-1.09306222278845	0.0464818596675499	85.6961959535859	-1.20139428052292	-1.36964222321764	-1.0331463378282	5.38615247473903e-43	83.0094016126528	TRUE	TRUE
"4703"	"NEB"	0.706974242623122	0.0158016047388783	0.276873719932216	0.706991008739743	0.560276721818312	0.853705295661173	2.64104486488121e-20	0	TRUE	TRUE
"4758"	"NEU1"	0.978595181235468	0.0127759792996141	0	0.978595181235467	0.858371068031367	1.09881929443957	1.91692123283524e-55	0	TRUE	TRUE
"4783"	"NFIL3"	-0.610172365931913	0.025622457923278	49.1923964824653	-0.65119898765848	-0.777664170963155	-0.524733804353805	5.27839586366723e-23	45.1410162295318	TRUE	TRUE
"4860"	"PNP"	-0.743831389724769	0.0235541760066957	54.110776584097	-0.73638877627646	-0.848873542177017	-0.623904010375903	2.35577886898984e-36	50.7733015573313	TRUE	TRUE
"4897"	"NRCAM"	0.647553948623051	0.0127759792996141	0	0.647553948623051	0.49376633169563	0.801341565550472	8.55419929437617e-16	0	TRUE	TRUE
"5050"	"PAFAH1B3"	0.816991557246348	0.0416629427462599	59.3907341665831	0.808855194219722	0.6644999403605	0.953210448078943	5.3214412146172e-27	60.4277991028418	TRUE	TRUE
"50808"	"AK3"	-0.592692876044834	0.043171032547501	72.3838581161284	-0.655131992229973	-0.764516822368298	-0.545747162091647	1.18924976966744e-30	68.9860131386029	TRUE	TRUE
"51001"	"MTERF3"	0.609931400781456	0.0161863061638947	3.02129046013641	0.610296819625436	0.511795166188264	0.708798473062608	1.04525593152937e-32	0	TRUE	TRUE
"51018"	"RRP15"	0.701964701697754	0.0138847891656687	19.7115824199095	0.697478474148568	0.607909260115459	0.787047688181677	7.19933687241799e-51	1.57416385027598	TRUE	TRUE
"51026"	"GOLT1B"	0.736618286908892	0.0115802536922153	0	0.736618286908891	0.643772761605475	0.829463812212307	9.56121640541422e-53	0	TRUE	TRUE
"5105"	"PCK1"	-1.80518776938388	0.0244309271408705	45.5394622068535	-1.8049146195591	-2.04673901245593	-1.56309022666227	7.55214567987208e-47	63.1845486636987	TRUE	TRUE
"51066"	"SSUH2"	0.738657692805928	0.0493877979346011	71.4609776489488	0.633306668360668	0.490654287291365	0.775959049429972	2.01168083517568e-17	68.6990176710044	TRUE	TRUE
"51126"	"NAA20"	0.645394781643035	0.0326050821527862	84.158645028548	0.583317980990599	0.52024296418964	0.646392997791557	3.64554583737834e-71	74.6203276953589	FALSE	TRUE
"51155"	"JPT1"	0.790376954442073	0.0107256483335024	0.0233501008054106	0.790371532975884	0.708752489506042	0.871990576445727	6.42689091701122e-78	0	TRUE	TRUE
"51175"	"TUBE1"	-0.679201927597444	0.0416629427462599	82.7500237898568	-0.637519707033609	-0.716233525183326	-0.558805888883891	6.69046161678778e-55	80.1965888984775	TRUE	TRUE
"5118"	"PCOLCE"	-0.972999630717017	0.031543962323982	54.6371747940859	-1.00950096637084	-1.18672186192994	-0.832280070811743	7.32641363301884e-28	56.657483628225	TRUE	TRUE
"51192"	"CKLF"	0.785899215155587	0.0211488790393999	50.8567621532609	0.797042348777153	0.681653230430106	0.9124314671242	2.55817576404653e-40	47.6865226749766	TRUE	TRUE
"51266"	"CLEC1B"	-3.09195834918372	0.0107256483335024	0	-3.09195834918372	-3.2973156520697	-2.88660104629774	1.90857778145834e-187	0	TRUE	TRUE
"51302"	"CYP39A1"	-1.46231464165522	0.0453390502007312	91.0677347759437	-1.48948013556133	-1.63021167327736	-1.34874859784531	6.91329353802314e-93	81.4549009853724	TRUE	TRUE
"51312"	"SLC25A37"	-0.661389062134244	0.0181252972389415	37.6942739861053	-0.648905586750057	-0.737207325673594	-0.560603847826521	1.87626926614394e-45	39.104446035779	TRUE	TRUE
"51504"	"TRMT112"	0.669759646284521	0.0493404530146433	84.4355286525838	0.661012076494647	0.567914113875735	0.75411003911356	1.5746106710174e-42	81.0096438376324	TRUE	TRUE
"51506"	"UFC1"	0.78469618345431	0.0243463972657534	71.0762299364332	0.766936550125835	0.673441058911099	0.860432041340571	2.80932511480644e-56	73.6028092256795	TRUE	TRUE
"51520"	"LARS1"	0.612226053782501	0.0107256483335024	0	0.612226053782501	0.539923872543201	0.684528235021801	6.95875063463943e-60	0	TRUE	TRUE
"51629"	"SLC25A39"	0.687888339264492	0.0107256483335024	0	0.687888339264492	0.605324879731979	0.770451798797005	5.14806267738097e-58	0	TRUE	TRUE
"51660"	"MPC1"	-0.930131739390454	0.0107256483335024	0	-0.930131739390454	-1.04025152026324	-0.820011958517664	1.35420623944266e-59	0	TRUE	TRUE
"51678"	"PALS2"	0.635007502060884	0.0463054557231985	78.4360007771312	0.618137512153722	0.516832721377863	0.719442302929581	9.19891471234132e-32	77.3628487003866	TRUE	TRUE
"5174"	"PDZK1"	0.808034263842932	0.0223641102667666	54.106033686745	0.853530476341129	0.701751052366728	1.00530990031553	3.45615965644737e-27	51.9396347405025	TRUE	TRUE
"5342"	"PLGLB2"	-0.854252149275789	0.0386378144641048	68.6398026560432	-0.77867846967043	-0.88070340363581	-0.676653535705051	6.30154827170154e-49	69.2629970149715	TRUE	TRUE
"5345"	"SERPINF2"	-1.10609646378763	0.018880247642639	37.4276879571021	-1.13849858373835	-1.28353370535566	-0.993463462121033	1.14104776626725e-51	55.9183169013741	TRUE	TRUE
"5346"	"PLIN1"	-0.879829110239442	0.0459107749677009	80.0782606199589	-0.758853073733412	-0.876005341183931	-0.641700806282894	1.27286171145391e-35	79.7089170909924	TRUE	TRUE
"54102"	"CLIC6"	-0.718345305908593	0.0293205572719323	53.000196005671	-0.716296817787011	-0.847429412528873	-0.585164223045148	1.00182574884651e-25	51.782628390257	TRUE	TRUE
"54206"	"ERRFI1"	-1.12146140416682	0.0273100173143949	74.0469657162727	-1.06857832497384	-1.20750927630918	-0.92964737363851	1.1642353027331e-49	73.000923550322	TRUE	TRUE
"54463"	"RETREG1"	-1.08421507028959	0.018706817206495	0.00140748563122227	-1.08421378138993	-1.2168064939939	-0.951621068785972	6.20693319214469e-56	56.7204092740687	TRUE	TRUE
"54499"	"TMCO1"	0.645041987810784	0.0192060376209246	41.5769479973744	0.650202574364734	0.567850385454699	0.732554763274769	3.02826451664726e-52	44.079029435607	TRUE	TRUE
"54566"	"EPB41L4B"	-0.623040729203138	0.0192060376209246	36.2718672705236	-0.617801632646888	-0.69427984286599	-0.541323422427786	1.24242580680762e-54	46.4049392755144	TRUE	TRUE
"5476"	"CTSA"	0.70055492538819	0.0205243490286644	38.3763222463742	0.712899325362498	0.59024078839731	0.835557862327686	6.01426917299877e-29	29.2695617225842	TRUE	TRUE
"54825"	"CDHR2"	-2.0016848017123	0.023449081276361	84.8035966039866	-2.01255024472425	-2.18573869583526	-1.83936179361324	8.36648924760053e-112	84.4192709828039	TRUE	TRUE
"54855"	"TENT5C"	-0.725037938634136	0.0396847148496947	36.798536804795	-0.716447582922627	-0.870514567354795	-0.562380598490459	5.41003006178671e-19	46.7145267837668	TRUE	TRUE
"54908"	"SPDL1"	0.666309622222655	0.0292349644738128	85.1844998385478	0.63897992065472	0.572183687334104	0.705776153975336	4.50784867660395e-76	86.127778329595	TRUE	TRUE
"54923"	"LIME1"	-0.788276754796344	0.0162013228557696	0	-0.788276754796344	-0.944658235203639	-0.631895274389049	4.25690840868718e-22	0	TRUE	TRUE
"54981"	"NMRK1"	-0.706113457244554	0.0247419494648715	76.644260005393	-0.687543888911035	-0.768815450794573	-0.606272327027497	8.91955020377414e-60	77.693904278993	TRUE	TRUE
"55093"	"NTAQ1"	0.77601403897194	0.0336226816607828	81.8040810586581	0.655925695864942	0.566911504782475	0.744939886947409	1.07773025657878e-45	79.8003474987938	TRUE	TRUE
"55107"	"ANO1"	-0.986429810976533	0.0158964558365635	0	-0.986429810976535	-1.14319782701142	-0.829661794941646	1.08690771994888e-33	0	TRUE	TRUE
"55143"	"CDCA8"	0.685001641633629	0.0456540390504246	79.4351264672163	0.707849321957226	0.612020417883471	0.803678226030982	6.53087253591936e-46	73.0634950346369	TRUE	TRUE
"55157"	"DARS2"	0.689609587872744	0.0127759792996141	0	0.689609587872744	0.596299144762409	0.782920030983078	5.87035458709642e-46	0	TRUE	TRUE
"55165"	"CEP55"	0.996357167773312	0.015234192590746	0	0.996357167773311	0.863326218869347	1.12938811667728	3.66249349806594e-47	12.6204595138546	TRUE	TRUE
"55166"	"CENPQ"	0.60438804915192	0.0357497053944241	80.500126653257	0.524231715499423	0.450254489334158	0.598208941664687	2.26533090348087e-42	78.1698777471038	FALSE	TRUE
"55204"	"GOLPH3L"	0.696178197940218	0.0447931034539627	89.6704543550491	0.68730595498447	0.606680089502239	0.767931820466702	1.12158007819833e-60	86.9736628237872	TRUE	TRUE
"55214"	"P3H2"	-0.800037393037997	0.041123919423221	91.072879987693	-0.72361627592382	-0.801119713470061	-0.646112838377579	1.57813362290109e-72	89.4939638096883	TRUE	TRUE
"55215"	"FANCI"	0.724559160223221	0.0196395017563344	63.6511057169066	0.681162386324734	0.593150332389503	0.769174440259965	2.91043891659218e-50	63.0259549635989	TRUE	TRUE
"55244"	"SLC47A1"	-0.659228076105214	0.0485895324677512	44.559328748953	-0.635377869977527	-0.801502342449826	-0.469253397505227	3.03172672033922e-13	45.6828262958023	TRUE	TRUE
"55246"	"CCDC25"	-0.594829067747415	0.0189508407128152	16.1255299140829	-0.591605489828013	-0.695645156285403	-0.487565823370623	9.05968940463735e-28	8.44262163580728	TRUE	TRUE
"55256"	"ADI1"	-0.597318446868208	0.0427424242886628	59.7496135766782	-0.575492015924654	-0.699694205934657	-0.451289825914651	7.25192489607014e-19	57.2234117196035	FALSE	TRUE
"55299"	"BRIX1"	0.587729375364791	0.0107256483335024	0	0.587729375364791	0.502833985288077	0.672624765441505	1.7123476361737e-40	0	TRUE	TRUE
"55337"	"SHFL"	-0.843427298991881	0.0305679559760907	71.3269271942113	-0.806658456808714	-0.91937767314555	-0.693939240471878	3.53356803797491e-43	64.7897505650201	TRUE	TRUE
"55353"	"LAPTM4B"	1.39267473645742	0.0211921626739346	54.2742366102113	1.379560945555	1.17393927604634	1.58518261506365	4.09252561811291e-38	50.3799961120969	TRUE	TRUE
"55355"	"HJURP"	1.01441989888514	0.0193055366359518	58.5035746861878	0.987715910039076	0.883947133394877	1.09148468668328	2.44417504570841e-75	54.8610916635898	TRUE	TRUE
"55502"	"HES6"	0.637139837490428	0.0245956291512756	61.0515688435164	0.674106624142672	0.562177291304544	0.786035956980801	5.61088530660928e-31	60.098568677196	TRUE	TRUE
"55526"	"DHTKD1"	-0.683853366313665	0.0427180675803318	54.0440302827856	-0.632517747585617	-0.760031600664315	-0.505003894506918	1.93214993078251e-21	55.2084645244948	TRUE	TRUE
"55536"	"CDCA7L"	0.585872498656682	0.0247451903331154	46.7909339263663	0.539145070160192	0.446759753865542	0.631530386454842	3.58774054722109e-29	41.1958707941091	FALSE	TRUE
"55576"	"STAB2"	-1.3895747478662	0.0441632097174627	94.9968888574502	-1.4163498657536	-1.5166997218691	-1.3160000096381	8.67313346543842e-165	89.4907684500353	TRUE	TRUE
"55638"	"SYBU"	-0.699552930707679	0.0363612455553973	41.0755201225037	-0.690025293576547	-0.859514102174316	-0.520536484978777	7.59206307548967e-15	35.3366694082553	TRUE	TRUE
"55651"	"NHP2"	0.774181886892765	0.0162013228557696	39.9051479344058	0.763865040946266	0.67864486765441	0.849085214238121	5.92215916843568e-67	42.6913323114991	TRUE	TRUE
"55656"	"INTS8"	0.721719036128967	0.0344372248974622	79.2103382837182	0.620570004783554	0.525093011772355	0.716046997794753	7.44937410490156e-36	81.6735588112511	TRUE	TRUE
"55732"	"FIRRM"	0.710514150160129	0.0464577354369775	77.8406139351815	0.656720176726338	0.545583142693034	0.767857210759643	7.1135202491998e-30	72.3132448121403	TRUE	TRUE
"558"	"AXL"	-0.663996336227251	0.0162013228557696	21.6106605835271	-0.666213866299401	-0.769922002464098	-0.562505730134705	4.60861805177062e-35	34.9776388130852	TRUE	TRUE
"55872"	"PBK"	1.59494432765231	0.0430029439408911	89.6375930923852	1.37723266483266	1.21959073609928	1.53487459356604	1.12984554426977e-63	87.6274306341711	TRUE	TRUE
"55971"	"BAIAP2L1"	0.636107911824326	0.0285543725463636	35.3593595560856	0.643385914532361	0.501090693998644	0.785681135066077	5.01036948567622e-18	29.667379981212	TRUE	TRUE
"55974"	"SLC50A1"	0.730725258807967	0.0115802536922153	0	0.730725258807966	0.618679524167558	0.842770993448374	4.34438897114582e-36	0	TRUE	TRUE
"56521"	"DNAJC12"	-0.977458029504112	0.0196395017563344	59.3649245208688	-1.06613741582717	-1.20870431509372	-0.923570516560611	5.04170429069391e-47	53.4129655648212	TRUE	TRUE
"56892"	"TCIM"	-1.9050010725229	0.0107256483335024	0	-1.9050010725229	-2.1121661241332	-1.69783602091261	2.21345942685715e-70	0	TRUE	TRUE
"5710"	"PSMD4"	0.762516971094027	0.0361588269628663	87.1379072433379	0.846964754086494	0.755118691859809	0.93881081631318	8.97220861906847e-71	81.1936484562711	TRUE	TRUE
"57149"	"LYRM1"	-0.699371459872506	0.0381589527724517	63.059492726938	-0.724475256607134	-0.829674127253471	-0.619276385960796	4.32172877123783e-40	66.2770005115846	TRUE	TRUE
"57211"	"ADGRG6"	-0.766968385447535	0.0107256483335024	0	-0.766968385447535	-0.894955917964703	-0.638980852930366	1.10663358606274e-30	0	TRUE	TRUE
"57393"	"CLTRN"	-2.22703058847909	0.0468643619209187	93.7510776390531	-1.72418503603512	-1.9079900030331	-1.54038006903713	3.30567033285021e-73	92.0999166490124	TRUE	TRUE
"57406"	"ABHD6"	-0.744159262239815	0.0387552161541325	69.6892787798394	-0.706062525927648	-0.820253116982136	-0.59187193487316	1.40164633276578e-32	71.589877422673	TRUE	TRUE
"5743"	"PTGS2"	-0.822569129807872	0.0484164484289692	85.3669958190791	-0.862766451673576	-0.983643291042656	-0.741889612304495	5.83769122718462e-43	78.0236059262515	TRUE	TRUE
"5745"	"PTH1R"	-1.25856254756091	0.0127759792996141	27.4555677869138	-1.26281724170182	-1.36784359121977	-1.15779089218387	1.53162526108277e-119	41.9907497254009	TRUE	TRUE
"57510"	"XPO5"	0.661320435274325	0.0319850876572599	76.1035603337089	0.646907369088706	0.565897702365199	0.727917035812214	1.998909720529e-53	75.3547877099396	TRUE	TRUE
"57600"	"FNIP2"	-0.69264250154225	0.0385143951760701	59.3593814602423	-0.633674371309681	-0.728209342545592	-0.53913940007377	4.76766075346679e-38	60.0120965198919	TRUE	TRUE
"57643"	"ZSWIM5"	0.61192020480788	0.0336511556390817	78.5919332000106	0.571402427524343	0.476635341203819	0.666169513844867	4.79338490232011e-31	75.310482992023	FALSE	TRUE
"57648"	"NHSL3"	0.587046190386111	0.0127759792996141	0	0.587046190386111	0.49720490157491	0.676887479197311	3.18856698951492e-36	0	TRUE	TRUE
"57688"	"ZSWIM6"	-0.688546932983465	0.0194456570264658	51.865352624654	-0.66819476945805	-0.769026223270451	-0.567363315645648	3.23886258275409e-37	49.5604396652696	TRUE	TRUE
"57819"	"LSM2"	0.661336903184431	0.023679601394082	79.4765832541784	0.66249484377892	0.582451732639657	0.742537954918183	2.90398146041263e-57	74.4093522353315	TRUE	TRUE
"58478"	"ENOPH1"	0.604299239537235	0.0115802536922153	0	0.604299239537236	0.511864456713576	0.696734022360895	2.94288362864907e-36	0	TRUE	TRUE
"58528"	"RRAGD"	0.962006594554004	0.0115185784804488	0	0.962006594554005	0.801902415350246	1.12211077375776	7.70346737026151e-31	0	TRUE	TRUE
"5860"	"QDPR"	-0.667815668334347	0.0192060376209246	9.08387155002267	-0.668178863865323	-0.786928646903052	-0.549429080827594	3.22773215386754e-27	44.1338118968876	TRUE	TRUE
"5931"	"RBBP7"	0.586457946810898	0.0443577079863043	81.5824657806159	0.607926036962453	0.516523891853978	0.699328182070927	1.77183382601878e-37	73.956238564015	TRUE	TRUE
"59349"	"KLHL12"	0.621507465947563	0.040507193582482	81.4683512821289	0.673008780500903	0.591466020543731	0.754551540458075	5.96083326588682e-57	81.2461436585847	TRUE	TRUE
"5993"	"RFX5"	0.636224316933827	0.027263654433374	74.1274837803629	0.644954112674011	0.573601617901434	0.716306607446587	4.58553159541225e-68	70.4242898435428	TRUE	TRUE
"6132"	"RPL8"	0.652959788951495	0.0426826714619783	86.2993768009087	0.671697673157014	0.584703501838159	0.758691844475868	4.92973801684522e-50	78.9329893084718	TRUE	TRUE
"6156"	"RPL30"	0.717638530283282	0.0476676150152322	87.931156590569	0.603428119295026	0.525103893353689	0.681752345236363	8.00477123669577e-50	85.1899503511238	TRUE	TRUE
"6175"	"RPLP0"	0.641886999703667	0.0274914546197221	82.2652524308447	0.609773761853741	0.53416316093255	0.685384362774931	1.85530401692182e-54	81.6985856859569	TRUE	TRUE
"6227"	"RPS21"	0.858512021526757	0.0115802536922153	0	0.858512021526757	0.752385856629016	0.964638186424498	8.94268269091486e-55	0	TRUE	TRUE
"6296"	"ACSM3"	-1.39935184662258	0.0289092504517092	73.7909174305991	-1.28316857424054	-1.43429625812294	-1.13204089035815	3.313102460781e-60	66.7003110238833	TRUE	TRUE
"6303"	"SAT1"	-0.589452475647762	0.0162013228557696	0	-0.589452475647762	-0.695769375200662	-0.483135576094861	1.83121256321036e-26	0	TRUE	TRUE
"6309"	"SC5D"	-0.703332375281895	0.0371188005555073	63.1306491148401	-0.636142580685557	-0.760290717292615	-0.511994444078498	8.59737939270288e-23	64.9612939244274	TRUE	TRUE
"6347"	"CCL2"	-1.13490660492001	0.0335358574938648	64.4075976356847	-1.14874936590213	-1.36664999761652	-0.930848734187737	4.70906904602906e-24	60.9688691137641	TRUE	TRUE
"6387"	"CXCL12"	-1.68873938762702	0.036600572588331	88.663666409259	-1.64774918812042	-1.82596509410721	-1.46953328213363	3.90302665538068e-71	80.870355952063	TRUE	TRUE
"64151"	"NCAPG"	1.57330440894971	0.024804943569186	68.780679416422	1.61521303591447	1.44870522551128	1.78172084631767	3.47460279023908e-78	61.8776014446584	TRUE	TRUE
"6425"	"SFRP5"	-0.587605163798635	0.0488545063281813	82.4406830275778	-0.622929797324148	-0.712517303800585	-0.533342290847711	7.76710440959359e-41	74.8794915015863	TRUE	TRUE
"642946"	"FLVCR1-DT"	0.753657650113627	0.02933888309067	66.6227743000329	0.749058238341244	0.640409471812941	0.857707004869547	3.56879497901159e-40	65.381557779382	TRUE	TRUE
"6447"	"SCG5"	-0.703696929747633	0.02933888309067	28.6894730277442	-0.676979357084463	-0.830646751350385	-0.52331196281854	3.55690568535344e-17	25.6470830706688	TRUE	TRUE
"64651"	"CSRNP1"	-1.51764279278949	0.0250186030384493	69.7071930728243	-1.54850327157052	-1.71299612960063	-1.38401041354042	1.03499988538602e-73	67.9071143274768	TRUE	TRUE
"646962"	"HRCT1"	0.762991524599011	0.0440444050785244	66.2656778852887	0.780711649028889	0.63469099783477	0.926732300223008	1.06091500200579e-24	60.0154149691737	TRUE	TRUE
"64757"	"MTARC1"	-0.671208034205752	0.0484164484289692	43.1325505728312	-0.678514033530083	-0.832945290866918	-0.524082776193249	4.32374011405583e-17	49.8453931998698	TRUE	TRUE
"64785"	"GINS3"	0.608118450406104	0.0229797701361633	53.1274374773929	0.610268611850248	0.521603148527397	0.6989340751731	4.77951181234574e-40	54.8813109992982	TRUE	TRUE
"64838"	"FNDC4"	-0.730863721103537	0.0381222320264405	79.3153634537031	-0.750532249300465	-0.872435997296705	-0.628628501304224	2.58778266797846e-32	76.1650745076965	TRUE	TRUE
"6491"	"STIL"	0.769678739400276	0.0361584317261305	82.8315485307023	0.72979188623856	0.650762131624783	0.808821640852336	5.74284730316692e-71	77.76618284522	TRUE	TRUE
"65062"	"TMEM237"	0.748977946075405	0.0235541760066957	60.5205985643628	0.774028564754239	0.679079290556507	0.868977838951971	1.32514988058604e-55	57.0647748229553	TRUE	TRUE
"65265"	"C8orf33"	0.910760759971173	0.0167986338784165	39.5752386002209	0.921344856275741	0.807388610260887	1.03530110229059	1.01615753992564e-54	37.8777219873825	TRUE	TRUE
"6631"	"SNRPC"	0.598008536718803	0.0204871019546206	61.6993675493755	0.631505582746275	0.55718031930297	0.70583084618958	2.76139059512701e-60	62.0454909516042	TRUE	TRUE
"6694"	"SPP2"	-1.71692805258778	0.0463054557231985	68.7791841763828	-1.75776471719116	-2.06653956724904	-1.44898986713328	7.91206810217025e-28	63.099453547009	TRUE	TRUE
"6716"	"SRD5A2"	-1.66295981527771	0.0386345738477152	86.4107713724809	-1.72428517155443	-1.89637730609558	-1.55219303701328	2.26209697192861e-83	71.5215399771062	TRUE	TRUE
"6781"	"STC1"	0.590796914280522	0.0428873301537611	72.8869671053078	0.5793843536123	0.460279058092614	0.698489649131985	1.14867820636077e-20	68.5582982567665	FALSE	TRUE
"6790"	"AURKA"	1.25889195207095	0.0331473260826734	82.920727834167	1.31693740426526	1.18578751457241	1.44808729395812	1.00455607921789e-83	81.3347053397812	TRUE	TRUE
"6799"	"SULT1A2"	-0.817484540689917	0.0285465565587813	78.6749158524445	-0.746725194417093	-0.848168904091847	-0.645281484742339	1.33645778605271e-45	71.9079539751386	TRUE	TRUE
"6894"	"TARBP1"	0.724594009570682	0.0349840707460782	82.9819301609937	0.798502736679333	0.704577233332016	0.892428240026649	2.36179623466014e-60	73.7055833834991	TRUE	TRUE
"6898"	"TAT"	-1.66731446442575	0.0415815036139529	76.32147090231	-1.76945965132796	-2.03215728806256	-1.50676201459337	2.0782121337501e-38	69.9293287491166	TRUE	TRUE
"6905"	"TBCE"	0.850644513700247	0.0366921601815725	86.6437024441317	0.871970041142007	0.773235881846448	0.970704200437565	5.00072469221387e-65	79.7418113113899	TRUE	TRUE
"6913"	"TBX15"	-1.02648636651222	0.0329584701409357	60.4517978999938	-0.99336341151528	-1.17165998588811	-0.815066837142452	1.03619413038929e-26	58.0728590159163	TRUE	TRUE
"6921"	"ELOC"	0.784950688503773	0.0110207519530077	0	0.784950688503773	0.675590904555402	0.894310472452144	1.97968433503287e-43	0	TRUE	TRUE
"6944"	"VPS72"	0.826854428790854	0.0265892017403729	76.2961938641536	0.721939815584583	0.637328279942853	0.806551351226313	8.7348255114277e-61	72.9423875659038	TRUE	TRUE
"7010"	"TEK"	-0.587537377739463	0.044910438205593	84.5319454066991	-0.595051666872175	-0.686678274788703	-0.503425058955648	8.46579543235951e-36	80.8698904640188	TRUE	TRUE
"7057"	"THBS1"	-0.791375180107484	0.0407522433763736	67.2145251892011	-0.868611418971926	-1.04143806316172	-0.69578477478213	5.62790558366355e-22	65.9934566693716	TRUE	TRUE
"714"	"C1QC"	-0.702156886487835	0.0386690957685092	36.4953744812023	-0.701712358445471	-0.884061600703902	-0.519363116187039	2.15935239837733e-13	34.5074675616922	TRUE	TRUE
"730"	"C7"	-2.18664894795179	0.0363612455553973	87.9465470678932	-2.30459743798393	-2.5587103757009	-2.05048450026695	1.66641205430961e-68	81.3824989102179	TRUE	TRUE
"7429"	"VIL1"	0.613510247032336	0.0197605699195567	0	0.613510247032336	0.438666394731098	0.788354099333574	2.47599303781111e-11	0	TRUE	TRUE
"7443"	"VRK1"	0.617139939681817	0.0336603279292309	80.133945135947	0.586725702211094	0.50824728961982	0.665204114802369	5.3114836100003e-47	67.1592447212519	TRUE	TRUE
"7538"	"ZFP36"	-0.926962470197331	0.037725974171769	78.9195087099128	-1.0185573981652	-1.16846034053434	-0.868654455796054	4.64189558540635e-39	72.7718755502972	TRUE	TRUE
"7764"	"ZNF217"	0.603953013036935	0.0342233295263454	67.7413386729725	0.677047374579023	0.582651866565043	0.771442882593002	2.27193683980753e-43	56.9865188671632	TRUE	TRUE
"7802"	"DNALI1"	-0.625590517028958	0.0468145672485796	82.0911061676796	-0.638265008586	-0.749151445728959	-0.52737857144304	2.03929538325935e-28	82.5304361968356	TRUE	TRUE
"7873"	"MANF"	0.752447696264514	0.0266651810017218	55.4300110961699	0.785001184448587	0.653575491693244	0.916426877203929	1.7189655657676e-30	55.2210994056608	TRUE	TRUE
"78989"	"COLEC11"	-1.10998028202925	0.0304834200669758	67.9828390454491	-1.02706535767708	-1.18683844170975	-0.867292273644402	4.17789875990978e-35	63.5838773245118	TRUE	TRUE
"79019"	"CENPM"	0.755749297614981	0.0127759792996141	0	0.75574929761498	0.65217044668296	0.859328148547001	7.79549751156334e-45	0	TRUE	TRUE
"79022"	"TMEM106C"	0.797697668548606	0.0166669859421557	30.8402973443039	0.797069883254135	0.684676929750339	0.909462836757931	1.96307360602078e-42	22.9036574736473	TRUE	TRUE
"79023"	"NUP37"	0.646616037452751	0.0416629427462599	86.2199205091413	0.680002319462373	0.602786684411651	0.757217954513096	1.14398414373541e-64	81.7402276454291	TRUE	TRUE
"79035"	"NABP2"	0.615502845108216	0.0192060376209246	55.3451211351583	0.617317882952543	0.535594321504342	0.699041444400744	6.00647474375269e-48	54.3394607986652	TRUE	TRUE
"79080"	"CCDC86"	0.604123894517019	0.0305563824122931	63.0955361795364	0.572747748785871	0.480699456870479	0.664796040701264	5.6449228676084e-33	60.233541401315	FALSE	TRUE
"79183"	"TTPAL"	-0.748533909451777	0.0204871019546206	31.2100282153984	-0.737273190628817	-0.862776979856176	-0.611769401401458	1.53204459958951e-29	30.3644861476574	TRUE	TRUE
"79573"	"TTC13"	0.595579429496864	0.0385018662795669	86.8276078555937	0.525041910257768	0.461023932772147	0.589059887743389	2.92860131193981e-56	79.720381620681	FALSE	TRUE
"79658"	"ARHGAP10"	-0.988179285806172	0.0359820083347659	86.3613223388932	-0.998784111941869	-1.10918068628142	-0.888387537602315	3.49619893352285e-68	87.1228304664713	TRUE	TRUE
"79696"	"ZC2HC1C"	-0.616737899258808	0.0409158146004522	82.9735150481367	-0.588020857771336	-0.666095050868582	-0.50994666467409	1.12287265398041e-47	83.7675459923485	TRUE	TRUE
"79720"	"VPS37B"	-0.621133147275241	0.0192060376209246	0.021408631276203	-0.621132234781896	-0.726870099004278	-0.515394370559514	1.5394085396102e-29	21.9744502252717	TRUE	TRUE
"79974"	"CPED1"	-1.16858537980743	0.0427180675803318	92.354833948573	-1.00631410847694	-1.10998736951746	-0.902640847436419	2.81018555355733e-78	92.909210532818	TRUE	TRUE
"80303"	"EFHD1"	-0.761076781628179	0.0365893453404837	41.3033263604236	-0.725866937391505	-0.924104006109865	-0.527629868673145	3.08568580530237e-12	37.2978376720756	TRUE	TRUE
"80345"	"ZSCAN16"	0.614104282360982	0.0211977861384155	61.1235168311625	0.577546643450198	0.496594349045947	0.658498937854448	6.35707243115473e-43	62.4373464567795	FALSE	TRUE
"80765"	"STARD5"	-0.918527281342802	0.0348493189287085	85.3795397296744	-0.776517504572277	-0.866621863831215	-0.686413145313339	5.3364582394862e-62	76.3435816385605	TRUE	TRUE
"81609"	"SNX27"	0.638703682656331	0.0346319832157106	83.0875797171022	0.67741281884724	0.60357456076363	0.751251076930849	4.61389872683556e-70	77.629097777109	TRUE	TRUE
"81610"	"FAM83D"	1.58892448083366	0.0239924629733819	76.3993069276866	1.50162763020976	1.3529272700578	1.65032799036172	1.16924910385722e-84	70.7522682401184	TRUE	TRUE
"81691"	"REXO5"	0.612057028194709	0.0201881519180196	35.1704009549515	0.619365676284634	0.529706201554996	0.709025151014271	2.52769633141799e-40	40.6372373893057	TRUE	TRUE
"8317"	"CDC7"	0.731432334192959	0.0468120451304627	83.5188474353642	0.611517715461167	0.515900846410496	0.707134584511837	9.17256483558114e-35	81.251204781171	TRUE	TRUE
"8318"	"CDC45"	1.01356862122313	0.03284577080165	84.3044995483418	0.974538342320758	0.859825865485919	1.0892508191556	2.84060561165514e-60	84.6685879726708	TRUE	TRUE
"8334"	"H2AC6"	0.787431335269511	0.0319850876572599	44.8414925683676	0.781479834449486	0.628611076939287	0.934348591959684	1.08337689171859e-22	46.3756065977094	TRUE	TRUE
"83643"	"CCDC3"	-0.731106855078824	0.0480643462758048	73.3756404558053	-0.734585020175487	-0.865507541197563	-0.603662499153411	4.52522005374003e-27	67.5645329565039	TRUE	TRUE
"8365"	"H4C8"	0.755961352822337	0.032724962635739	63.1719125102193	0.740831757675008	0.625796949259027	0.85586656609099	3.15053335293906e-35	62.758930975811	TRUE	TRUE
"84134"	"TOMM40L"	0.796195470895499	0.0438971099026453	90.3594824070023	0.618750342231383	0.551171298893461	0.686329385569304	8.49395181182271e-70	81.0557552949852	TRUE	TRUE
"84141"	"EVA1A"	-0.778838715146136	0.0158964558365635	0	-0.778838715146137	-0.924170128821249	-0.633507301471025	8.27288706668825e-25	0	TRUE	TRUE
"84306"	"PDCD2L"	0.84453368300318	0.0219971291252141	55.7477239744662	0.793092734709077	0.697560343592759	0.888625125825396	1.31421946514837e-57	58.127838866774	TRUE	TRUE
"8443"	"GNPAT"	0.729416115953798	0.0192060376209246	53.3020079954445	0.761815635734409	0.673504581824464	0.850126689644354	4.08951904542965e-62	53.5462102876092	TRUE	TRUE
"84450"	"ZNF512"	0.611850159972573	0.0226740972051733	56.3453007285424	0.602598422868779	0.523924323024529	0.681272522713028	2.9005040048229e-49	54.1525184845642	TRUE	TRUE
"84457"	"PHYHIPL"	0.748385886602203	0.0297111503173376	39.9136994956365	0.722859503313606	0.59947849864045	0.846240507986761	2.16758401834736e-29	45.8804983709284	TRUE	TRUE
"84619"	"ZGPAT"	-1.62605520107251	0.0287588565772375	88.6862913910732	-1.43117527024507	-1.56069378807273	-1.3016567524174	3.84931184963949e-101	87.4896370973247	TRUE	TRUE
"84706"	"GPT2"	-1.38050050477162	0.0202537951366368	50.4593309483599	-1.33460725238536	-1.52244613490789	-1.14676836986283	1.38436566236076e-42	48.8511823729076	TRUE	TRUE
"84790"	"TUBA1C"	0.950372288827705	0.0262373322192413	74.7478253298689	0.924803451129937	0.807157513111232	1.04244938914864	8.25602194798108e-52	78.0338517736996	TRUE	TRUE
"84803"	"GPAT3"	-0.965323562307891	0.011581481292176	0	-0.965323562307892	-1.12286790111552	-0.807779223500269	5.12414519771544e-32	0	TRUE	TRUE
"84836"	"ABHD14B"	-0.736171904354579	0.0162366345970167	29.7995984736449	-0.729728292334448	-0.829023063843635	-0.630433520825261	1.86002258377789e-45	22.7773406312229	TRUE	TRUE
"84869"	"CBR4"	-0.918447706021503	0.0284303245428039	78.5470723778237	-0.904011375492377	-1.01378817963516	-0.794234571349592	1.05269259881838e-56	80.5127036355155	TRUE	TRUE
"84870"	"RSPO3"	-1.3664615286645	0.0285543725463636	88.8096083228509	-1.12432289757037	-1.22902693364647	-1.01961886149426	1.3830688583658e-95	90.0795183863325	TRUE	TRUE
"84873"	"ADGRG7"	-1.58894256485326	0.0245956291512756	83.8449414707633	-1.42097820898523	-1.55776744044751	-1.28418897752296	1.56720457343915e-89	81.8202353153672	TRUE	TRUE
"84879"	"MFSD2A"	-1.29574681698132	0.0186947600647271	0.0263381975183472	-1.29573696018705	-1.45285535887975	-1.13861856149435	7.3120850701291e-57	57.2226661263789	TRUE	TRUE
"84886"	"C1orf198"	0.591456392269675	0.0158964558365635	0	0.591456392269675	0.473388545157395	0.709524239381955	7.67812397647821e-22	0	TRUE	TRUE
"84928"	"TMEM209"	0.615073615373159	0.0290835767218815	75.4324503922467	0.589945564790022	0.510268995176677	0.669622134403368	4.05064103904912e-46	73.8460894983631	TRUE	TRUE
"84933"	"C8orf76"	0.682594614483162	0.0202537951366368	35.953705297721	0.652578195008899	0.542948448648112	0.762207941369687	2.72327829270902e-30	28.3845613357246	TRUE	TRUE
"84988"	"PPP1R16A"	0.64241938081857	0.0319850876572599	68.1344894265677	0.653262770474422	0.530247529948789	0.776278011000055	2.18958744340606e-24	71.0969726799815	TRUE	TRUE
"85236"	"H2BC12"	0.758908880639068	0.0250871842165154	21.7573894513935	0.757869904960663	0.635279898777364	0.880459911143963	1.43569245690563e-32	46.9678578724386	TRUE	TRUE
"8547"	"FCN3"	-2.82957207949223	0.0387552161541325	93.8030108275695	-3.3475131827604	-3.59960365916861	-3.09542270635219	7.42858727949187e-146	87.3839023987717	TRUE	TRUE
"86"	"ACTL6A"	0.649919234729524	0.03284577080165	81.3240497826734	0.651431470989908	0.568620438319576	0.73424250366024	7.03736821093682e-52	75.3275423652111	TRUE	TRUE
"8608"	"RDH16"	-2.07466162682918	0.0160917557752165	31.805581865625	-2.06374466114273	-2.32778931700945	-1.79970000527602	3.0935727049232e-51	26.6218165437254	TRUE	TRUE
"8631"	"SKAP1"	-0.950647591317242	0.0189508407128152	49.3915313532484	-0.912826696535969	-1.04301059158884	-0.782642801483096	1.65613464157758e-41	44.1624478948454	TRUE	TRUE
"8644"	"AKR1C3"	1.40401742418004	0.0115802536922153	18.8602545700743	1.40869939387599	1.26251913152197	1.55487965623	3.53461921624897e-77	6.81268158476106	TRUE	TRUE
"8655"	"DYNLL1"	0.771267794443017	0.0294523728326812	66.614107167751	0.75756068226745	0.661331230450355	0.853790134084545	5.94833401802763e-52	66.8442502445392	TRUE	TRUE
"8667"	"EIF3H"	0.656294807835636	0.0243463972657534	31.673092259172	0.641265261396993	0.537822725994436	0.74470779679955	9.68029035217473e-33	44.3293249464631	TRUE	TRUE
"8682"	"PEA15"	0.848203964055517	0.0417163733974418	83.7846061410276	0.913199195519079	0.799028588558169	1.02736980247999	1.36748837716967e-53	73.153899418211	TRUE	TRUE
"8685"	"MARCO"	-1.9149730548817	0.0365036634489246	91.2072720155092	-1.82214414878497	-1.97674876378967	-1.66753953378028	6.93715421604069e-115	82.9328938131111	TRUE	TRUE
"875"	"CBS"	-0.845553526480472	0.0447030833663977	56.6225997754312	-0.869239265934567	-1.04331540463038	-0.695163127238753	1.03925957670978e-21	59.6993454945738	TRUE	TRUE
"8809"	"IL18R1"	-0.613150884253098	0.0417160698376938	82.1524437586019	-0.590499261242078	-0.673585620004931	-0.507412902479225	1.31824796023067e-42	75.6837948232475	TRUE	TRUE
"8835"	"SOCS2"	-1.26343006687318	0.0487073581170946	85.9103922502665	-1.38971614460917	-1.57549152048335	-1.20394076873499	4.72748134376227e-47	79.952977133114	TRUE	TRUE
"8872"	"CDC123"	0.721285736831537	0.0115802536922153	0	0.721285736831537	0.627760370431325	0.814811103231749	6.35248160568773e-50	0	TRUE	TRUE
"8910"	"SGCE"	0.822414031821415	0.0232306369190073	0.369421674852318	0.822576938563734	0.608599634861077	1.03655424226639	2.28434014068247e-13	16.2579980846113	TRUE	TRUE
"9055"	"PRC1"	1.71855036072393	0.0417163733974418	92.3369619385968	1.88771539989684	1.71498416020826	2.06044663958542	5.59501325967197e-99	85.5659373329331	TRUE	TRUE
"90634"	"N4BP2L1"	-0.640803631975571	0.0287627514851275	62.8159876520352	-0.646985720368238	-0.731628771336021	-0.562342669400455	4.54255073751536e-49	65.082889401967	TRUE	TRUE
"90864"	"SPSB3"	-0.666512140640604	0.0230194341631006	63.7977553252994	-0.633596203540545	-0.724803625326931	-0.542388781754159	9.18662962309952e-41	65.6046368773385	TRUE	TRUE
"91057"	"CCDC34"	0.673769729142434	0.0115802536922153	0	0.673769729142434	0.59571842524037	0.751821033044498	3.40098486331813e-62	0	TRUE	TRUE
"91404"	"SESTD1"	0.749697053968083	0.0209406253762991	64.9730884708962	0.703863490232307	0.607733721548706	0.799993258915908	3.91451510214549e-45	70.4913852487291	TRUE	TRUE
"9232"	"PTTG1"	1.620115360275	0.0162366345970167	56.9328201080576	1.52803215815137	1.38724727259727	1.66881704370547	1.25194006067205e-97	57.0621812298508	TRUE	TRUE
"92840"	"REEP6"	-0.938662779586642	0.0205180395093244	0.00463815311836524	-0.938657841651786	-1.12272660643963	-0.754589076863937	1.37716312945524e-22	12.222563999943	TRUE	TRUE
"929"	"CD14"	-1.15236810445799	0.0307657778240864	72.7899417558871	-1.21790251986813	-1.3876314822971	-1.04817355743916	2.09544165106069e-43	65.1089870999609	TRUE	TRUE
"92912"	"UBE2Q2"	0.677866563077852	0.0361588269628663	51.9103601848198	0.611213276099599	0.45774472074437	0.764681831454827	2.93163097997549e-14	50.8719802506063	TRUE	TRUE
"93594"	"TBC1D31"	0.643666831251403	0.0443988379115687	82.4087958659888	0.69768740671043	0.612887407725708	0.782487405695151	1.3259575297902e-56	77.6787666885887	TRUE	TRUE
"9506"	"PAGE4"	1.067609529849	0.048970878426227	42.9081272115853	1.04071773823019	0.724922379267035	1.35651309719334	3.92329640475505e-10	37.1343571315324	TRUE	TRUE
"9510"	"ADAMTS1"	-0.64355756699782	0.019337320127881	0.00351853521419247	-0.64355958952764	-0.7871488901502	-0.499970288905079	9.83409437119872e-18	22.6981506883092	TRUE	TRUE
"9719"	"ADAMTSL2"	-1.37032210959132	0.0270694017806083	71.5046365185106	-1.27092607475553	-1.4444304887853	-1.09742166072576	3.60898174216263e-45	70.9209555770331	TRUE	TRUE
"9761"	"MLEC"	0.588682210733195	0.0240086055561741	45.9275624138869	0.598663398223882	0.493308749126767	0.704018047320997	9.83695381877703e-28	40.1024254076291	TRUE	TRUE
"9775"	"EIF4A3"	0.597178837759451	0.0164663033173916	32.5182371774029	0.587370611501214	0.504536692329293	0.670204530673135	2.00696614056628e-42	23.5604984674131	TRUE	TRUE
"9787"	"DLGAP5"	1.26500438505643	0.0365211576818992	88.2737740441367	1.09070268698158	0.969822580898972	1.2115827930642	7.80437900692171e-68	86.0854346686195	TRUE	TRUE
"9793"	"CKAP5"	0.708877065008255	0.0115802536922153	0.0232749697065079	0.708869975399534	0.637819097880401	0.779920852918666	1.1282559884046e-82	20.1200443119477	TRUE	TRUE
"9804"	"TOMM20"	0.6091920162121	0.0474343362810507	85.8211794782853	0.678920225479367	0.588720951910327	0.769119499048408	1.27994938004991e-47	82.2130082378621	TRUE	TRUE
"983"	"CDK1"	1.13088897007916	0.0450812447705729	91.6678589705553	0.849872629009125	0.746790959357882	0.952954298660368	7.81411158671946e-57	91.9534277951588	TRUE	TRUE
"9833"	"MELK"	1.11319743215957	0.0438971099026453	94.177244209384	0.951202281020876	0.845922608020177	1.05648195402157	5.18309627554577e-68	94.5187601479703	TRUE	TRUE
"9881"	"TRANK1"	-0.589169053791105	0.0484184122312727	84.0134693479138	-0.530824350632338	-0.612542036001526	-0.449106665263151	8.17079584158977e-36	79.0208799966633	FALSE	TRUE
"9897"	"WASHC5"	0.979393177553494	0.0173036601171592	44.3663664795679	0.98973213317648	0.863800199778008	1.11566406657495	8.65016207496641e-52	39.3875064000224	TRUE	TRUE
"9918"	"NCAPD2"	0.820621369357762	0.0127759792996141	0.00064953366949245	0.820621499947972	0.71141569218209	0.929827307713854	1.81912274727257e-47	0	TRUE	TRUE
"9920"	"KBTBD11"	-1.94440749823926	0.0245956291512756	86.2508083755868	-1.87131898087997	-2.037269144991	-1.70536881676895	2.89185073208815e-105	88.8281700276221	TRUE	TRUE
"9928"	"KIF14"	0.839800020287221	0.0374556981731515	88.1452509770575	0.645645116780056	0.566706928865184	0.724583304694929	5.8337252794693e-56	84.9422994683869	TRUE	TRUE
"994"	"CDC25B"	0.605471944570272	0.0375669709214474	69.1030020384912	0.678498708128888	0.563900646283716	0.793096769974061	5.49585523519405e-30	66.5396889094294	TRUE	TRUE
"9970"	"NR1I3"	-0.791795241828076	0.0296054625183219	0.00985628643908374	-0.791800142902823	-0.981024060956557	-0.602576224849088	1.29873026766424e-15	47.4457880784233	TRUE	TRUE
