gene_id	gene_symbol	primary_log2FC	primary_FDR	primary_I2	all_samples_log2FC	all_samples_CI_low	all_samples_CI_high	all_samples_FDR	all_samples_I2	all_samples_passes_primary_rule	same_direction
"10"	"NAT2"	-2.1160428478964	0.0475821076926532	92.4032572752838	-2.14610103520174	-3.31165037597228	-0.980551694431195	0.0407828280196201	93.1130736556032	TRUE	TRUE
"10067"	"SCAMP3"	0.722794317452814	0.035357906114152	82.3026486838981	0.710954896758807	0.393459568251624	1.02845022526599	0.0291437839095237	81.9903988063262	TRUE	TRUE
"10130"	"PDIA6"	0.691979499888907	0.0214610914486807	48.031974673812	0.662530221803714	0.536371826395465	0.788688617211964	0.0125914189673651	7.59895936077377	TRUE	TRUE
"10144"	"FAM13A"	-0.954015186631262	0.0158016047388783	54.9857481357503	-0.943868685922682	-1.1392476412574	-0.748489730587964	0.0130352695377189	57.1477125600045	TRUE	TRUE
"10171"	"RCL1"	-1.12620823977202	0.03284577080165	83.0289872104415	-1.1270515843282	-1.68008349699874	-0.574019671657659	0.0342884879164697	87.3231783105463	TRUE	TRUE
"10189"	"ALYREF"	0.592347798152028	0.0363612455553973	82.3230834345112	0.62864782779346	0.306403331467766	0.950892324119154	0.0422512916208421	91.0464680423711	TRUE	TRUE
"10196"	"PRMT3"	0.756697587960157	0.0160917557752165	32.8947681676467	0.784596071363856	0.596805332776676	0.972386809951035	0.0149823053796043	59.2967741830196	TRUE	TRUE
"10212"	"DDX39A"	0.867147313837141	0.0115802536922153	0	0.869201804417444	0.713444996758869	1.02495861207602	0.0123786712920906	27.4974399839537	TRUE	TRUE
"10247"	"RIDA"	-0.922277551263526	0.0201275389410464	45.8475509045109	-0.910731086509752	-1.15785829450887	-0.663603878510632	0.0168924929993181	33.6759504511908	TRUE	TRUE
"10351"	"ABCA8"	-1.07464041014092	0.0417358007106564	89.2521313168986	-1.08365309406955	-1.6396590737356	-0.5276471144035	0.0370183809869988	90.1328560024549	TRUE	TRUE
"10365"	"KLF2"	-0.689139363311842	0.0455525593600339	77.7519117382391	-0.661220984855073	-0.985343085095841	-0.337098884614304	0.0342854512806854	72.3528870083839	TRUE	TRUE
"10376"	"TUBA1B"	0.863244245163732	0.0270694017806083	76.0330669434695	0.913490057805987	0.644007294506305	1.18297282110567	0.0189783313554644	72.1449914231053	TRUE	TRUE
"10402"	"ST3GAL6"	-1.03513951528262	0.0294523728326812	81.740453047666	-1.02335323855219	-1.42897835681712	-0.617728120287263	0.0290422700077388	85.1760933761886	TRUE	TRUE
"10404"	"CPQ"	0.587313486987667	0.044161421281225	70.8960992810197	0.564426869272728	0.312928793054121	0.815924945491335	0.0342955829258471	57.9987047685529	FALSE	TRUE
"10430"	"TMEM147"	0.785625996404182	0.0197605699195567	30.5528629131384	0.756896202908875	0.611512484970596	0.902279920847154	0.0125914189673651	0.00402367677504514	TRUE	TRUE
"10449"	"ACAA2"	-0.805660746209632	0.0329225246412599	65.9958256597965	-0.824352858812003	-1.15217208265132	-0.496533634972687	0.0238699728682066	64.8274067851533	TRUE	TRUE
"10473"	"HMGN4"	0.728546551242466	0.0404752593413406	85.4977113815919	0.753301310937406	0.365416258123633	1.14118636375118	0.0371094863233958	88.4097676179448	TRUE	TRUE
"10584"	"COLEC10"	-1.12091144735805	0.0384589652605361	91.8434002639606	-1.17147700386164	-1.69782593774895	-0.645128069974331	0.0294904413935386	93.4094124071434	TRUE	TRUE
"10613"	"ERLIN1"	-0.63997475519628	0.01826882088407	40.0662291868762	-0.644447974541137	-0.745702264837919	-0.543193684244354	0.0114403861926839	0	TRUE	TRUE
"1063"	"CENPF"	0.920864484743691	0.0193055366359518	57.2642263612098	0.941650953875523	0.658059263012135	1.22524264473891	0.0154433154026684	57.1474103657345	TRUE	TRUE
"10643"	"IGF2BP3"	1.21678999697816	0.0107256483335024	0	1.25705709811404	1.0854050402368	1.42870915599129	0.00968871228088275	0	TRUE	TRUE
"10653"	"SPINT2"	-0.590344777288256	0.0394061194875442	0	-0.57941692354363	-0.897050863952496	-0.261782983134764	0.0414751175603448	19.5221606178444	FALSE	TRUE
"10747"	"MASP2"	-0.945356655392682	0.0285548138391325	36.5532470058568	-0.991335134013765	-1.27143761891858	-0.711232649108953	0.0142216024376729	0.0123866021674773	TRUE	TRUE
"10841"	"FTCD"	-1.34604611962437	0.0398601464367114	81.9964533593073	-1.44416372397771	-1.82312932851148	-1.06519811944395	0.0130352695377189	18.0549732751484	TRUE	TRUE
"10878"	"CFHR3"	-1.3577497442368	0.0245956291512756	53.4349412120879	-1.25378379625235	-1.61914222529316	-0.888425367211528	0.018486998760367	0	TRUE	TRUE
"10894"	"LYVE1"	-1.43954182815298	0.0351386340131252	87.330853824199	-1.42095265808349	-2.01236155572893	-0.82954376043806	0.030817481205925	87.3832304527346	TRUE	TRUE
"10923"	"SUB1"	0.600168043980239	0.0273291652661832	65.3965693581465	0.672177484362999	0.441166937167619	0.90318803155838	0.0237120920136825	70.8601944716423	TRUE	TRUE
"10963"	"STIP1"	0.639640413373651	0.0385018662795669	85.2915393741508	0.624170080202671	0.28687492778835	0.961465232616993	0.0404322755593837	86.2888189794083	TRUE	TRUE
"10974"	"ADIRF"	-1.67336498909767	0.02933888309067	50.0756653646498	-1.71927256020442	-2.39419593634514	-1.0443491840637	0.0286445234050828	62.2616741532841	TRUE	TRUE
"10979"	"FERMT2"	-0.688396909037766	0.0115802536922153	0	-0.699439925009733	-0.795016447732717	-0.603863402286749	0.00968871228088275	0	TRUE	TRUE
"10990"	"LILRB5"	-0.717900718511185	0.0477254595732651	91.9447724520407	-0.710630941172413	-1.09698631529478	-0.324275567050044	0.040824265265414	92.3710571942574	TRUE	TRUE
"11004"	"KIF2C"	0.753661922004625	0.0123928879613051	0.00926083516612286	0.756737381553363	0.550978168870108	0.962496594236618	0.0134592407684432	28.1292466394793	TRUE	TRUE
"11145"	"PLAAT3"	-0.907363746654007	0.0331119142209867	83.3988449395271	-0.907284795142807	-1.32575164453491	-0.488817945750707	0.0360439455760644	88.2316473832186	TRUE	TRUE
"11185"	"INMT"	-1.39564718387129	0.0468120451304627	90.5347466586384	-1.40467838304984	-2.15171884974447	-0.657637916355217	0.0393409838433538	90.7847692389081	TRUE	TRUE
"112483"	"SAT2"	-0.723303635675324	0.0192060376209246	45.748245603239	-0.799829026360337	-0.931379429626431	-0.668278623094242	0.0119354784754949	0	TRUE	TRUE
"112770"	"GLMP"	0.865261310003239	0.0107256483335024	0	0.873281660473548	0.781946378503014	0.964616942444082	0.00932974376051547	0	TRUE	TRUE
"112817"	"HOGA1"	-1.42909110909374	0.0243463972657534	73.9423911817381	-1.43507974161024	-1.93979459394372	-0.930364889276769	0.0243970025031401	77.855022446441	TRUE	TRUE
"11311"	"VPS45"	0.630212054438996	0.0463054557231985	88.8920296012556	0.596321383267087	0.351483803091071	0.841158963443102	0.0303307199510929	82.7878520589192	TRUE	TRUE
"113130"	"CDCA5"	1.20905950423708	0.0201881519180196	70.3622705715294	1.2498887273405	0.95073324309136	1.54904421158963	0.0149823053796043	61.2058787027663	TRUE	TRUE
"113675"	"SDSL"	-0.628000474056185	0.0351386340131252	18.6621145756229	-0.628039797457742	-0.877668506058768	-0.378411088856716	0.029104566560913	0.00326806912226111	TRUE	TRUE
"114897"	"C1QTNF1"	-0.711767025393906	0.0255756165411768	81.247055378173	-0.712146073898632	-0.973250727526425	-0.451041420270838	0.0259174143240101	86.0372713377777	TRUE	TRUE
"115353"	"LRRC42"	0.637937177006998	0.0338071787206911	58.2444214655321	0.66338370729446	0.349895963722944	0.976871450865976	0.0373855452965675	71.305348031766	TRUE	TRUE
"116238"	"TLCD1"	0.838440119015045	0.0265892017403729	52.3895038898417	0.848593552839886	0.550839380127627	1.14634772555214	0.0243653302826242	54.8432661565574	TRUE	TRUE
"1163"	"CKS1B"	1.16658624896275	0.0179356699323808	66.45482485411	1.19880190143314	0.887710455451808	1.50989334741448	0.0161400133953246	73.4532229471199	TRUE	TRUE
"116842"	"LEAP2"	-0.745261173018316	0.03325613161994	42.3055099660864	-0.779382999829109	-1.14733479099607	-0.411431208662143	0.0373340527652216	59.8905727999454	TRUE	TRUE
"119467"	"CLRN3"	-2.22024558298603	0.0302527384288224	76.278033820261	-2.18100209280189	-2.80778725497214	-1.55421693063164	0.018158093425294	61.67863430841	TRUE	TRUE
"123264"	"SLC51B"	0.654242979090132	0.0302677397227601	45.1289816418858	0.737790128360761	0.572510230594654	0.903070026126869	0.0137388729817185	0	TRUE	TRUE
"123879"	"DCUN1D3"	-0.681661177023691	0.0127759792996141	37.8602598026333	-0.69126236206569	-0.840159569377517	-0.542365154753863	0.013273408447276	59.1271749791838	TRUE	TRUE
"124"	"ADH1A"	-1.16139295462948	0.0443988379115687	71.6126079176	-1.18929208367296	-1.64735701703837	-0.731227150307557	0.0280156356231955	46.0571118235523	TRUE	TRUE
"124936"	"CYB5D2"	-0.747029587128837	0.0107256483335024	0	-0.761386565333923	-0.813725561033492	-0.709047569634354	0.00502390741375791	0	TRUE	TRUE
"126"	"ADH1C"	-1.87016915563914	0.0192060376209246	0	-2.02581900213808	-2.51158357666268	-1.54005442761348	0.0150501174793793	10.6971037091199	TRUE	TRUE
"126382"	"NR2C2AP"	0.60502833523762	0.0189508407128152	0.0441445871686039	0.603696673860183	0.428566690277027	0.778826657443339	0.0184213414621021	16.9987737547647	TRUE	TRUE
"126969"	"SLC44A3"	0.727744620306143	0.015234192590746	0	0.704945661652335	0.530685448255276	0.879205875049393	0.0154433154026684	0	TRUE	TRUE
"128061"	"C1orf131"	0.618204699939207	0.0107256483335024	0	0.663698910460617	0.550370885444401	0.777026935476833	0.0123485202994229	0	TRUE	TRUE
"128240"	"NAXE"	0.783555410334113	0.0243463972657534	73.4295237125815	0.765413627418939	0.532331894760126	0.998495360077753	0.0199784347748407	70.6629805349058	TRUE	TRUE
"128346"	"C1orf162"	-1.0024802936337	0.038466853844165	73.5038209061485	-0.948826580462945	-1.35532630808461	-0.54232685284128	0.0323476511283474	68.7365901534546	TRUE	TRUE
"129531"	"MITD1"	0.595438001816836	0.0226740972051733	50.974407424055	0.655212818192506	0.391104056922048	0.919321579462964	0.0297083792321598	77.0457503726443	TRUE	TRUE
"130"	"ADH6"	-1.18143324900199	0.0204871019546206	47.5714066466307	-1.27027428487021	-1.54343573161051	-0.997112838129903	0.0119354784754949	0.00167403449077435	TRUE	TRUE
"132158"	"GLYCTK"	-0.637961728728784	0.0385018662795669	34.5197895161296	-0.643452185998422	-0.873406410508613	-0.41349796148823	0.0249880655728127	6.91517857854326	TRUE	TRUE
"132671"	"SPATA18"	-0.756710316031603	0.025622457923278	76.6556884924882	-0.759002046979755	-1.02734953270237	-0.490654561257145	0.0245908069442353	77.9972526476672	TRUE	TRUE
"133686"	"NADK2"	-0.714056252356545	0.0202537951366368	0.0126110609837664	-0.710419621105036	-0.945288436793161	-0.47555080541691	0.0224282077210763	0.00351496499456353	TRUE	TRUE
"134526"	"ACOT12"	-1.1225130085351	0.0192060376209246	0	-1.19857356639307	-1.56437805838932	-0.832769074396834	0.0199784347748407	25.6233582460163	TRUE	TRUE
"134548"	"SOWAHA"	0.786257843673467	0.0231664314071635	0.0164987526018114	0.750927760726481	0.499037720041031	1.00281780141193	0.023048671822157	0.0103740203438799	TRUE	TRUE
"1369"	"CPN1"	-0.642231123835482	0.0284303245428039	31.4160601662401	-0.665220817166413	-0.921847231153221	-0.408594403179606	0.0229802151805612	24.6648509113804	TRUE	TRUE
"1373"	"CPS1"	-1.07617466464764	0.0378143586112641	34.9806058996058	-1.235133501254	-1.61998061392064	-0.850286388587357	0.0160290045049432	0.000990189245828108	TRUE	TRUE
"140809"	"SRXN1"	1.1520181734584	0.019055912442021	41.3944428043262	1.11796205018748	0.853853789742419	1.38207031063254	0.0145459082993753	17.9472299263596	TRUE	TRUE
"140828"	"LINC00261"	-0.881509426654241	0.0331473260826734	33.1618145990477	-0.935004148043362	-1.30909312354221	-0.560915172544517	0.0294186294229928	38.9113550449906	TRUE	TRUE
"142"	"PARP1"	0.606548317645185	0.0359856582262706	80.0970956195768	0.620672903958164	0.34025802274271	0.901087785173617	0.0297444180075499	78.1182636645243	TRUE	TRUE
"143941"	"TTC36"	-2.32571088864602	0.0385049319461766	95.7028090640233	-2.33630042365946	-3.41401970948762	-1.2585811378313	0.0360439455760644	96.7700338881015	TRUE	TRUE
"144193"	"AMDHD1"	-1.23683820694359	0.0438556324401874	76.4980644079292	-1.13025133865421	-1.43951548538494	-0.820987191923473	0.0171375347663044	0.00308763812438508	TRUE	TRUE
"144363"	"ETFRF1"	-0.627337478422432	0.0226928507758394	42.609882918311	-0.587856897965142	-0.797945716653387	-0.377768079276896	0.0249880655728127	44.4035027494195	TRUE	TRUE
"150468"	"CKAP2L"	0.91023848573921	0.0444167791768675	84.1623480501083	0.934613535159263	0.583365110641172	1.28586195967735	0.0269237136567271	76.5093115591371	TRUE	TRUE
"154467"	"CCDC167"	0.592316425299329	0.0189508407128152	39.9092594213181	0.59158155187689	0.46517867770796	0.71798442604582	0.013273408447276	18.7776205963184	TRUE	TRUE
"154661"	"RUNDC3B"	-0.952996989696355	0.037290842144754	60.2761719823799	-0.96437296733097	-1.26534195537995	-0.663403979281987	0.0208084299200535	22.1765751687617	TRUE	TRUE
"1548"	"CYP2A6"	-2.54231700046073	0.023434351427024	29.2161143903515	-2.55670720637219	-3.18178749762431	-1.93162691512007	0.021396643147651	16.0740957334846	TRUE	TRUE
"1557"	"CYP2C19"	-1.18712073425778	0.0476605195041904	79.1955260030846	-1.20669086664177	-1.86231201497471	-0.551069718308829	0.0408006157670088	83.69594452422	TRUE	TRUE
"1559"	"CYP2C9"	-1.7035066795717	0.0192060376209246	30.6376567941775	-1.7656584053293	-2.20045283867035	-1.33086397198825	0.0125914189673651	0.00101028392583576	TRUE	TRUE
"161247"	"FITM1"	-0.76316598378069	0.0328980491115953	80.6768245133286	-0.805024853626554	-1.16523403796219	-0.444815669290922	0.0344614662845712	86.2976271528059	TRUE	TRUE
"1634"	"DCN"	-1.48801011651214	0.0250136304978569	60.340047517167	-1.37686982953455	-1.66303048641893	-1.09070917265016	0.0114403861926839	5.12325003623231e-05	TRUE	TRUE
"1647"	"GADD45A"	-0.884609656029625	0.0209174434440978	29.278903970355	-0.89066884094514	-1.2424073048059	-0.538930377084384	0.0237120920136825	55.5557802878841	TRUE	TRUE
"166785"	"MMAA"	-0.653835674535683	0.0287343359437929	64.7288807192312	-0.668694666586594	-0.952640027350501	-0.384749305822688	0.0318469513726514	78.1125697352981	TRUE	TRUE
"170712"	"COX7B2"	1.28182303563469	0.0206186098478502	0	1.25678799100188	0.910714929103287	1.60286105290048	0.0173981511000153	0	TRUE	TRUE
"171425"	"CLYBL"	-0.694694437270741	0.0115802536922153	0	-0.677681603764326	-0.815437548448843	-0.539925659079809	0.0128442151453025	24.773569650009	TRUE	TRUE
"1723"	"DHODH"	-0.623022601426404	0.0296167478647228	44.110038045949	-0.603913311351307	-0.764517656428479	-0.443308966274136	0.013273408447276	0.0122025814841006	TRUE	TRUE
"1776"	"DNASE1L3"	-1.76942530814855	0.0418973475000115	95.2982849539781	-1.76403145647759	-2.69504404480862	-0.833018868146569	0.0387508547143691	96.0999675406941	TRUE	TRUE
"1786"	"DNMT1"	0.710644546958904	0.023434351427024	59.800233449171	0.727080374693551	0.465734606495679	0.988426142891423	0.0202264755622321	62.9158011456494	TRUE	TRUE
"187"	"APLNR"	-0.636186170364772	0.0243463972657534	32.6996134607519	-0.60718709126912	-0.803821647704015	-0.410552534834226	0.0217394788155945	24.224548486655	TRUE	TRUE
"1893"	"ECM1"	-1.48616825369422	0.0416629427462599	95.8287555189496	-1.47984572724783	-2.24400714609913	-0.715684308396524	0.0373354886078528	96.7509680480128	TRUE	TRUE
"1958"	"EGR1"	-1.60669261813708	0.0435654317396721	90.7166037543061	-1.61987630723321	-2.45290909929158	-0.786843515174849	0.0371090396776112	86.865574646368	TRUE	TRUE
"1969"	"EPHA2"	-0.758404783501373	0.0443988379115687	88.3423071259053	-0.761138356575918	-1.18001208460959	-0.342264628542241	0.0417818213317104	89.8822095295576	TRUE	TRUE
"197"	"AHSG"	-0.602227522429967	0.0167064636610921	0	-0.615475288909043	-0.810021033185079	-0.420929544633008	0.0164145003554598	0	TRUE	TRUE
"199920"	"FYB2"	-0.959441527900755	0.026395845439173	50.307837423532	-0.875708854018685	-1.17294957201085	-0.578468136026517	0.0233824358420756	29.6190112607545	TRUE	TRUE
"200845"	"KCTD6"	0.626438214653774	0.0115802536922153	0	0.641307107852756	0.55571022944913	0.726903986256382	0.00965568388752702	0	TRUE	TRUE
"201254"	"CENPX"	0.585420339567463	0.0110207519530077	0	0.544791593721067	0.464494280583972	0.625088906858162	0.0105305852270107	0	FALSE	TRUE
"201799"	"TMEM154"	-0.741373414196669	0.038466853844165	66.4191534341522	-0.723310728132245	-1.02956706559112	-0.417054390673369	0.0317205945501379	58.7892628486986	TRUE	TRUE
"201895"	"SMIM14"	-0.696498990351458	0.0375669709214474	68.5361570809724	-0.728578056313288	-1.00451033252208	-0.452645780104493	0.027195029017482	57.8954587571896	TRUE	TRUE
"203068"	"TUBB"	0.603657663508493	0.0421600846176225	78.9848174612648	0.590682860630051	0.255704290006938	0.925661431253164	0.0437747732853642	83.2090025412913	TRUE	TRUE
"203111"	"ERICH5"	0.681837083571612	0.0232306369190073	0	0.709578530294078	0.447569667883274	0.971587392704882	0.0262694364487203	19.6546693108547	TRUE	TRUE
"203427"	"SLC25A43"	0.649368960503364	0.0341332626016155	80.6305019868237	0.635928386992563	0.341428846251761	0.930427927733365	0.0362981081152945	82.9692679878961	TRUE	TRUE
"2058"	"EPRS1"	0.757352059865932	0.011985402737884	8.94234223388087	0.778381658817552	0.643385969604428	0.913377348030676	0.0123517825912117	28.3623360938093	TRUE	TRUE
"2114"	"ETS2"	-0.728701388513261	0.032509720331531	68.1964888000085	-0.796914978536208	-1.12958180202073	-0.464248155051686	0.0259789010700947	61.4388170269414	TRUE	TRUE
"2147"	"F2"	-0.723000723313057	0.0215047543954605	0.00701226011792613	-0.704651687797788	-0.992375645631065	-0.41692772996451	0.0250423488074301	21.4478956829208	TRUE	TRUE
"2160"	"F11"	-0.809096291542939	0.0235541760066957	39.6919635162287	-0.829457827337425	-1.04664104907073	-0.612274605604124	0.0130352695377189	0.0186144970684237	TRUE	TRUE
"217"	"ALDH2"	-1.194154974892	0.0297111503173376	75.6325823799578	-1.24011082424142	-1.61734070763989	-0.86288094084295	0.015615766081193	50.2718860207295	TRUE	TRUE
"2180"	"ACSL1"	-1.26682780646855	0.0115802536922153	0.0179480810313843	-1.31456830569114	-1.56304704460305	-1.06608956677923	0.0125914189673651	2.39814501468097	TRUE	TRUE
"2184"	"FAH"	-0.662421061517516	0.0192928478820556	0.66424822989672	-0.643311666855214	-0.984037779911998	-0.30258555379843	0.0390484547468852	70.7348236850388	TRUE	TRUE
"219"	"ALDH1B1"	-0.853027291860324	0.0427890648715499	82.2611615759758	-0.864816009700549	-1.29005037345144	-0.439581645949658	0.0342955829258471	77.1628422080979	TRUE	TRUE
"2195"	"FAT1"	0.90486196658154	0.0158964558365635	6.25871030022741	0.846618278009468	0.683694481614179	1.00954207440476	0.0125914189673651	0	TRUE	TRUE
"221078"	"NSUN6"	-0.701021678045437	0.0331473260826734	77.7176129887099	-0.723122544474477	-0.999592038730958	-0.446653050217995	0.0276309100988766	75.0301362447757	TRUE	TRUE
"221504"	"ZBTB9"	0.624715835448298	0.0202537951366368	63.1790804944997	0.611783216352307	0.424799452159216	0.798766980545397	0.0199784347748407	70.2152978824682	TRUE	TRUE
"2266"	"FGG"	-0.609406612738417	0.022197228255487	25.1968434932024	-0.628022845396361	-0.807772028172112	-0.448273662620611	0.0143466117630752	0	TRUE	TRUE
"2267"	"FGL1"	-0.650285037335959	0.0461819984108666	19.9049258272142	-0.486166832119536	-0.819657479492049	-0.152676184747022	0.06049098468364	17.0348323032893	FALSE	TRUE
"22822"	"PHLDA1"	-0.749756055180773	0.0418973475000115	74.7785450080505	-0.752124609296854	-1.12024815171959	-0.384001066874113	0.034185291768255	66.4058695512862	TRUE	TRUE
"22849"	"CPEB3"	-0.860842263401598	0.0348493189287085	81.1205763938445	-0.943150515141486	-1.24009541696812	-0.646205613314852	0.0163631498247866	65.8958462923787	TRUE	TRUE
"22889"	"KHDC4"	0.666462419152729	0.0304834200669758	67.927137817836	0.667337716306316	0.401422030901005	0.933253401711626	0.0291829418902086	66.3050603736742	TRUE	TRUE
"22977"	"AKR7A3"	-1.37118154693966	0.0270607022391699	68.4030050604358	-1.42047504864497	-1.87158013528241	-0.969369962007539	0.0210745169134045	67.4010449898683	TRUE	TRUE
"23086"	"EXPH5"	-0.82744199641843	0.0474749587573854	86.7405462628794	-0.878227845468273	-1.31293976206379	-0.443515928872756	0.0401216457519446	86.8469305363784	TRUE	TRUE
"23130"	"ATG2A"	-0.600384825996351	0.0418973475000115	81.5826920507321	-0.597146717722389	-0.870054041906388	-0.32423939353839	0.0354728474814651	80.7158725486784	TRUE	TRUE
"23234"	"DNAJC9"	0.62734229448629	0.0245956291512756	63.5048944334364	0.626581007714255	0.47963887251677	0.773523142911739	0.0143466117630752	36.3081136181628	TRUE	TRUE
"23240"	"TMEM131L"	-0.797294105975216	0.0107256483335024	0	-0.828081787163225	-0.896506392299874	-0.759657182026577	0.00558378340081214	0	TRUE	TRUE
"23316"	"CUX2"	-1.04737220622225	0.0179169203624088	1.86729837360708	-1.07569998204403	-1.34117355344966	-0.810226410638403	0.0154433154026684	9.03825072979062	TRUE	TRUE
"2354"	"FOSB"	-2.13804846608782	0.0360323115721519	91.215207154528	-2.13562170072579	-3.1835561189196	-1.08768728253197	0.0342884879164697	92.4061903917064	TRUE	TRUE
"23557"	"SNAPIN"	0.588661478766796	0.0235541760066957	58.5359487105955	0.619122103337079	0.417990196645082	0.820254010029076	0.0219251604715505	65.2311997171522	TRUE	TRUE
"23645"	"PPP1R15A"	-0.632323846607318	0.0313501630485988	61.4264775398427	-0.659291642634185	-0.99796767534754	-0.32061560992083	0.0370515868257748	73.1807257193975	TRUE	TRUE
"23710"	"GABARAPL1"	-0.927813587553224	0.0491047427774947	86.5532051186274	-0.924496794739859	-1.51938901768216	-0.329604571797559	0.0542150412166488	91.1297077612029	FALSE	TRUE
"23729"	"SHPK"	-0.691781920754739	0.020133384569272	70.2405893009427	-0.718761524479785	-0.945064803732346	-0.492458245227224	0.0209860717097424	76.6650480616225	TRUE	TRUE
"24137"	"KIF4A"	1.12941544547845	0.0421600846176225	91.285032455767	1.17284537194457	0.530346291573018	1.81534445231611	0.0414375454371687	93.8066134149534	TRUE	TRUE
"252839"	"TMEM9"	0.628784984796789	0.0107256483335024	0	0.607754206803711	0.514172015023575	0.701336398583847	0.0111201587657379	0	TRUE	TRUE
"252995"	"FNDC5"	-0.877335213949898	0.0370088281983207	50.1567078338452	-0.956118387383962	-1.45276678415708	-0.459469990610848	0.0430125472156317	69.7396265588826	TRUE	TRUE
"2542"	"SLC37A4"	-0.737328664952706	0.0469049727783672	72.3974326256285	-0.70098879414682	-1.0266634321414	-0.375314156152237	0.036519026675705	57.7839860310413	TRUE	TRUE
"254295"	"PHYHD1"	-0.907631361380325	0.0322829974321606	69.7907239204106	-0.903787773981786	-1.24018873374887	-0.5673868142147	0.0266673138914444	72.5226594100949	TRUE	TRUE
"254863"	"TMEM256"	-0.744053403345713	0.0115802536922153	0	-0.751862107438413	-0.841674733720651	-0.662049481156174	0.00941659797568599	0	TRUE	TRUE
"255043"	"TMEM86B"	-0.711562087436147	0.0245955112414832	17.7014342727394	-0.78247146352927	-0.990953735888091	-0.57398919117045	0.0166807981060215	2.28572729627025	TRUE	TRUE
"255167"	"LINC01018"	-0.973290486246649	0.0325188200302475	0	-1.18569473791927	-1.80843765052768	-0.562951825310868	0.0435492353825893	67.1895767810432	TRUE	TRUE
"256764"	"WDR72"	-0.898714393175533	0.0127759792996141	0	-0.905330024173439	-1.05686085445308	-0.753799193893793	0.0120407244932142	0	TRUE	TRUE
"25854"	"FAM149A"	-0.930829287139302	0.0343633978980987	78.3090013239453	-0.945536570735451	-1.30814434468077	-0.582928796790135	0.027882017495717	77.8455355635211	TRUE	TRUE
"25891"	"PAMR1"	-0.974651397760365	0.01826882088407	73.2317940176435	-0.984148202455897	-1.23615611963706	-0.732140285274734	0.0159042287160367	81.3275142029857	TRUE	TRUE
"25903"	"OLFML2B"	0.629426057186168	0.0407090452218885	61.7015453444353	0.70619091574183	0.359142915358198	1.05323891612546	0.0396135068165163	74.9240720975676	TRUE	TRUE
"259266"	"ASPM"	1.75681571137616	0.0127759792996141	44.2534994593213	1.72133919587686	1.11844716316859	2.32423122858514	0.0191769186641152	83.8205653883105	TRUE	TRUE
"25987"	"TSKU"	-0.761525907555659	0.0442480793245133	58.7471738270105	-0.791703583175578	-1.14429172758652	-0.439115438764635	0.0342955829258471	48.6923812190539	TRUE	TRUE
"26007"	"TKFC"	-1.39294328152507	0.0450895138919308	86.8790544605163	-1.35063440770835	-1.98344985919847	-0.717818956218238	0.0369945420428861	80.8553037992997	TRUE	TRUE
"26022"	"TMEM98"	0.621009792964563	0.0482249769148412	56.7799155516324	0.611861770525262	0.277243155707613	0.946480385342911	0.0466066841728018	61.3507854646253	TRUE	TRUE
"2617"	"GARS1"	0.657003125652263	0.0196395017563344	17.3433250367266	0.675188854473935	0.550349722852195	0.800027986095675	0.0125663523137871	0.00416447661893835	TRUE	TRUE
"26256"	"CABYR"	0.610066445255803	0.0379695637786571	48.2562707865529	0.545813658709121	0.382405321333415	0.709221996084827	0.0192819511130311	0.00583578578446173	FALSE	TRUE
"2639"	"GCDH"	-1.02879496587427	0.0483695809801275	90.340996135183	-1.10296794073408	-1.58496976981517	-0.620966111652984	0.0281822520083081	82.2492392084241	TRUE	TRUE
"2646"	"GCKR"	-1.11481309899654	0.0403714061893813	85.1920831374526	-1.16155776090456	-1.69269724969973	-0.630418272109398	0.0302307189550561	82.6086607920145	TRUE	TRUE
"26998"	"FETUB"	-0.882625793854712	0.0311681642244962	11.5517533611059	-0.921407508191557	-1.41413626354863	-0.428678752834489	0.0396504389317718	49.6997463748346	TRUE	TRUE
"27141"	"CIDEB"	-1.11397149852274	0.0273291652661832	56.1406433238712	-1.18900692554618	-1.56291177013576	-0.815102080956597	0.0163405084678936	36.9324950276851	TRUE	TRUE
"27163"	"NAAA"	-0.707102022513009	0.0115802536922153	7.68438894276342	-0.689482977673651	-0.780035302791047	-0.598930652556255	0.00965568388752702	0	TRUE	TRUE
"27289"	"RND1"	-0.638003132842401	0.0403714061893813	64.31862884743	-0.674465045479896	-1.05707611243543	-0.29185397852436	0.0437747732853642	75.4639933576306	TRUE	TRUE
"2806"	"GOT2"	-0.946275158759096	0.0299635747926304	70.6401239535663	-0.975651820649154	-1.44164960354401	-0.509654037754293	0.0325676964538044	83.2562477252614	TRUE	TRUE
"282969"	"FUOM"	-0.747916363366092	0.018117164584208	0.00447808854480389	-0.775804296718992	-0.962727742973541	-0.588880850464442	0.0151743902484187	0.00874869738121228	TRUE	TRUE
"283377"	"SPRYD4"	-0.93828132567924	0.0173036601171592	43.2921420567231	-0.973116276505463	-1.15428439146813	-0.791948161542799	0.0125914189673651	20.3310742664206	TRUE	TRUE
"283537"	"SLC46A3"	-1.37062712997461	0.0363612455553973	73.517142022401	-1.33343835337333	-1.92264902092453	-0.744227685822123	0.0339765564809779	69.9781557074926	TRUE	TRUE
"283600"	"SLC25A47"	-2.36726558158015	0.0305563824122931	79.7745511209882	-2.46116280362231	-3.41340451083469	-1.50892109640994	0.0280840128515304	85.9881422847949	TRUE	TRUE
"284013"	"VMO1"	-0.645958730229953	0.0344372248974622	86.2595730069223	-0.656915110519169	-0.963417580999268	-0.35041264003907	0.0366758137938162	88.631018602387	TRUE	TRUE
"284018"	"C17orf58"	0.585575810999466	0.037290842144754	72.5141723023829	0.576746614511165	0.390206896091699	0.763286332930631	0.0217177047410402	46.5107037218326	FALSE	TRUE
"284111"	"SLC13A5"	-1.50488058125036	0.0247451903331154	2.29272144579262	-1.56543049030904	-2.14797211940191	-0.982888861216173	0.0266673138914444	27.91957475467	TRUE	TRUE
"284422"	"SMIM24"	-1.81283727683259	0.0239592378310418	45.4400412816456	-1.73689065393357	-2.07262540576514	-1.40115590210199	0.0125914189673651	0.0095329900154786	TRUE	TRUE
"284904"	"SEC14L4"	-0.654835702087777	0.0427145952601135	32.4809637048337	-0.656032241480619	-0.941407343867342	-0.370657139093896	0.0330363675912831	25.26354250386	TRUE	TRUE
"285016"	"ALKAL2"	-0.880497748951084	0.0416629427462599	76.0977960589669	-0.894455378294306	-1.31201918163105	-0.476891574957559	0.03673108700475	78.6718717623339	TRUE	TRUE
"286053"	"NSMCE2"	1.01779324498236	0.0115802536922153	0	1.02088162217105	0.909979434753244	1.13178380958886	0.00932974376051547	0	TRUE	TRUE
"286410"	"ATP11C"	-0.590052838254415	0.017723721358359	28.8365921528533	-0.564256387751197	-0.706611159163103	-0.421901616339291	0.0156909038280113	23.2341355441039	FALSE	TRUE
"286499"	"FAM133A"	0.658836124287996	0.0455554636852857	32.4954934654266	0.688195960564254	0.341899753914656	1.03449216721385	0.040987853350194	40.951529281553	TRUE	TRUE
"28968"	"SLC6A16"	-0.694519309673792	0.017723721358359	41.4772912531295	-0.697205803875702	-0.913273525630629	-0.481138082120774	0.0159383755169442	44.8619895470802	TRUE	TRUE
"28970"	"C11orf54"	-0.662489101516232	0.0192060376209246	0.00347313769924895	-0.669513161338541	-0.858212621050675	-0.480813701626408	0.0177138050227713	0.00484082962902691	TRUE	TRUE
"29081"	"METTL5"	0.670838664180426	0.0463054557231985	85.8474188739225	0.720603444520238	0.327938387916808	1.11326850112367	0.0462030070389054	91.50097985704	TRUE	TRUE
"29085"	"PHPT1"	0.651247983212087	0.0444008343586313	79.6874192107953	0.628676584773936	0.373655540765333	0.883697628782538	0.0299499482332912	70.4626023900432	TRUE	TRUE
"29089"	"UBE2T"	1.56916673253117	0.020133384569272	80.5053287547882	1.61471047497057	1.08349544549254	2.14592550444859	0.0223553516897799	87.7513508783249	TRUE	TRUE
"29097"	"CNIH4"	0.690686283735737	0.0324207728300036	81.4583196028433	0.751158762977692	0.407212183872325	1.09510534208306	0.0355404017426034	87.3699523082178	TRUE	TRUE
"29899"	"GPSM2"	0.73273734938271	0.019391521939024	65.1298565130063	0.730946609709748	0.572124435345701	0.889768784073795	0.0120407244932142	34.6225221639302	TRUE	TRUE
"29901"	"SAC3D1"	0.654563768463305	0.0192060376209246	0.0174936812504038	0.694797018652927	0.476730211932324	0.912863825373529	0.0209302654344395	39.5454013061904	TRUE	TRUE
"29902"	"FAM216A"	0.632799815655993	0.0243061667252363	50.7548974443482	0.685060436482325	0.462412015558999	0.907708857405651	0.0219251604715505	59.957916597315	TRUE	TRUE
"2992"	"GYG1"	0.599235823873143	0.0161863061638947	0.0425795304471153	0.636392944939265	0.506422718442876	0.766363171435655	0.0129099420676142	0.00788240618655089	TRUE	TRUE
"29950"	"SERTAD1"	-0.721348762366709	0.0492978583006779	82.6235196934944	-0.734374857107158	-1.1910671589539	-0.277682555260419	0.0512826599309589	88.077627391317	FALSE	TRUE
"29958"	"DMGDH"	-0.894292651948564	0.0427180675803318	62.1341339060055	-0.892242552941461	-1.33590747034155	-0.448577635541376	0.0349416522817232	57.345540328612	TRUE	TRUE
"29968"	"PSAT1"	-0.692243644646195	0.0329832488358709	64.481739142509	-0.680897527223688	-0.93735814600012	-0.424436908447256	0.0270386507581573	61.6311355230118	TRUE	TRUE
"29974"	"A1CF"	-0.588040212186681	0.0115802536922153	0	-0.653885255867155	-0.706879793244679	-0.600890718489632	0.005537973235936	0	TRUE	TRUE
"3015"	"H2AZ1"	1.07055431874681	0.0179567466726547	45.383493310868	1.16685377783958	0.940355155552342	1.39335240012682	0.0125914189673651	38.1119156064403	TRUE	TRUE
"302"	"ANXA2"	0.936268755396114	0.0156838604691839	0.00568718957233933	0.952894751264371	0.75451737846341	1.15127212406533	0.0130352695377189	0.00233440604939182	TRUE	TRUE
"3020"	"H3-3A"	0.632215894089263	0.037290842144754	70.694601208546	0.602669489579404	0.274236487337217	0.931102491821591	0.0462030070389054	83.282340257209	TRUE	TRUE
"3033"	"HADH"	-0.688243040524525	0.01826882088407	0	-0.707075618845167	-0.846101797891718	-0.568049439798617	0.0125914189673651	0	TRUE	TRUE
"3043"	"HBB"	-1.2078660556363	0.0381589527724517	77.4725673558342	-1.11478411462796	-1.69285180675241	-0.536716422503518	0.0376376534362938	69.7937362166422	TRUE	TRUE
"3131"	"HLF"	-0.751313094535617	0.0115802536922153	0	-0.718939863302202	-0.860619407981591	-0.577260318622813	0.0105305852270107	0	TRUE	TRUE
"3155"	"HMGCL"	-0.865030891195144	0.0450964332061268	84.6946169344057	-0.926984614954956	-1.3428562679415	-0.511112961968412	0.0294186294229928	80.3060017854893	TRUE	TRUE
"319"	"APOF"	-2.61108830659584	0.0455525593600339	92.3408854769464	-2.68022600747801	-4.05617997342781	-1.30427204152822	0.0370264091747614	92.0068377095909	TRUE	TRUE
"3294"	"HSD17B2"	-1.08881372069727	0.0358204382963748	73.7695474210261	-1.09791859370384	-1.5906914967016	-0.60514569070609	0.0294186294229928	72.0063070228093	TRUE	TRUE
"3315"	"HSPB1"	0.875620019535034	0.0408084414644576	92.2485250764454	0.915268815510219	0.445458925017211	1.38507870600323	0.037023645266523	93.5762849706705	TRUE	TRUE
"3326"	"HSP90AB1"	1.02034167355242	0.0107256483335024	2.7456603753378	1.01678227196401	0.84389010046641	1.18967444346162	0.0123485202994229	33.3269117461615	TRUE	TRUE
"339324"	"ZNF260"	0.594755296425619	0.0454102396850823	71.8080406738119	0.631207564176171	0.35026292742805	0.912152200924291	0.0342884879164697	66.3616342677538	TRUE	TRUE
"339390"	"CLEC4G"	-2.95763133143369	0.0127759792996141	71.9283802999865	-2.99292363703464	-3.49253166817181	-2.49331560589748	0.0120407244932142	79.3190588170321	TRUE	TRUE
"3394"	"IRF8"	-0.766679693039561	0.0444167791768675	86.5573760043437	-0.767730227097295	-1.19495362290564	-0.340506831288954	0.0425625051703354	86.8978712429605	TRUE	TRUE
"3397"	"ID1"	-1.23628067825098	0.036851858112021	86.3532299112178	-1.22974948689265	-1.78520681049732	-0.674292163287982	0.0297444180075499	86.1817508595986	TRUE	TRUE
"3426"	"CFI"	-1.08237328846576	0.0166669859421557	1.59543757857712	-0.991166304678796	-1.25352271958479	-0.728809889772802	0.0165846551207041	10.4412153558536	TRUE	TRUE
"3486"	"IGFBP3"	-1.48298412936002	0.0428923787597669	88.3085757802886	-1.54499024637022	-2.28926811636358	-0.800712376376869	0.0330363675912831	87.3428110291726	TRUE	TRUE
"3491"	"CCN1"	-1.62439476749029	0.0127759792996141	17.7345442766672	-1.61177576911862	-1.85158460896149	-1.37196692927575	0.0105305852270107	4.89517124371671	TRUE	TRUE
"3654"	"IRAK1"	0.698023128913679	0.047092487805484	89.6803806447386	0.687463678395309	0.299241158664475	1.07568619812614	0.0434291854080269	91.3520551174453	TRUE	TRUE
"3697"	"ITIH1"	-0.837234776025658	0.0403853524769091	50.9450925116541	-0.902814147558716	-1.22265029740357	-0.582977997713866	0.0197052612523924	12.5926785129157	TRUE	TRUE
"37"	"ACADVL"	-0.633278022992717	0.0475135913773924	87.7801444644835	-0.671308757277194	-1.01884362720556	-0.323773887348825	0.0375418723364749	87.6857685185465	TRUE	TRUE
"3703"	"STT3A"	0.710896517115349	0.0158964558365635	19.7539512720292	0.734582592151802	0.584776474605612	0.884388709697992	0.012891466441403	28.4840484012601	TRUE	TRUE
"3712"	"IVD"	-0.749542133934207	0.0476605195041904	86.5244991341285	-0.791711273219344	-1.2027399632219	-0.380682583216788	0.0377390128275688	86.3281294233438	TRUE	TRUE
"3725"	"JUN"	-0.727570860525899	0.0435614504396545	83.2276872483288	-0.746234313840109	-1.16522009938663	-0.327248528293584	0.0430584711941706	84.6129945188232	TRUE	TRUE
"387103"	"CENPW"	1.3861553221052	0.0248923394779784	83.9838490324212	1.44085730200789	0.89241822334667	1.98929638066911	0.0274532469247696	89.4840365979591	TRUE	TRUE
"388323"	"GLTPD2"	-0.665519470000123	0.0281790446665833	39.0380184763482	-0.680753948102737	-0.894051597630664	-0.46745629857481	0.0208487115059597	31.8331666790479	TRUE	TRUE
"388753"	"COA6"	0.761109710648098	0.017723721358359	58.8945242910109	0.791580035042011	0.569959611015458	1.01320045906856	0.0176323532806141	68.0716926464574	TRUE	TRUE
"389432"	"SAMD5"	-0.839367663536335	0.0385018662795669	65.0899240287752	-0.841528025334054	-1.28956754438503	-0.393488506283076	0.0444901340485412	77.3483850393165	TRUE	TRUE
"389434"	"IYD"	-1.0996961499002	0.0144254850712544	0	-1.15331021802218	-1.41898142997996	-0.887639006064415	0.0142216024376729	10.1474285131938	TRUE	TRUE
"390"	"RND3"	-1.84002679379805	0.0107256483335024	0	-1.79758289678846	-1.89663946811375	-1.69852632546317	0.00347951313763492	0	TRUE	TRUE
"3915"	"LAMC1"	0.842704856131873	0.0465036340733059	83.8822381899195	0.889068131365599	0.424316021907306	1.35382024082389	0.0381436135646077	85.8200860498004	TRUE	TRUE
"3950"	"LECT2"	-1.72700380434014	0.0158964558365635	0.00119393305048188	-1.75405338289498	-2.21384081746786	-1.29426594832209	0.0130352695377189	0.0035933919520803	TRUE	TRUE
"3990"	"LIPC"	-1.09559789953326	0.0144254850712544	0.00548959913508562	-1.14468664887805	-1.37398075274518	-0.915392545010919	0.0105305852270107	0.0106323884171769	TRUE	TRUE
"401466"	"RBIS"	0.687770943977611	0.0127759792996141	0	0.751036361470183	0.516476933570552	0.985595789369814	0.0208084299200535	63.2458879414302	TRUE	TRUE
"401546"	"C9orf152"	0.622433749392112	0.0428123433710504	45.1532751273974	0.658218662501561	0.422673753294802	0.893763571708319	0.0250423488074301	6.84076370494944	TRUE	TRUE
"4060"	"LUM"	-0.72401345968857	0.0398601464367114	53.7062090744084	-0.612742070484862	-0.90642058562537	-0.319063555344354	0.0326711894865202	29.9353888720362	TRUE	TRUE
"4061"	"LY6E"	-1.48197052487203	0.041934629311689	89.3640977111718	-1.50539302348155	-2.27376545925488	-0.737020587708225	0.0366417460757109	88.9469667841855	TRUE	TRUE
"4153"	"MBL2"	-1.50680659050837	0.03284577080165	67.7654010020356	-1.5952160270971	-2.20190414841678	-0.988527905777429	0.0223553516897799	48.7659210210611	TRUE	TRUE
"4171"	"MCM2"	1.16819353142687	0.0427623746011218	84.0415005981113	1.22693012683368	0.932880427979704	1.52097982568765	0.0125914189673651	0.00526326483325983	TRUE	TRUE
"4172"	"MCM3"	0.939850045842014	0.0483778280333531	90.9483042161076	0.942101347053393	0.434429660798722	1.44977303330806	0.0402763911595619	90.1831666457664	TRUE	TRUE
"4201"	"MEA1"	0.652883221846822	0.0255721745479553	63.7379942868884	0.632825128095877	0.393148155883827	0.872502100307926	0.027195029017482	70.6022762807036	TRUE	TRUE
"4255"	"MGMT"	-0.762634645975592	0.0464577354369775	86.6316937754467	-0.784737082369786	-1.17941144604256	-0.390062718697013	0.0355404017426034	84.6608062983005	TRUE	TRUE
"432"	"ASGR1"	-0.622313697795153	0.0202639460887176	0.00465383693383589	-0.660237703207979	-0.870351996924379	-0.450123409491578	0.0166649358789524	0	TRUE	TRUE
"435"	"ASL"	-0.734171753409324	0.0478856240792214	83.3728190205085	-0.750497557925768	-1.1467360622132	-0.354259053638335	0.0387805029969595	82.0521753161355	TRUE	TRUE
"445"	"ASS1"	-1.31712864693411	0.0328980491115953	85.238230664078	-1.33977409391452	-1.84955922269558	-0.829988965133464	0.0274532469247696	84.4265542442882	TRUE	TRUE
"4493"	"MT1E"	-1.96433762736185	0.0491047427774947	92.5522645788971	-1.90601478634596	-2.99919784008838	-0.812831732603547	0.0447620368589478	91.6417451356585	TRUE	TRUE
"4494"	"MT1F"	-3.20439781048559	0.0225884394824362	82.1428112377232	-3.10213764346241	-4.10462776577266	-2.09964752115216	0.0217177047410402	79.1418048305822	TRUE	TRUE
"4499"	"MT1M"	-3.45840215453283	0.0115802536922153	33.8495656369347	-3.15704725643942	-3.71437714070285	-2.599717372176	0.0123786712920906	2.96292676950181	TRUE	TRUE
"4501"	"MT1X"	-2.62935018532037	0.0256649368834354	82.9272483709722	-2.58198141508907	-3.47982593751863	-1.68413689265951	0.0239766094436956	80.5738245621888	TRUE	TRUE
"4547"	"MTTP"	-1.19685429835727	0.0189508407128152	33.7181049778432	-1.14372622529946	-1.43371502911851	-0.853737421480409	0.015781834942266	26.6566825964998	TRUE	TRUE
"4616"	"GADD45B"	-1.09306222278845	0.0464818596675499	85.6961959535859	-1.07943361181816	-1.71397228367669	-0.444894939959637	0.0468680762900595	87.8481951982027	TRUE	TRUE
"4703"	"NEB"	0.706974242623122	0.0158016047388783	0.276873719932216	0.735806134504275	0.624450853672786	0.847161415335763	0.00932974376051547	0	TRUE	TRUE
"4758"	"NEU1"	0.978595181235468	0.0127759792996141	0	0.967394212608431	0.813645621030349	1.12114280418651	0.0114403861926839	0	TRUE	TRUE
"4783"	"NFIL3"	-0.610172365931913	0.025622457923278	49.1923964824653	-0.604843076340511	-0.803279094553516	-0.406407058127506	0.0173981511000153	11.4126935457977	TRUE	TRUE
"4860"	"PNP"	-0.743831389724769	0.0235541760066957	54.110776584097	-0.656115228633	-0.735434039702366	-0.576796417563634	0.00941659797568599	0	TRUE	TRUE
"4897"	"NRCAM"	0.647553948623051	0.0127759792996141	0	0.65070681542638	0.481043133389975	0.820370497462785	0.0130352695377189	0	TRUE	TRUE
"5050"	"PAFAH1B3"	0.816991557246348	0.0416629427462599	59.3907341665831	0.832018619082375	0.375763338468282	1.28827389969647	0.0414802378982806	70.3170014383631	TRUE	TRUE
"50808"	"AK3"	-0.592692876044834	0.043171032547501	72.3838581161284	-0.579916397373981	-0.867553706892617	-0.292279087855344	0.0347272050126573	63.9688726584727	FALSE	TRUE
"51001"	"MTERF3"	0.609931400781456	0.0161863061638947	3.02129046013641	0.652045298980835	0.481911845938262	0.822178752023407	0.01629980212437	38.5196422537365	TRUE	TRUE
"51018"	"RRP15"	0.701964701697754	0.0138847891656687	19.7115824199095	0.757661850587566	0.608098002127548	0.907225699047583	0.0125914189673651	30.2406221442128	TRUE	TRUE
"51026"	"GOLT1B"	0.736618286908892	0.0115802536922153	0	0.771357527967847	0.648015122550965	0.894699933384729	0.0114403861926839	0	TRUE	TRUE
"5105"	"PCK1"	-1.80518776938388	0.0244309271408705	45.5394622068535	-1.86743723955448	-2.82713407410144	-0.907740405007516	0.0370802976014306	71.3383604820716	TRUE	TRUE
"51066"	"SSUH2"	0.738657692805928	0.0493877979346011	71.4609776489488	0.744842630697238	0.38210604597378	1.1075792154207	0.03914783452065	63.7118062243994	TRUE	TRUE
"51126"	"NAA20"	0.645394781643035	0.0326050821527862	84.158645028548	0.637678282698622	0.390118536120184	0.88523802927706	0.0282137191244791	83.2777855681646	TRUE	TRUE
"51155"	"JPT1"	0.790376954442073	0.0107256483335024	0.0233501008054106	0.824857843863465	0.60260309974762	1.04711258797931	0.0168232584683488	58.5990319563825	TRUE	TRUE
"51175"	"TUBE1"	-0.679201927597444	0.0416629427462599	82.7500237898568	-0.678545544199426	-0.968947229036046	-0.388143859362805	0.0271740363227829	76.1903381645129	TRUE	TRUE
"5118"	"PCOLCE"	-0.972999630717017	0.031543962323982	54.6371747940859	-0.950980565978102	-1.32904464553304	-0.572916486423161	0.0238699728682066	41.6543572813152	TRUE	TRUE
"51192"	"CKLF"	0.785899215155587	0.0211488790393999	50.8567621532609	0.844289638349694	0.545033066605134	1.14354621009425	0.0247560410301806	70.6703284299396	TRUE	TRUE
"51266"	"CLEC1B"	-3.09195834918372	0.0107256483335024	0	-3.15606177850116	-3.34019254121914	-2.97193101578317	0.00347951313763492	0	TRUE	TRUE
"51302"	"CYP39A1"	-1.46231464165522	0.0453390502007312	91.0677347759437	-1.50136752745328	-2.23966790994153	-0.763067144965028	0.0342955829258471	90.4326864678114	TRUE	TRUE
"51312"	"SLC25A37"	-0.661389062134244	0.0181252972389415	37.6942739861053	-0.683319583278255	-0.926609426398361	-0.440029740158148	0.0249515934384998	69.06167434519	TRUE	TRUE
"51504"	"TRMT112"	0.669759646284521	0.0493404530146433	84.4355286525838	0.652243464264836	0.337153772973587	0.967333155556085	0.0385757795044878	82.3974914135703	TRUE	TRUE
"51506"	"UFC1"	0.78469618345431	0.0243463972657534	71.0762299364332	0.794353424570969	0.524940084861044	1.06376676428089	0.023343124264898	77.0146640467122	TRUE	TRUE
"51520"	"LARS1"	0.612226053782501	0.0107256483335024	0	0.593167708216358	0.555654155425479	0.630681261007237	0.00411592698910574	0	TRUE	TRUE
"51629"	"SLC25A39"	0.687888339264492	0.0107256483335024	0	0.669777712552719	0.564237247355969	0.77531817774947	0.0114403861926839	0	TRUE	TRUE
"51660"	"MPC1"	-0.930131739390454	0.0107256483335024	0	-0.931357305442263	-1.00476748176555	-0.857947129118977	0.005537973235936	0	TRUE	TRUE
"51678"	"PALS2"	0.635007502060884	0.0463054557231985	78.4360007771312	0.679360834708598	0.41903236564864	0.939689303768557	0.0278230072810125	61.1415363417875	TRUE	TRUE
"5174"	"PDZK1"	0.808034263842932	0.0223641102667666	54.106033686745	0.802273861008452	0.462188296627568	1.14235942538934	0.0268253731128096	68.7294121007583	TRUE	TRUE
"5342"	"PLGLB2"	-0.854252149275789	0.0386378144641048	68.6398026560432	-0.903688315713049	-1.32329888162802	-0.484077749798081	0.0443356691730885	80.8376627311143	TRUE	TRUE
"5345"	"SERPINF2"	-1.10609646378763	0.018880247642639	37.4276879571021	-1.11272424833952	-1.57075017710774	-0.654698319571298	0.0253269636695592	69.6652623890096	TRUE	TRUE
"5346"	"PLIN1"	-0.879829110239442	0.0459107749677009	80.0782606199589	-0.895245022452702	-1.37582910306037	-0.414660941845031	0.0452250795219492	86.0964473520021	TRUE	TRUE
"54102"	"CLIC6"	-0.718345305908593	0.0293205572719323	53.000196005671	-0.723883328269904	-0.995803671447678	-0.45196298509213	0.0269237136567271	59.6322865719036	TRUE	TRUE
"54206"	"ERRFI1"	-1.12146140416682	0.0273100173143949	74.0469657162727	-1.09019362900299	-1.43534661053748	-0.745040647468491	0.0210745169134045	58.3128784226502	TRUE	TRUE
"54463"	"RETREG1"	-1.08421507028959	0.018706817206495	0.00140748563122227	-1.11318266122107	-1.31913613881151	-0.907229183630623	0.0125663523137871	0.0100769701661868	TRUE	TRUE
"54499"	"TMCO1"	0.645041987810784	0.0192060376209246	41.5769479973744	0.67546628469898	0.469702401569568	0.881230167828392	0.0199784347748407	58.946675656902	TRUE	TRUE
"54566"	"EPB41L4B"	-0.623040729203138	0.0192060376209246	36.2718672705236	-0.653553943784332	-0.893171685573049	-0.413936201995616	0.0259174143240101	74.8742475955341	TRUE	TRUE
"5476"	"CTSA"	0.70055492538819	0.0205243490286644	38.3763222463742	0.647685126508709	0.395645483913977	0.899724769103442	0.0283246008293972	66.1485465885236	TRUE	TRUE
"54825"	"CDHR2"	-2.0016848017123	0.023449081276361	84.8035966039866	-1.97002710483012	-2.57825203640527	-1.36180217325496	0.0204417252796782	87.8089512834404	TRUE	TRUE
"54855"	"TENT5C"	-0.725037938634136	0.0396847148496947	36.798536804795	-0.716919864901367	-0.962771705300097	-0.471068024502637	0.0236342820407359	0.010068171450236	TRUE	TRUE
"54908"	"SPDL1"	0.666309622222655	0.0292349644738128	85.1844998385478	0.691172903069437	0.460726253835757	0.921619552303117	0.0228522105758209	83.6074037465493	TRUE	TRUE
"54923"	"LIME1"	-0.788276754796344	0.0162013228557696	0	-0.801930985346199	-0.962636671004951	-0.641225299687448	0.0125914189673651	0	TRUE	TRUE
"54981"	"NMRK1"	-0.706113457244554	0.0247419494648715	76.644260005393	-0.686197051311806	-0.882557077465077	-0.489837025158536	0.0180025785725078	65.407774542805	TRUE	TRUE
"55093"	"NTAQ1"	0.77601403897194	0.0336226816607828	81.8040810586581	0.776816431469233	0.456652772743458	1.09698009019501	0.0304902136801757	80.9086256455169	TRUE	TRUE
"55107"	"ANO1"	-0.986429810976533	0.0158964558365635	0	-0.987624111644736	-1.16317991928553	-0.81206830400394	0.0123786712920906	0	TRUE	TRUE
"55143"	"CDCA8"	0.685001641633629	0.0456540390504246	79.4351264672163	0.660457585617053	0.28746234069653	1.03345283053758	0.0434291854080269	82.6665673762683	TRUE	TRUE
"55157"	"DARS2"	0.689609587872744	0.0127759792996141	0	0.693727791067462	0.550413270099928	0.837042312034996	0.0130352695377189	23.9514942770379	TRUE	TRUE
"55165"	"CEP55"	0.996357167773312	0.015234192590746	0	1.10370255031322	0.730840058343301	1.47656504228313	0.023219901209632	72.5879494341115	TRUE	TRUE
"55166"	"CENPQ"	0.60438804915192	0.0357497053944241	80.500126653257	0.634671258795842	0.333481347249948	0.935861170341737	0.0376376534362938	84.9498420338991	TRUE	TRUE
"55204"	"GOLPH3L"	0.696178197940218	0.0447931034539627	89.6704543550491	0.684812427082437	0.30063735207122	1.06898750209365	0.0430125472156317	90.8551117098387	TRUE	TRUE
"55214"	"P3H2"	-0.800037393037997	0.041123919423221	91.072879987693	-0.812925516499682	-1.20469008803341	-0.421160944965952	0.0384730900440663	93.6534772095447	TRUE	TRUE
"55215"	"FANCI"	0.724559160223221	0.0196395017563344	63.6511057169066	0.773096720464486	0.534066714182445	1.01212672674653	0.0204797524507517	75.4498739096532	TRUE	TRUE
"55244"	"SLC47A1"	-0.659228076105214	0.0485895324677512	44.559328748953	-0.673824424224884	-1.02129417543471	-0.326354673015062	0.0425632677074496	45.2437909074946	TRUE	TRUE
"55246"	"CCDC25"	-0.594829067747415	0.0189508407128152	16.1255299140829	-0.518008254552375	-0.666447588265233	-0.369568920839518	0.0180501383099886	0	FALSE	TRUE
"55256"	"ADI1"	-0.597318446868208	0.0427424242886628	59.7496135766782	-0.62567043172454	-0.814955596914541	-0.43638526653454	0.0197905053399066	3.3217639541915	TRUE	TRUE
"55299"	"BRIX1"	0.587729375364791	0.0107256483335024	0	0.598264520228306	0.534824077420955	0.661704963035656	0.00932974376051547	0	TRUE	TRUE
"55337"	"SHFL"	-0.843427298991881	0.0305679559760907	71.3269271942113	-0.837188318413672	-1.25198218931138	-0.422394447515968	0.040207106268436	82.8483057235317	TRUE	TRUE
"55353"	"LAPTM4B"	1.39267473645742	0.0211921626739346	54.2742366102113	1.38920427959105	0.946285609052118	1.83212295012997	0.0211534635321947	58.684186218232	TRUE	TRUE
"55355"	"HJURP"	1.01441989888514	0.0193055366359518	58.5035746861878	0.966783392246086	0.794086223012029	1.13948056148014	0.0123786712920906	0.00763716558684137	TRUE	TRUE
"55502"	"HES6"	0.637139837490428	0.0245956291512756	61.0515688435164	0.634777630952693	0.32987910674788	0.939676155157505	0.0328684763609967	79.9581960649602	TRUE	TRUE
"55526"	"DHTKD1"	-0.683853366313665	0.0427180675803318	54.0440302827856	-0.714218821909737	-0.969126607085809	-0.459311036733666	0.0249797582588493	21.4717784870758	TRUE	TRUE
"55536"	"CDCA7L"	0.585872498656682	0.0247451903331154	46.7909339263663	0.576942914565032	0.31341058648585	0.840475242644214	0.0354728474814651	71.6296876316088	FALSE	TRUE
"55576"	"STAB2"	-1.3895747478662	0.0441632097174627	94.9968888574502	-1.40429964679743	-2.1365645935424	-0.672034700052459	0.0380179527568615	96.1071673025338	TRUE	TRUE
"55638"	"SYBU"	-0.699552930707679	0.0363612455553973	41.0755201225037	-0.744568845256593	-0.874470703329573	-0.614666987183613	0.0123786712920906	0	TRUE	TRUE
"55651"	"NHP2"	0.774181886892765	0.0162013228557696	39.9051479344058	0.786494263170538	0.580753291399856	0.992235234941219	0.0163405084678936	65.5980485031143	TRUE	TRUE
"55656"	"INTS8"	0.721719036128967	0.0344372248974622	79.2103382837182	0.768224107590705	0.5648922453924	0.971555969789011	0.0165846551207041	46.110911837486	TRUE	TRUE
"55732"	"FIRRM"	0.710514150160129	0.0464577354369775	77.8406139351815	0.746934520245275	0.320396313041635	1.17347272744892	0.049491125189644	87.1332385058896	TRUE	TRUE
"558"	"AXL"	-0.663996336227251	0.0162013228557696	21.6106605835271	-0.639801436070041	-0.823458813912034	-0.456144058228047	0.0143466117630752	46.6505178580833	TRUE	TRUE
"55872"	"PBK"	1.59494432765231	0.0430029439408911	89.6375930923852	1.70242777347668	0.743748287387205	2.66110725956615	0.0486729887662663	93.9429743118496	TRUE	TRUE
"55971"	"BAIAP2L1"	0.636107911824326	0.0285543725463636	35.3593595560856	0.654808170272633	0.407939308786171	0.901677031759096	0.0270663743480253	46.0042870711798	TRUE	TRUE
"55974"	"SLC50A1"	0.730725258807967	0.0115802536922153	0	0.711734741746262	0.637941484630665	0.78552799886186	0.00932974376051547	0	TRUE	TRUE
"56521"	"DNAJC12"	-0.977458029504112	0.0196395017563344	59.3649245208688	-1.06956060548571	-1.25098317789719	-0.888138033074228	0.00941659797568599	0	TRUE	TRUE
"56892"	"TCIM"	-1.9050010725229	0.0107256483335024	0	-1.83737233168119	-2.07660156646354	-1.59814309689885	0.00965568388752702	0	TRUE	TRUE
"5710"	"PSMD4"	0.762516971094027	0.0361588269628663	87.1379072433379	0.741261737510306	0.398582106931559	1.08394136808905	0.0306703372582775	87.5849464270492	TRUE	TRUE
"57149"	"LYRM1"	-0.699371459872506	0.0381589527724517	63.059492726938	-0.693676050524763	-0.901746229980954	-0.485605871068572	0.0193677537519536	32.5674094122913	TRUE	TRUE
"57211"	"ADGRG6"	-0.766968385447535	0.0107256483335024	0	-0.774309304285576	-0.834937271573341	-0.71368133699781	0.005537973235936	0	TRUE	TRUE
"57393"	"CLTRN"	-2.22703058847909	0.0468643619209187	93.7510776390531	-2.16977838660436	-3.15884331418696	-1.18071345902176	0.0354728474814651	93.1044770693904	TRUE	TRUE
"57406"	"ABHD6"	-0.744159262239815	0.0387552161541325	69.6892787798394	-0.764560798132101	-1.09108847459968	-0.43803312166452	0.0322509649018026	72.3777868299601	TRUE	TRUE
"5743"	"PTGS2"	-0.822569129807872	0.0484164484289692	85.3669958190791	-0.797053969830877	-1.22774161640524	-0.366366323256516	0.0404322755593837	78.5843746401068	TRUE	TRUE
"5745"	"PTH1R"	-1.25856254756091	0.0127759792996141	27.4555677869138	-1.28731308316569	-1.51455234848385	-1.06007381784752	0.0123786712920906	53.0555712145748	TRUE	TRUE
"57510"	"XPO5"	0.661320435274325	0.0319850876572599	76.1035603337089	0.645941958253953	0.380463580510719	0.911420335997186	0.0303307199510929	79.3107207210183	TRUE	TRUE
"57600"	"FNIP2"	-0.69264250154225	0.0385143951760701	59.3593814602423	-0.726809905316741	-1.14545470385231	-0.308165106781176	0.0501421381305552	83.5543888097588	FALSE	TRUE
"57643"	"ZSWIM5"	0.61192020480788	0.0336511556390817	78.5919332000106	0.623233344950079	0.333488354937645	0.912978334962513	0.0309305126856074	80.7839796429046	TRUE	TRUE
"57648"	"NHSL3"	0.587046190386111	0.0127759792996141	0	0.59690522102747	0.464779672956903	0.729030769098036	0.0135724751681941	29.471667283606	TRUE	TRUE
"57688"	"ZSWIM6"	-0.688546932983465	0.0194456570264658	51.865352624654	-0.623235130878503	-0.859943012803535	-0.386527248953472	0.0273486897387501	67.8558469521513	TRUE	TRUE
"57819"	"LSM2"	0.661336903184431	0.023679601394082	79.4765832541784	0.671907464859951	0.405461757740173	0.938353171979729	0.0237794614792206	83.0440596632776	TRUE	TRUE
"58478"	"ENOPH1"	0.604299239537235	0.0115802536922153	0	0.608763921590001	0.522546817448111	0.694981025731892	0.0100630273549545	0	TRUE	TRUE
"58528"	"RRAGD"	0.962006594554004	0.0115185784804488	0	0.97931971741612	0.875954730965842	1.0826847038664	0.00932974376051547	0	TRUE	TRUE
"5860"	"QDPR"	-0.667815668334347	0.0192060376209246	9.08387155002267	-0.73857842877253	-0.889597533377706	-0.587559324167355	0.0111201587657379	0.0298910332963719	TRUE	TRUE
"5931"	"RBBP7"	0.586457946810898	0.0443577079863043	81.5824657806159	0.615188743601429	0.299762667443645	0.930614819759214	0.0369945420428861	82.6193144048493	TRUE	TRUE
"59349"	"KLHL12"	0.621507465947563	0.040507193582482	81.4683512821289	0.608953538532427	0.351192417571338	0.866714659493517	0.0317205945501379	81.2923090360135	TRUE	TRUE
"5993"	"RFX5"	0.636224316933827	0.027263654433374	74.1274837803629	0.663875148995198	0.442717871513856	0.88503242647654	0.0176323532806141	69.3553491098182	TRUE	TRUE
"6132"	"RPL8"	0.652959788951495	0.0426826714619783	86.2993768009087	0.653725171900887	0.300089879758417	1.00736046404336	0.0404651838559648	86.9651194567311	TRUE	TRUE
"6156"	"RPL30"	0.717638530283282	0.0476676150152322	87.931156590569	0.744318440673555	0.330231779698469	1.15840510164864	0.0477519460969027	91.0085587435704	TRUE	TRUE
"6175"	"RPLP0"	0.641886999703667	0.0274914546197221	82.2652524308447	0.654159788036329	0.374560951614329	0.93375862445833	0.0271557574666117	84.0452720437266	TRUE	TRUE
"6227"	"RPS21"	0.858512021526757	0.0115802536922153	0	0.853039223565348	0.647197245624091	1.05888120150661	0.0151767508876589	52.5163114911317	TRUE	TRUE
"6296"	"ACSM3"	-1.39935184662258	0.0289092504517092	73.7909174305991	-1.39145426713196	-1.93036538434259	-0.852543149921327	0.0280840128515304	80.7324647857704	TRUE	TRUE
"6303"	"SAT1"	-0.589452475647762	0.0162013228557696	0	-0.516495507934749	-0.673993718164308	-0.358997297705191	0.0199784347748407	0	FALSE	TRUE
"6309"	"SC5D"	-0.703332375281895	0.0371188005555073	63.1306491148401	-0.63270917633889	-0.864671620505876	-0.400746732171904	0.0259174143240101	27.1434206342126	TRUE	TRUE
"6347"	"CCL2"	-1.13490660492001	0.0335358574938648	64.4075976356847	-1.08477473652928	-1.42025149706135	-0.749297975997217	0.0159042287160367	3.03302921351143	TRUE	TRUE
"6387"	"CXCL12"	-1.68873938762702	0.036600572588331	88.663666409259	-1.6439455231578	-2.39354150508275	-0.894349541232847	0.0301169584098513	88.0107433857334	TRUE	TRUE
"64151"	"NCAPG"	1.57330440894971	0.024804943569186	68.780679416422	1.60899457259764	0.937567431831462	2.28042171336382	0.0309220305882051	86.6760820356161	TRUE	TRUE
"6425"	"SFRP5"	-0.587605163798635	0.0488545063281813	82.4406830275778	-0.586961014505603	-0.941903244026404	-0.232018784984801	0.0491079497673223	85.5552139128831	TRUE	TRUE
"642946"	"FLVCR1-DT"	0.753657650113627	0.02933888309067	66.6227743000329	0.802984201883837	0.587118530271205	1.01884987349647	0.0167805725827144	49.4238900995691	TRUE	TRUE
"6447"	"SCG5"	-0.703696929747633	0.02933888309067	28.6894730277442	-0.538805218590318	-0.78091565129228	-0.296694785888355	0.0346493233437029	0.00123903111702906	FALSE	TRUE
"64651"	"CSRNP1"	-1.51764279278949	0.0250186030384493	69.7071930728243	-1.56255856656017	-2.12983704499657	-0.995280088123758	0.0255344293463059	78.7037882200897	TRUE	TRUE
"646962"	"HRCT1"	0.762991524599011	0.0440444050785244	66.2656778852887	0.746592103632976	0.44029510885564	1.05288909841031	0.0303307199510929	48.2229621102139	TRUE	TRUE
"64757"	"MTARC1"	-0.671208034205752	0.0484164484289692	43.1325505728312	-0.682969287848446	-1.00960017496386	-0.356338400733036	0.0380364532250642	30.7345501947834	TRUE	TRUE
"64785"	"GINS3"	0.608118450406104	0.0229797701361633	53.1274374773929	0.617334423343924	0.444206401527456	0.790462445160391	0.0176323532806141	46.3775715713783	TRUE	TRUE
"64838"	"FNDC4"	-0.730863721103537	0.0381222320264405	79.3153634537031	-0.720735187384953	-1.10563090299294	-0.335839471776968	0.039594405855754	84.5399640098628	TRUE	TRUE
"6491"	"STIL"	0.769678739400276	0.0361584317261305	82.8315485307023	0.775772717964991	0.390714025860627	1.16083141006935	0.0402763911595619	88.9393639619842	TRUE	TRUE
"65062"	"TMEM237"	0.748977946075405	0.0235541760066957	60.5205985643628	0.756828122837926	0.502389427623198	1.01126681805265	0.023048671822157	69.3212049909363	TRUE	TRUE
"65265"	"C8orf33"	0.910760759971173	0.0167986338784165	39.5752386002209	0.907989175634446	0.692596397968592	1.1233819533003	0.0146947841570571	48.8882115736885	TRUE	TRUE
"6631"	"SNRPC"	0.598008536718803	0.0204871019546206	61.6993675493755	0.588949628308738	0.336358724038724	0.841540532578752	0.0273215145034098	82.2726260229898	TRUE	TRUE
"6694"	"SPP2"	-1.71692805258778	0.0463054557231985	68.7791841763828	-1.77191919488114	-2.64278416440235	-0.901054225359928	0.0342955829258471	65.2867902648278	TRUE	TRUE
"6716"	"SRD5A2"	-1.66295981527771	0.0386345738477152	86.4107713724809	-1.80601647366319	-2.3060031818877	-1.30602976543869	0.0137388729817185	44.131108871191	TRUE	TRUE
"6781"	"STC1"	0.590796914280522	0.0428873301537611	72.8869671053078	0.587040192625315	0.269290328840756	0.904790056409874	0.0405126710867752	75.8764323489175	TRUE	TRUE
"6790"	"AURKA"	1.25889195207095	0.0331473260826734	82.920727834167	1.26847857276123	0.834837880762248	1.7021192647602	0.0236342820407359	74.2621131555876	TRUE	TRUE
"6799"	"SULT1A2"	-0.817484540689917	0.0285465565587813	78.6749158524445	-0.818472079657914	-1.15723277458328	-0.479711384732544	0.025633101674177	78.424705475164	TRUE	TRUE
"6894"	"TARBP1"	0.724594009570682	0.0349840707460782	82.9819301609937	0.72551425284788	0.405858612035749	1.04516989366001	0.0286007017588733	79.5929039053075	TRUE	TRUE
"6898"	"TAT"	-1.66731446442575	0.0415815036139529	76.32147090231	-1.74351618465983	-2.67247061368189	-0.814561755637764	0.0394205347217873	80.9620539352167	TRUE	TRUE
"6905"	"TBCE"	0.850644513700247	0.0366921601815725	86.6437024441317	0.809850339696924	0.406909935552117	1.21279074384173	0.0349416522817232	88.0342240169541	TRUE	TRUE
"6913"	"TBX15"	-1.02648636651222	0.0329584701409357	60.4517978999938	-1.05003695502625	-1.45365662378577	-0.646417286266743	0.0278822316026716	63.5588324539585	TRUE	TRUE
"6921"	"ELOC"	0.784950688503773	0.0110207519530077	0	0.846102345498621	0.682187418355084	1.01001727264216	0.0125914189673651	27.7705609753864	TRUE	TRUE
"6944"	"VPS72"	0.826854428790854	0.0265892017403729	76.2961938641536	0.834661123611669	0.480277905564737	1.1890443416586	0.0318469513726514	85.0149383507145	TRUE	TRUE
"7010"	"TEK"	-0.587537377739463	0.044910438205593	84.5319454066991	-0.598501145764526	-0.864072875343121	-0.332929416185932	0.0289431958389184	78.1810918047175	TRUE	TRUE
"7057"	"THBS1"	-0.791375180107484	0.0407522433763736	67.2145251892011	-0.786440707685602	-1.16438221667967	-0.408499198691536	0.0328684763609967	56.1957443131797	TRUE	TRUE
"714"	"C1QC"	-0.702156886487835	0.0386690957685092	36.4953744812023	-0.68487843963512	-1.0897009690944	-0.280055910175841	0.0518506380630296	57.005958964568	FALSE	TRUE
"730"	"C7"	-2.18664894795179	0.0363612455553973	87.9465470678932	-2.06877535062093	-3.05389644021784	-1.08365426102401	0.0324387670061255	86.2784998104216	TRUE	TRUE
"7429"	"VIL1"	0.613510247032336	0.0197605699195567	0	0.600145968586721	0.285503171144095	0.914788766029347	0.0383695281615749	45.3811827202722	TRUE	TRUE
"7443"	"VRK1"	0.617139939681817	0.0336603279292309	80.133945135947	0.656261674447505	0.341776235866571	0.970747113028439	0.0326711894865202	85.2990727846229	TRUE	TRUE
"7538"	"ZFP36"	-0.926962470197331	0.037725974171769	78.9195087099128	-0.982923973773992	-1.4445610070267	-0.521286940521286	0.0316962987365248	75.0758181358839	TRUE	TRUE
"7764"	"ZNF217"	0.603953013036935	0.0342233295263454	67.7413386729725	0.63836463597162	0.469305618015072	0.807423653928167	0.013273408447276	0.00234926939268856	TRUE	TRUE
"7802"	"DNALI1"	-0.625590517028958	0.0468145672485796	82.0911061676796	-0.633657268001448	-0.971459524979628	-0.295855011023268	0.0394205347217873	82.0610833881527	TRUE	TRUE
"7873"	"MANF"	0.752447696264514	0.0266651810017218	55.4300110961699	0.791075622135376	0.577180329413908	1.00497091485684	0.0168733991719395	39.9280717356101	TRUE	TRUE
"78989"	"COLEC11"	-1.10998028202925	0.0304834200669758	67.9828390454491	-1.1254781782759	-1.6350954868382	-0.615860869713604	0.0298273507969071	78.7298522631678	TRUE	TRUE
"79019"	"CENPM"	0.755749297614981	0.0127759792996141	0	0.769180782817177	0.59690300056663	0.941458565067724	0.0137388729817185	32.7983771127996	TRUE	TRUE
"79022"	"TMEM106C"	0.797697668548606	0.0166669859421557	30.8402973443039	0.837665713389249	0.644337100595586	1.03099432618291	0.0142216024376729	40.3059972052676	TRUE	TRUE
"79023"	"NUP37"	0.646616037452751	0.0416629427462599	86.2199205091413	0.656494676920409	0.306749888055166	1.00623946578565	0.0394205347217873	89.2488027346875	TRUE	TRUE
"79035"	"NABP2"	0.615502845108216	0.0192060376209246	55.3451211351583	0.571376234807407	0.398048780473877	0.744703689140936	0.019857258907301	53.7118513782264	FALSE	TRUE
"79080"	"CCDC86"	0.604123894517019	0.0305563824122931	63.0955361795364	0.59365992338138	0.350317873127355	0.837001973635404	0.0303102099078091	66.7095375135367	TRUE	TRUE
"79183"	"TTPAL"	-0.748533909451777	0.0204871019546206	31.2100282153984	-0.753457788418395	-0.931051273405826	-0.575864303430964	0.0144868569295572	5.87470043010494	TRUE	TRUE
"79573"	"TTC13"	0.595579429496864	0.0385018662795669	86.8276078555937	0.594532400425878	0.283750424550458	0.905314376301298	0.0381436135646077	88.9254564373838	TRUE	TRUE
"79658"	"ARHGAP10"	-0.988179285806172	0.0359820083347659	86.3613223388932	-0.98492696866345	-1.43833278780571	-0.531521149521194	0.0359615418110168	90.3879073725468	TRUE	TRUE
"79696"	"ZC2HC1C"	-0.616737899258808	0.0409158146004522	82.9735150481367	-0.62934529509766	-0.925288735755061	-0.333401854440259	0.0371090396776112	85.7305147412723	TRUE	TRUE
"79720"	"VPS37B"	-0.621133147275241	0.0192060376209246	0.021408631276203	-0.625144332819225	-0.770367874001062	-0.479920791637388	0.014335632142434	0.000143228840382726	TRUE	TRUE
"79974"	"CPED1"	-1.16858537980743	0.0427180675803318	92.354833948573	-1.13999133931527	-1.71616016191561	-0.563822516714928	0.0413815307298804	92.990792384597	TRUE	TRUE
"80303"	"EFHD1"	-0.761076781628179	0.0365893453404837	41.3033263604236	-0.817685773504068	-1.06110638290473	-0.574265164103408	0.0191769186641152	13.0187158485581	TRUE	TRUE
"80345"	"ZSCAN16"	0.614104282360982	0.0211977861384155	61.1235168311625	0.646439734443784	0.527782849915792	0.765096618971777	0.0125663523137871	16.5064752939911	TRUE	TRUE
"80765"	"STARD5"	-0.918527281342802	0.0348493189287085	85.3795397296744	-0.928907253116141	-1.30180425888857	-0.556010247343711	0.0295271783031393	84.4856634588794	TRUE	TRUE
"81609"	"SNX27"	0.638703682656331	0.0346319832157106	83.0875797171022	0.612021104077265	0.366033571556233	0.858008636598297	0.0243706153579919	72.3689425169512	TRUE	TRUE
"81610"	"FAM83D"	1.58892448083366	0.0239924629733819	76.3993069276866	1.59781762984382	1.10988725600536	2.08574800368229	0.0199784347748407	77.8228457608388	TRUE	TRUE
"81691"	"REXO5"	0.612057028194709	0.0201881519180196	35.1704009549515	0.625528569840169	0.393672230220026	0.857384909460313	0.0264108690165696	63.9806321190688	TRUE	TRUE
"8317"	"CDC7"	0.731432334192959	0.0468120451304627	83.5188474353642	0.781666235764761	0.316288472476137	1.24704399905339	0.047895611057292	89.1239184738349	TRUE	TRUE
"8318"	"CDC45"	1.01356862122313	0.03284577080165	84.3044995483418	1.04087525211245	0.64863727761815	1.43311322660675	0.0270618713918625	83.5124757750877	TRUE	TRUE
"8334"	"H2AC6"	0.787431335269511	0.0319850876572599	44.8414925683676	0.762527459052321	0.501098804659701	1.02395611344494	0.0236342820407359	0.00225067988330092	TRUE	TRUE
"83643"	"CCDC3"	-0.731106855078824	0.0480643462758048	73.3756404558053	-0.770554729293063	-1.15916694753455	-0.381942511051574	0.0358508987128419	75.7497986131549	TRUE	TRUE
"8365"	"H4C8"	0.755961352822337	0.032724962635739	63.1719125102193	0.744426628925776	0.502237403960917	0.986615853890635	0.021941634300879	39.7563263637762	TRUE	TRUE
"84134"	"TOMM40L"	0.796195470895499	0.0438971099026453	90.3594824070023	0.84981707086442	0.409946998102309	1.28968714362653	0.0428592137716173	92.4758155221349	TRUE	TRUE
"84141"	"EVA1A"	-0.778838715146136	0.0158964558365635	0	-0.778687216403745	-0.96469519168826	-0.592679241119229	0.0149462862797028	0	TRUE	TRUE
"84306"	"PDCD2L"	0.84453368300318	0.0219971291252141	55.7477239744662	0.844670551490913	0.53888883503112	1.15045226795071	0.0254223978364741	71.4572850077327	TRUE	TRUE
"8443"	"GNPAT"	0.729416115953798	0.0192060376209246	53.3020079954445	0.683927006178138	0.391492492080379	0.976361520275896	0.0271740363227829	76.9298561049425	TRUE	TRUE
"84450"	"ZNF512"	0.611850159972573	0.0226740972051733	56.3453007285424	0.613818048120859	0.398333326671429	0.829302769570289	0.0243653302826242	66.3764042606424	TRUE	TRUE
"84457"	"PHYHIPL"	0.748385886602203	0.0297111503173376	39.9136994956365	0.732281319169005	0.487003826235616	0.977558812102394	0.023048671822157	34.8748558992426	TRUE	TRUE
"84619"	"ZGPAT"	-1.62605520107251	0.0287588565772375	88.6862913910732	-1.59108209647234	-2.1634111448968	-1.01875304804788	0.0252069619634208	88.7112902246664	TRUE	TRUE
"84706"	"GPT2"	-1.38050050477162	0.0202537951366368	50.4593309483599	-1.52138358764069	-1.76285850304848	-1.27990867223291	0.0114403861926839	0	TRUE	TRUE
"84790"	"TUBA1C"	0.950372288827705	0.0262373322192413	74.7478253298689	0.973257667254671	0.746199351344436	1.20031598316491	0.0143466117630752	51.4851557415786	TRUE	TRUE
"84803"	"GPAT3"	-0.965323562307891	0.011581481292176	0	-0.958412841610875	-1.16580642031804	-0.751019262903714	0.013273408447276	7.18379326950315	TRUE	TRUE
"84836"	"ABHD14B"	-0.736171904354579	0.0162366345970167	29.7995984736449	-0.78952688057104	-0.979105734615328	-0.599948026526751	0.0150515530199022	48.7792460949386	TRUE	TRUE
"84869"	"CBR4"	-0.918447706021503	0.0284303245428039	78.5470723778237	-0.913947875035736	-1.22701067295241	-0.600885077119063	0.0236342820407359	73.3094787412712	TRUE	TRUE
"84870"	"RSPO3"	-1.3664615286645	0.0285543725463636	88.8096083228509	-1.37394403878765	-1.90688947289598	-0.840998604679313	0.0281822520083081	92.9523427494269	TRUE	TRUE
"84873"	"ADGRG7"	-1.58894256485326	0.0245956291512756	83.8449414707633	-1.57421064328593	-2.14400005970436	-1.0044212268675	0.0254223978364741	89.2160738088238	TRUE	TRUE
"84879"	"MFSD2A"	-1.29574681698132	0.0186947600647271	0.0263381975183472	-1.29536265014987	-1.61693975270594	-0.973785547593804	0.0154433154026684	3.77250663520423	TRUE	TRUE
"84886"	"C1orf198"	0.591456392269675	0.0158964558365635	0	0.528384628743194	0.331309719284413	0.725459538201974	0.026746848123493	36.2460572507379	FALSE	TRUE
"84928"	"TMEM209"	0.615073615373159	0.0290835767218815	75.4324503922467	0.654203159239244	0.368150519963792	0.940255798514696	0.0333165787996505	85.0745963745286	TRUE	TRUE
"84933"	"C8orf76"	0.682594614483162	0.0202537951366368	35.953705297721	0.736274470849899	0.537347003460449	0.935201938239349	0.0168553483730133	48.2962620101487	TRUE	TRUE
"84988"	"PPP1R16A"	0.64241938081857	0.0319850876572599	68.1344894265677	0.600786039123777	0.336799715927611	0.864772362319942	0.0284952885311839	63.5357688852203	TRUE	TRUE
"85236"	"H2BC12"	0.758908880639068	0.0250871842165154	21.7573894513935	0.773053791693419	0.471995789128778	1.07411179425806	0.0283752324320037	41.0286558534813	TRUE	TRUE
"8547"	"FCN3"	-2.82957207949223	0.0387552161541325	93.8030108275695	-2.87898493301977	-4.29787260775026	-1.46009725828928	0.0344614662845712	94.658800520107	TRUE	TRUE
"86"	"ACTL6A"	0.649919234729524	0.03284577080165	81.3240497826734	0.643771799845699	0.342425184726335	0.945118414965062	0.0314834357818557	85.7996133552678	TRUE	TRUE
"8608"	"RDH16"	-2.07466162682918	0.0160917557752165	31.805581865625	-2.07437393094243	-2.55360327876145	-1.59514458312341	0.0142216024376729	37.4838444242039	TRUE	TRUE
"8631"	"SKAP1"	-0.950647591317242	0.0189508407128152	49.3915313532484	-0.928025614206749	-1.19613025389148	-0.659920974522021	0.018291629685597	55.8298358870478	TRUE	TRUE
"8644"	"AKR1C3"	1.40401742418004	0.0115802536922153	18.8602545700743	1.43186074336973	1.27909167534342	1.58462981139604	0.00932974376051547	0	TRUE	TRUE
"8655"	"DYNLL1"	0.771267794443017	0.0294523728326812	66.614107167751	0.831967875962084	0.52401352318596	1.13992222873821	0.026381372436859	74.4036708564597	TRUE	TRUE
"8667"	"EIF3H"	0.656294807835636	0.0243463972657534	31.673092259172	0.68216827783579	0.437129823264877	0.927206732406702	0.0251664985209155	41.2095051429151	TRUE	TRUE
"8682"	"PEA15"	0.848203964055517	0.0417163733974418	83.7846061410276	0.86967999964582	0.491319365653968	1.24804063363767	0.0280648603060361	77.0008889462928	TRUE	TRUE
"8685"	"MARCO"	-1.9149730548817	0.0365036634489246	91.2072720155092	-1.92259116037202	-2.80761401012199	-1.03756831062204	0.0304902136801757	93.1254087125062	TRUE	TRUE
"875"	"CBS"	-0.845553526480472	0.0447030833663977	56.6225997754312	-0.858636915887141	-1.21124520633732	-0.506028625436959	0.0252921382886111	27.5204368240911	TRUE	TRUE
"8809"	"IL18R1"	-0.613150884253098	0.0417160698376938	82.1524437586019	-0.588910398392833	-0.89649354872003	-0.281327248065637	0.0380779011969134	80.069804849853	TRUE	TRUE
"8835"	"SOCS2"	-1.26343006687318	0.0487073581170946	85.9103922502665	-1.24680483827157	-1.99058222047961	-0.503027456063527	0.0479966714706278	89.1027485415325	TRUE	TRUE
"8872"	"CDC123"	0.721285736831537	0.0115802536922153	0	0.722952447703428	0.68214132944738	0.763763565959476	0.00347951313763492	0	TRUE	TRUE
"8910"	"SGCE"	0.822414031821415	0.0232306369190073	0.369421674852318	0.853686758717391	0.43111507736278	1.276258440072	0.0346493233437029	56.2424550806782	TRUE	TRUE
"9055"	"PRC1"	1.71855036072393	0.0417163733974418	92.3369619385968	1.77162371086532	0.878636840211305	2.66461058151934	0.0357849024015806	93.4024997525021	TRUE	TRUE
"90634"	"N4BP2L1"	-0.640803631975571	0.0287627514851275	62.8159876520352	-0.661414504714773	-0.875454167016589	-0.447374842412956	0.0217177047410402	54.9577337891299	TRUE	TRUE
"90864"	"SPSB3"	-0.666512140640604	0.0230194341631006	63.7977553252994	-0.677334014938846	-0.858697093142713	-0.495970936734979	0.0166807981060215	57.8314211258178	TRUE	TRUE
"91057"	"CCDC34"	0.673769729142434	0.0115802536922153	0	0.699567584178049	0.544332615186087	0.854802553170011	0.0135724751681941	47.5436017827596	TRUE	TRUE
"91404"	"SESTD1"	0.749697053968083	0.0209406253762991	64.9730884708962	0.740616685740443	0.521005655360536	0.960227716120351	0.0191575819561182	67.5304798522231	TRUE	TRUE
"9232"	"PTTG1"	1.620115360275	0.0162366345970167	56.9328201080576	1.65469657355449	1.24356084457675	2.06583230253224	0.0154433154026684	72.1013589275166	TRUE	TRUE
"92840"	"REEP6"	-0.938662779586642	0.0205180395093244	0.00463815311836524	-1.07903389642141	-1.4328320361278	-0.725235756715027	0.0222927967976805	37.2963412594454	TRUE	TRUE
"929"	"CD14"	-1.15236810445799	0.0307657778240864	72.7899417558871	-1.15591029994326	-1.66536495618236	-0.646455643704167	0.0286007017588733	77.4170527636603	TRUE	TRUE
"92912"	"UBE2Q2"	0.677866563077852	0.0361588269628663	51.9103601848198	0.75730607792742	0.473370843698163	1.04124131215668	0.0268545611323209	46.3389262045186	TRUE	TRUE
"93594"	"TBC1D31"	0.643666831251403	0.0443988379115687	82.4087958659888	0.691425859256819	0.399820349375081	0.983031369138556	0.0315952621997912	78.0991055654508	TRUE	TRUE
"9506"	"PAGE4"	1.067609529849	0.048970878426227	42.9081272115853	1.09201831162538	0.629858896825733	1.55417772642503	0.0317205945501379	9.66909608981513	TRUE	TRUE
"9510"	"ADAMTS1"	-0.64355756699782	0.019337320127881	0.00351853521419247	-0.619732610975456	-0.838060596950365	-0.401404625000548	0.0193677537519536	0.00318257518862535	TRUE	TRUE
"9719"	"ADAMTSL2"	-1.37032210959132	0.0270694017806083	71.5046365185106	-1.41711411709224	-1.92100958296197	-0.913218651222502	0.0249368719689906	75.1155775204923	TRUE	TRUE
"9761"	"MLEC"	0.588682210733195	0.0240086055561741	45.9275624138869	0.605455575297906	0.457303153194335	0.753607997401478	0.0154067129307673	19.2925540505598	TRUE	TRUE
"9775"	"EIF4A3"	0.597178837759451	0.0164663033173916	32.5182371774029	0.615803711906454	0.47142909694824	0.760178326864668	0.0143466117630752	49.2975505558147	TRUE	TRUE
"9787"	"DLGAP5"	1.26500438505643	0.0365211576818992	88.2737740441367	1.33650850855676	0.656839190174362	2.01617782693916	0.0417818213317104	92.8788678897241	TRUE	TRUE
"9793"	"CKAP5"	0.708877065008255	0.0115802536922153	0.0232749697065079	0.706791087958552	0.544488000633113	0.869094175283991	0.0142216024376729	39.775548344696	TRUE	TRUE
"9804"	"TOMM20"	0.6091920162121	0.0474343362810507	85.8211794782853	0.570787403485474	0.197745376859598	0.943829430111351	0.0556362977712879	87.5656321262279	FALSE	TRUE
"983"	"CDK1"	1.13088897007916	0.0450812447705729	91.6678589705553	1.19264929544581	0.536953739933541	1.84834485095808	0.0469254958391813	94.5051871918354	TRUE	TRUE
"9833"	"MELK"	1.11319743215957	0.0438971099026453	94.177244209384	1.14189928208332	0.500902765597815	1.78289579856882	0.043054597599192	95.593142267187	TRUE	TRUE
"9881"	"TRANK1"	-0.589169053791105	0.0484184122312727	84.0134693479138	-0.587410532258584	-0.883210248494834	-0.291610816022335	0.0410230034178357	84.7139224091837	TRUE	TRUE
"9897"	"WASHC5"	0.979393177553494	0.0173036601171592	44.3663664795679	0.998976133962372	0.773013831898539	1.2249384360262	0.0139033978653514	51.8103654569284	TRUE	TRUE
"9918"	"NCAPD2"	0.820621369357762	0.0127759792996141	0.00064953366949245	0.81742398183653	0.726349752262763	0.908498211410296	0.00941659797568599	0	TRUE	TRUE
"9920"	"KBTBD11"	-1.94440749823926	0.0245956291512756	86.2508083755868	-1.92322044769396	-2.53678199811893	-1.30965889726899	0.0211534635321947	84.6870428951019	TRUE	TRUE
"9928"	"KIF14"	0.839800020287221	0.0374556981731515	88.1452509770575	0.917323602168241	0.366115809769985	1.4685313945665	0.0530089844538043	94.798511901751	FALSE	TRUE
"994"	"CDC25B"	0.605471944570272	0.0375669709214474	69.1030020384912	0.6371559243818	0.359031568794331	0.915280279969269	0.0280840128515304	63.8165635740609	TRUE	TRUE
"9970"	"NR1I3"	-0.791795241828076	0.0296054625183219	0.00985628643908374	-0.829448701137478	-1.14337025609249	-0.515527146182462	0.0221777067638445	0.00288945034873429	TRUE	TRUE
